Customer ID,Customer Name,Segment,Region,State,City,Total_Orders,Total_Sales,Total_Profit,Avg_Discount,Last_Order_Date,Customer_Status,Record_Version
AA-10315,Alex Avila,Consumer,Central,Minnesota,Minneapolis,1,374.48,96.5,0.0,6/29/2017,Active,1
AA-10315,Alex Avila,Consumer,Central,Texas,Round Rock,1,4406.07,-747.1,0.2,3/3/2016,Active,1
AA-10315,Alex Avila,Consumer,East,New York,New York City,1,29.5,13.28,0.0,9/15/2014,Active,1
AA-10315,Alex Avila,Consumer,West,California,San Francisco,2,753.51,274.43,0.067,3/31/2014,Active,1
AA-10375,Allen Armold,Consumer,Central,Nebraska,Omaha,1,178.37,62.07,0.0,2/3/2015,Active,1
AA-10375,Allen Armold,Consumer,East,New York,New York City,1,149.87,42.36,0.067,12/11/2017,Active,1
AA-10375,Allen Armold,Consumer,East,Rhode Island,Providence,1,56.86,26.56,0.0,9/7/2017,Active,1
AA-10375,Allen Armold,Consumer,South,Georgia,Atlanta,1,513.52,121.25,0.0,11/14/2016,Active,1
AA-10375,Allen Armold,Consumer,South,Tennessee,Lebanon,1,84.96,6.37,0.2,11/13/2015,Active,1
AA-10375,Allen Armold,Consumer,West,Arizona,Mesa,1,16.77,1.47,0.2,7/10/2016,Active,1
AA-10375,Allen Armold,Consumer,West,California,Los Angeles,1,16.52,5.58,0.2,4/21/2014,Active,1
AA-10375,Allen Armold,Consumer,West,California,Rancho Cucamonga,1,34.27,11.14,0.2,10/24/2014,Active,1
AA-10375,Allen Armold,Consumer,West,Oregon,Salem,1,5.25,0.59,0.2,5/8/2015,Active,1
AA-10480,Andrew Allen,Consumer,Central,Michigan,Detroit,1,1157.98,328.68,0.0,8/26/2016,Active,1
AA-10480,Andrew Allen,Consumer,Central,Missouri,Springfield,1,589.52,91.82,0.0,7/17/2016,Active,1
AA-10480,Andrew Allen,Consumer,East,Connecticut,Middletown,1,27.46,9.89,0.0,5/4/2014,Active,1
AA-10480,Andrew Allen,Consumer,South,North Carolina,Concord,1,15.55,5.44,0.2,4/15/2017,Active,1
AA-10645,Anna Andreadi,Consumer,Central,Oklahoma,Oklahoma City,1,1971.46,439.31,0.0,11/17/2015,Active,1
AA-10645,Anna Andreadi,Consumer,East,Massachusetts,Lowell,1,327.56,97.68,0.0,12/1/2014,Active,1
AA-10645,Anna Andreadi,Consumer,East,Pennsylvania,Chester,1,1106.77,-20.04,0.333,6/22/2014,Active,1
AA-10645,Anna Andreadi,Consumer,South,Kentucky,Georgetown,1,291.74,79.04,0.0,9/4/2016,Active,1
AA-10645,Anna Andreadi,Consumer,West,California,San Diego,1,12.96,6.22,0.0,11/5/2017,Active,1
AA-10645,Anna Andreadi,Consumer,West,California,San Francisco,1,1376.44,255.59,0.038,7/4/2016,Active,1
AB-10015,Aaron Bergman,Consumer,Central,Oklahoma,Oklahoma City,1,563.94,116.87,0.0,11/10/2016,Active,1
AB-10015,Aaron Bergman,Consumer,Central,Texas,Arlington,1,12.62,-2.52,0.2,2/18/2014,Active,1
AB-10015,Aaron Bergman,Consumer,West,Washington,Seattle,1,309.59,15.0,0.067,3/7/2014,Active,1
AB-10060,Adam Bellavance,Home Office,Central,Indiana,Greenwood,1,240.15,115.51,0.0,11/5/2017,Active,1
AB-10060,Adam Bellavance,Home Office,East,New Hampshire,Concord,1,27.93,8.1,0.0,8/29/2016,Active,1
AB-10060,Adam Bellavance,Home Office,East,New York,New York City,1,4438.69,1453.43,0.08,9/1/2016,Active,1
AB-10060,Adam Bellavance,Home Office,East,Pennsylvania,Philadelphia,1,20.74,7.26,0.2,9/16/2017,Active,1
AB-10060,Adam Bellavance,Home Office,South,Virginia,Waynesboro,1,334.2,106.51,0.0,3/13/2016,Active,1
AB-10060,Adam Bellavance,Home Office,West,California,Los Angeles,1,79.99,28.8,0.0,5/7/2017,Active,1
AB-10060,Adam Bellavance,Home Office,West,Washington,Des Moines,1,18.54,8.71,0.0,9/18/2015,Active,1
AB-10060,Adam Bellavance,Home Office,West,Washington,Seattle,1,2595.39,326.27,0.067,11/6/2017,Active,1
AB-10105,Adrian Barton,Consumer,Central,Illinois,Bloomington,1,39.82,7.47,0.2,8/3/2017,Active,1
AB-10105,Adrian Barton,Consumer,Central,Indiana,Indianapolis,1,1107.66,498.52,0.0,12/20/2014,Active,1
AB-10105,Adrian Barton,Consumer,Central,Michigan,Detroit,1,9892.74,4946.37,0.0,12/17/2016,Active,1
AB-10105,Adrian Barton,Consumer,Central,Texas,Houston,1,671.0,-142.66,0.4,11/7/2015,Active,1
AB-10105,Adrian Barton,Consumer,Central,Texas,Pearland,1,470.38,52.92,0.2,6/5/2017,Active,1
AB-10105,Adrian Barton,Consumer,East,New York,New York City,1,117.96,5.9,0.0,2/2/2016,Active,1
AB-10105,Adrian Barton,Consumer,South,Kentucky,Henderson,1,843.84,224.45,0.0,11/19/2017,Active,1
AB-10105,Adrian Barton,Consumer,West,Arizona,Phoenix,2,985.47,-186.93,0.36,9/25/2016,Active,1
AB-10105,Adrian Barton,Consumer,West,Oregon,Portland,1,344.7,38.78,0.2,5/18/2017,Active,1
AB-10150,Aimee Bixby,Consumer,Central,Oklahoma,Tulsa,1,14.94,7.02,0.0,9/10/2015,Active,1
AB-10150,Aimee Bixby,Consumer,Central,Texas,Carrollton,1,138.7,0.46,0.3,11/19/2017,Active,1
AB-10150,Aimee Bixby,Consumer,Central,Texas,Dallas,1,15.55,5.44,0.2,1/31/2016,Active,1
AB-10150,Aimee Bixby,Consumer,East,New York,Long Beach,1,91.96,39.54,0.0,9/4/2017,Active,1
AB-10150,Aimee Bixby,Consumer,East,New York,Yonkers,1,705.56,261.19,0.04,3/5/2014,Active,1
AB-10165,Alan Barnes,Consumer,Central,Illinois,Decatur,1,37.3,-1.07,0.3,11/16/2014,Active,1
AB-10165,Alan Barnes,Consumer,East,Ohio,Toledo,1,118.32,28.92,0.2,4/14/2017,Active,1
AB-10165,Alan Barnes,Consumer,South,Tennessee,Lebanon,1,163.96,59.44,0.2,9/15/2017,Active,1
AB-10165,Alan Barnes,Consumer,West,California,Lakewood,1,94.2,39.56,0.0,3/30/2017,Active,1
AB-10165,Alan Barnes,Consumer,West,California,Los Angeles,2,613.58,83.07,0.04,6/25/2015,Active,1
AB-10165,Alan Barnes,Consumer,West,Colorado,Louisville,1,46.69,-2.92,0.2,5/10/2015,Active,1
AB-10165,Alan Barnes,Consumer,West,Washington,Bellevue,1,39.79,13.8,0.2,12/5/2017,Active,1
AB-10255,Alejandro Ballentine,Home Office,Central,Texas,Plano,1,13.62,3.57,0.2,6/26/2016,Active,1
AB-10255,Alejandro Ballentine,Home Office,East,New York,New York City,1,37.94,18.21,0.0,5/8/2015,Active,1
AB-10255,Alejandro Ballentine,Home Office,East,Ohio,Lorain,1,30.41,1.76,0.3,6/2/2017,Active,1
AB-10255,Alejandro Ballentine,Home Office,East,Pennsylvania,Philadelphia,1,53.23,16.13,0.2,12/3/2015,Active,1
AB-10255,Alejandro Ballentine,Home Office,South,Mississippi,Jackson,1,34.34,14.32,0.0,12/20/2016,Active,1
AB-10255,Alejandro Ballentine,Home Office,West,California,Los Angeles,2,499.66,96.49,0.1,7/22/2014,Active,1
AB-10255,Alejandro Ballentine,Home Office,West,New Mexico,Carlsbad,1,228.28,105.9,0.0,6/16/2017,Active,1
AB-10255,Alejandro Ballentine,Home Office,West,Washington,Seattle,1,17.05,8.18,0.0,10/23/2016,Active,1
AB-10600,Ann Blume,Corporate,Central,Illinois,Chicago,1,14.48,-23.89,0.8,11/18/2014,Active,1
AB-10600,Ann Blume,Corporate,South,North Carolina,Jacksonville,1,17.09,1.07,0.2,11/30/2015,Active,1
AB-10600,Ann Blume,Corporate,West,Arizona,Tucson,1,1475.05,-256.57,0.4,11/10/2017,Active,1
AB-10600,Ann Blume,Corporate,West,California,Los Angeles,1,9.24,4.44,0.0,2/18/2015,Active,1
AC-10420,Alyssa Crouse,Corporate,Central,Texas,Houston,1,162.16,-69.06,0.5,5/12/2017,Active,1
AC-10420,Alyssa Crouse,Corporate,East,Pennsylvania,Philadelphia,1,57.58,21.59,0.2,2/23/2016,Active,1
AC-10420,Alyssa Crouse,Corporate,West,California,San Francisco,1,706.06,-14.66,0.2,7/12/2014,Active,1
AC-10450,Amy Cox,Consumer,Central,Minnesota,Minneapolis,1,1793.98,843.17,0.0,10/3/2017,Active,1
AC-10450,Amy Cox,Consumer,East,New York,New York City,1,70.21,25.71,0.1,11/8/2015,Active,1
AC-10450,Amy Cox,Consumer,South,Florida,Pembroke Pines,1,24.07,-0.21,0.45,9/22/2016,Active,1
AC-10450,Amy Cox,Consumer,South,Florida,Tampa,1,11.67,-0.73,0.2,6/15/2015,Active,1
AC-10450,Amy Cox,Consumer,South,Louisiana,Lafayette,1,1665.62,33.31,0.0,12/19/2017,Active,1
AC-10450,Amy Cox,Consumer,West,Arizona,Avondale,1,742.34,83.51,0.2,10/31/2014,Active,1
AC-10450,Amy Cox,Consumer,West,Washington,Seattle,1,1219.96,381.24,0.2,11/24/2016,Active,1
AC-10615,Ann Chong,Corporate,Central,Texas,Beaumont,1,12.77,0.96,0.2,3/24/2017,Active,1
AC-10615,Ann Chong,Corporate,East,New York,New York City,1,2255.87,297.82,0.058,9/2/2017,Active,1
AC-10615,Ann Chong,Corporate,East,New York,Rochester,1,37.93,6.83,0.0,12/24/2017,Active,1
AC-10615,Ann Chong,Corporate,East,Pennsylvania,Philadelphia,1,150.76,-32.3,0.45,9/15/2015,Active,1
AC-10615,Ann Chong,Corporate,West,Washington,Seattle,1,80.36,25.52,0.1,2/23/2017,Active,1
AC-10660,Anna Chung,Consumer,Central,Indiana,Lawrence,1,35.88,16.15,0.0,9/22/2016,Active,1
AC-10660,Anna Chung,Consumer,Central,Texas,Huntsville,1,143.73,-32.34,0.2,3/23/2017,Active,1
AC-10660,Anna Chung,Consumer,East,Ohio,Parma,1,191.34,-4.97,0.25,10/15/2014,Active,1
AC-10660,Anna Chung,Consumer,West,California,San Francisco,2,286.37,-7.54,0.2,6/27/2016,Active,1
AD-10180,Alan Dominguez,Home Office,Central,Texas,Houston,1,600.56,-8.58,0.3,12/26/2014,Active,1
AD-10180,Alan Dominguez,Home Office,East,Connecticut,Fairfield,1,916.59,260.53,0.0,12/1/2017,Active,1
AD-10180,Alan Dominguez,Home Office,East,New York,New York City,1,15.48,4.49,0.0,7/4/2015,Active,1
AD-10180,Alan Dominguez,Home Office,East,New York,Yonkers,1,163.96,70.5,0.0,11/13/2017,Active,1
AD-10180,Alan Dominguez,Home Office,East,Pennsylvania,Philadelphia,2,56.95,7.09,0.2,6/14/2015,Active,1
AD-10180,Alan Dominguez,Home Office,West,California,San Francisco,1,163.96,80.34,0.0,4/30/2017,Active,1
AD-10180,Alan Dominguez,Home Office,West,Montana,Great Falls,1,4189.38,1455.55,0.0,1/22/2017,Active,1
AF-10870,Art Ferguson,Consumer,Central,Illinois,Chicago,2,112.6,-45.01,0.5,5/6/2016,Active,1
AF-10870,Art Ferguson,Consumer,Central,Texas,College Station,1,233.06,-53.27,0.3,11/19/2017,Active,1
AF-10870,Art Ferguson,Consumer,East,New Jersey,Passaic,1,1562.09,356.82,0.05,5/22/2016,Active,1
AF-10870,Art Ferguson,Consumer,South,Florida,Homestead,1,47.33,14.87,0.2,11/18/2017,Active,1
AF-10870,Art Ferguson,Consumer,West,California,San Clemente,1,90.06,42.54,0.1,4/23/2016,Active,1
AF-10870,Art Ferguson,Consumer,West,California,San Francisco,1,7.78,2.02,0.0,12/6/2015,Active,1
AF-10885,Art Foster,Consumer,East,Ohio,Fairfield,1,63.92,-46.88,0.7,9/12/2014,Active,1
AF-10885,Art Foster,Consumer,East,Ohio,Toledo,1,53.7,-5.75,0.2,11/10/2016,Active,1
AF-10885,Art Foster,Consumer,East,Pennsylvania,Philadelphia,1,372.28,-211.68,0.35,5/10/2014,Active,1
AF-10885,Art Foster,Consumer,South,Kentucky,Louisville,1,371.66,101.19,0.0,10/13/2015,Active,1
AG-10270,Alejandro Grove,Consumer,Central,Nebraska,Omaha,1,2374.73,696.29,0.0,9/13/2016,Active,1
AG-10270,Alejandro Grove,Consumer,East,Massachusetts,Lawrence,1,37.68,16.96,0.0,9/20/2015,Active,1
AG-10270,Alejandro Grove,Consumer,East,New York,New York City,1,99.98,8.0,0.0,7/23/2014,Active,1
AG-10270,Alejandro Grove,Consumer,East,Pennsylvania,Philadelphia,1,15.01,1.5,0.2,3/27/2017,Active,1
AG-10270,Alejandro Grove,Consumer,West,Utah,West Jordan,1,55.5,9.99,0.0,5/13/2014,Active,1
AG-10300,Aleksandra Gannaway,Corporate,East,Massachusetts,Franklin,1,81.94,20.48,0.0,12/5/2016,Active,1
AG-10300,Aleksandra Gannaway,Corporate,West,California,Los Angeles,1,248.57,28.74,0.2,4/26/2014,Active,1
AG-10300,Aleksandra Gannaway,Corporate,West,California,San Francisco,1,5.96,1.67,0.0,9/3/2017,Active,1
AG-10300,Aleksandra Gannaway,Corporate,West,Nevada,Las Vegas,1,31.08,8.39,0.0,11/19/2015,Active,1
AG-10330,Alex Grayson,Consumer,Central,Oklahoma,Tulsa,1,248.82,61.74,0.0,8/3/2016,Active,1
AG-10330,Alex Grayson,Consumer,Central,Texas,Houston,1,108.13,25.82,0.4,12/22/2017,Active,1
AG-10330,Alex Grayson,Consumer,South,North Carolina,Charlotte,1,12.67,1.43,0.2,12/18/2017,Active,1
AG-10330,Alex Grayson,Consumer,West,Arizona,Mesa,1,182.55,-135.09,0.5,12/22/2017,Active,1
AG-10330,Alex Grayson,Consumer,West,California,Stockton,1,108.8,40.96,0.1,12/10/2017,Active,1
AG-10390,Allen Goldenen,Consumer,East,New York,New York City,1,14.4,7.06,0.0,9/3/2014,Active,1
AG-10390,Allen Goldenen,Consumer,East,Ohio,Cincinnati,1,32.75,-7.41,0.533,11/20/2016,Active,1
AG-10390,Allen Goldenen,Consumer,South,Tennessee,Knoxville,1,4.7,0.41,0.2,12/1/2016,Active,1
AG-10390,Allen Goldenen,Consumer,South,Virginia,Arlington,1,129.33,60.92,0.0,4/19/2014,Active,1
AG-10390,Allen Goldenen,Consumer,West,California,Los Angeles,1,19.76,8.3,0.0,9/7/2017,Active,1
AG-10495,Andrew Gjertsen,Corporate,Central,Michigan,Detroit,1,542.18,163.92,0.05,11/11/2015,Active,1
AG-10495,Andrew Gjertsen,Corporate,Central,Texas,Houston,1,373.28,-60.4,0.233,10/24/2015,Active,1
AG-10495,Andrew Gjertsen,Corporate,East,Pennsylvania,Philadelphia,1,114.38,24.65,0.2,10/13/2017,Active,1
AG-10495,Andrew Gjertsen,Corporate,South,Florida,Saint Petersburg,1,937.61,96.51,0.271,6/8/2015,Active,1
AG-10495,Andrew Gjertsen,Corporate,South,Virginia,Alexandria,1,192.22,69.2,0.0,1/4/2015,Active,1
AG-10495,Andrew Gjertsen,Corporate,West,Arizona,Peoria,1,174.3,-5.36,0.2,10/26/2015,Active,1
AG-10495,Andrew Gjertsen,Corporate,West,California,Los Angeles,1,19.3,6.03,0.2,10/20/2016,Active,1
AG-10495,Andrew Gjertsen,Corporate,West,Washington,Seattle,1,3.59,1.12,0.2,10/23/2015,Active,1
AG-10525,Andy Gerbode,Corporate,Central,Texas,Houston,1,559.71,-121.27,0.4,9/2/2014,Active,1
AG-10525,Andy Gerbode,Corporate,East,New York,New York City,1,654.77,-80.68,0.12,9/7/2015,Active,1
AG-10525,Andy Gerbode,Corporate,South,Florida,Saint Petersburg,1,193.94,27.74,0.2,8/9/2014,Active,1
AG-10525,Andy Gerbode,Corporate,South,Virginia,Richmond,1,46.62,21.45,0.0,9/6/2015,Active,1
AG-10675,Anna Gayman,Consumer,Central,Texas,Allen,1,259.94,-25.99,0.25,5/7/2015,Active,1
AG-10675,Anna Gayman,Consumer,Central,Texas,Houston,1,2620.94,-345.62,0.23,9/8/2016,Active,1
AG-10675,Anna Gayman,Consumer,Central,Wisconsin,Milwaukee,1,13.48,1.89,0.0,9/7/2017,Active,1
AG-10675,Anna Gayman,Consumer,South,Georgia,Columbus,1,79.0,27.88,0.0,9/24/2017,Active,1
AG-10675,Anna Gayman,Consumer,South,North Carolina,Concord,1,405.34,64.05,0.2,1/14/2016,Active,1
AG-10675,Anna Gayman,Consumer,South,North Carolina,Jacksonville,1,61.22,8.29,0.2,7/29/2017,Active,1
AG-10675,Anna Gayman,Consumer,South,Virginia,Salem,1,49.12,23.09,0.0,6/9/2017,Active,1
AG-10765,Anthony Garverick,Home Office,Central,Illinois,Chicago,1,40.85,-66.01,0.8,10/14/2017,Active,1
AG-10765,Anthony Garverick,Home Office,Central,Indiana,Lawrence,1,10.74,5.16,0.0,11/9/2015,Active,1
AG-10765,Anthony Garverick,Home Office,East,Pennsylvania,Philadelphia,1,5.89,-4.12,0.7,9/17/2014,Active,1
AG-10765,Anthony Garverick,Home Office,South,Virginia,Hampton,1,113.1,56.55,0.0,6/9/2015,Active,1
AG-10900,Arthur Gainer,Consumer,Central,Illinois,Chicago,1,177.9,-9.21,0.25,9/13/2015,Active,1
AG-10900,Arthur Gainer,Consumer,Central,Texas,Dallas,1,108.4,-105.69,0.6,9/3/2017,Active,1
AG-10900,Arthur Gainer,Consumer,Central,Wisconsin,Eau Claire,1,1085.87,209.27,0.0,12/8/2016,Active,1
AG-10900,Arthur Gainer,Consumer,East,Connecticut,Waterbury,1,253.03,43.09,0.0,5/17/2016,Active,1
AG-10900,Arthur Gainer,Consumer,East,Pennsylvania,Philadelphia,1,6.91,2.51,0.2,12/19/2015,Active,1
AG-10900,Arthur Gainer,Consumer,South,Florida,Coral Springs,1,318.96,-14.22,0.2,5/1/2017,Active,1
AG-10900,Arthur Gainer,Consumer,South,Virginia,Richmond,1,177.55,47.94,0.0,9/25/2017,Active,1
AG-10900,Arthur Gainer,Consumer,West,Arizona,Tucson,1,1520.38,144.46,0.325,7/23/2014,Active,1
AG-10900,Arthur Gainer,Consumer,West,California,Los Angeles,1,128.52,41.37,0.0,12/27/2015,Active,1
AG-10900,Arthur Gainer,Consumer,West,California,San Diego,1,733.28,-15.83,0.167,9/5/2015,Active,1
AH-10030,Aaron Hawkins,Corporate,East,New York,New York City,1,53.67,20.17,0.0,12/31/2014,Active,1
AH-10030,Aaron Hawkins,Corporate,East,New York,Troy,1,257.75,124.79,0.1,4/22/2014,Active,1
AH-10030,Aaron Hawkins,Corporate,East,Pennsylvania,Philadelphia,1,18.7,2.34,0.2,12/18/2017,Active,1
AH-10030,Aaron Hawkins,Corporate,South,Mississippi,Gulfport,1,86.45,38.04,0.0,3/20/2016,Active,1
AH-10030,Aaron Hawkins,Corporate,West,California,Los Angeles,1,287.46,24.8,0.1,5/13/2014,Active,1
AH-10030,Aaron Hawkins,Corporate,West,California,San Francisco,2,1040.67,155.08,0.133,12/27/2015,Active,1
AH-10075,Adam Hart,Corporate,Central,Texas,Arlington,1,217.44,11.93,0.2,12/17/2016,Active,1
AH-10075,Adam Hart,Corporate,East,New York,New York City,1,841.57,294.55,0.2,9/15/2016,Active,1
AH-10075,Adam Hart,Corporate,East,Ohio,Columbus,1,3.01,0.34,0.2,12/21/2015,Active,1
AH-10075,Adam Hart,Corporate,East,Pennsylvania,Chester,1,199.49,-49.25,0.45,9/25/2017,Active,1
AH-10075,Adam Hart,Corporate,East,Rhode Island,Cranston,1,1169.98,-54.12,0.1,10/23/2017,Active,1
AH-10075,Adam Hart,Corporate,South,Georgia,Atlanta,1,12.84,3.72,0.0,11/26/2017,Active,1
AH-10075,Adam Hart,Corporate,South,Tennessee,Knoxville,1,342.24,-25.26,0.2,5/19/2017,Active,1
AH-10075,Adam Hart,Corporate,West,California,Huntington Beach,1,5.22,2.4,0.0,11/16/2014,Active,1
AH-10075,Adam Hart,Corporate,West,California,Los Angeles,1,262.1,26.15,0.0,6/26/2016,Active,1
AH-10075,Adam Hart,Corporate,West,Nevada,Henderson,1,196.45,70.72,0.0,4/15/2017,Active,1
AH-10120,Adrian Hane,Home Office,Central,Illinois,Aurora,1,50.12,-0.63,0.2,6/30/2016,Active,1
AH-10120,Adrian Hane,Home Office,Central,Texas,Dallas,1,5.25,0.59,0.2,10/31/2017,Active,1
AH-10120,Adrian Hane,Home Office,Central,Texas,Houston,1,169.19,51.33,0.5,7/2/2017,Active,1
AH-10120,Adrian Hane,Home Office,South,Kentucky,Louisville,1,201.09,58.19,0.0,8/17/2017,Active,1
AH-10120,Adrian Hane,Home Office,West,Arizona,Tucson,1,259.14,-25.91,0.2,7/18/2014,Active,1
AH-10120,Adrian Hane,Home Office,West,California,San Francisco,1,440.31,212.82,0.0,4/8/2017,Active,1
AH-10120,Adrian Hane,Home Office,West,Oregon,Salem,1,610.42,-298.7,0.314,12/18/2016,Active,1
AH-10195,Alan Haines,Corporate,Central,Illinois,Chicago,1,16.03,-25.65,0.8,11/5/2017,Active,1
AH-10195,Alan Haines,Corporate,East,New York,New York City,1,28.42,9.02,0.2,8/24/2017,Active,1
AH-10195,Alan Haines,Corporate,East,Pennsylvania,Bethlehem,1,132.94,-12.55,0.25,3/5/2015,Active,1
AH-10195,Alan Haines,Corporate,South,Florida,Tamarac,1,1410.07,-349.37,0.367,12/18/2016,Active,1
AH-10210,Alan Hwang,Consumer,Central,Texas,Dallas,1,195.96,19.6,0.2,11/23/2017,Active,1
AH-10210,Alan Hwang,Consumer,East,New York,New York City,1,801.99,233.99,0.133,12/7/2015,Active,1
AH-10210,Alan Hwang,Consumer,South,Kentucky,Henderson,1,1577.94,757.41,0.0,9/2/2017,Active,1
AH-10210,Alan Hwang,Consumer,South,Kentucky,Louisville,1,348.56,104.57,0.0,10/13/2017,Active,1
AH-10210,Alan Hwang,Consumer,South,Tennessee,Nashville,1,16.5,5.57,0.2,2/20/2016,Active,1
AH-10210,Alan Hwang,Consumer,West,California,Anaheim,1,174.56,65.07,0.1,3/8/2017,Active,1
AH-10210,Alan Hwang,Consumer,West,California,Brentwood,1,79.9,35.16,0.0,11/10/2015,Active,1
AH-10210,Alan Hwang,Consumer,West,California,San Francisco,1,606.32,87.19,0.1,11/29/2014,Active,1
AH-10210,Alan Hwang,Consumer,West,Washington,Seattle,1,1003.62,0.0,0.0,12/24/2017,Active,1
AH-10465,Amy Hunt,Consumer,Central,Texas,Dallas,1,1757.85,-352.09,0.24,1/3/2015,Active,1
AH-10465,Amy Hunt,Consumer,East,New York,New York City,1,562.55,140.86,0.0,5/14/2017,Active,1
AH-10465,Amy Hunt,Consumer,South,Alabama,Decatur,1,14.94,6.87,0.0,4/2/2017,Active,1
AH-10465,Amy Hunt,Consumer,South,Tennessee,Bartlett,1,88.96,10.01,0.2,1/17/2015,Active,1
AH-10465,Amy Hunt,Consumer,West,California,San Francisco,1,71.09,-1.78,0.2,5/5/2016,Active,1
AH-10585,Angele Hood,Consumer,Central,Illinois,Chicago,1,15.98,5.0,0.2,12/9/2017,Active,1
AH-10585,Angele Hood,Consumer,South,Florida,Miami,1,239.24,23.92,0.2,7/6/2017,Active,1
AH-10585,Angele Hood,Consumer,West,Washington,Seattle,2,483.28,55.04,0.067,9/15/2016,Active,1
AH-10690,Anna Häberlin,Corporate,Central,Michigan,Detroit,1,116.4,52.38,0.0,12/31/2015,Active,1
AH-10690,Anna Häberlin,Corporate,Central,Texas,Dallas,1,72.65,-19.77,0.45,8/5/2015,Active,1
AH-10690,Anna Häberlin,Corporate,Central,Texas,Houston,1,946.34,118.29,0.2,5/4/2015,Active,1
AH-10690,Anna Häberlin,Corporate,East,New York,New York City,1,70.88,33.31,0.0,8/6/2016,Active,1
AH-10690,Anna Häberlin,Corporate,South,Florida,Coral Gables,1,64.25,22.36,0.2,10/4/2016,Active,1
AH-10690,Anna Häberlin,Corporate,South,Florida,Plantation,1,792.51,-51.94,0.367,11/12/2015,Active,1
AH-10690,Anna Häberlin,Corporate,South,Georgia,Roswell,1,17.94,8.79,0.0,5/15/2015,Active,1
AH-10690,Anna Häberlin,Corporate,South,Virginia,Springfield,1,4317.3,1069.94,0.0,5/30/2016,Active,1
AH-10690,Anna Häberlin,Corporate,South,Virginia,Virginia Beach,1,177.68,46.2,0.0,4/2/2014,Active,1
AH-10690,Anna Häberlin,Corporate,West,California,Los Angeles,1,87.84,23.72,0.0,5/19/2016,Active,1
AH-10690,Anna Häberlin,Corporate,West,California,San Diego,1,361.38,27.1,0.2,11/15/2016,Active,1
AH-10690,Anna Häberlin,Corporate,West,California,San Francisco,1,863.13,-32.37,0.2,7/31/2016,Active,1
AI-10855,Arianne Irving,Consumer,East,New York,New York City,1,6.68,3.21,0.0,5/5/2017,Active,1
AI-10855,Arianne Irving,Consumer,East,Pennsylvania,Philadelphia,1,63.69,-9.1,0.3,12/11/2017,Active,1
AI-10855,Arianne Irving,Consumer,South,Virginia,Chesapeake,1,504.9,80.78,0.0,12/17/2017,Active,1
AI-10855,Arianne Irving,Consumer,West,Arizona,Glendale,1,6.37,2.39,0.2,9/9/2017,Active,1
AI-10855,Arianne Irving,Consumer,West,California,Brentwood,1,408.77,80.4,0.1,12/29/2014,Active,1
AI-10855,Arianne Irving,Consumer,West,California,Los Angeles,2,1484.25,492.88,0.025,12/20/2015,Active,1
AI-10855,Arianne Irving,Consumer,West,California,Roseville,1,19.44,9.33,0.0,3/14/2015,Active,1
AI-10855,Arianne Irving,Consumer,West,California,San Francisco,1,1679.96,126.0,0.2,4/28/2014,Active,1
AI-10855,Arianne Irving,Consumer,West,Washington,Kent,1,201.73,81.84,0.1,5/10/2014,Active,1
AJ-10780,Anthony Jacobs,Corporate,East,Maryland,Baltimore,1,481.59,96.48,0.0,5/14/2017,Active,1
AJ-10780,Anthony Jacobs,Corporate,East,Massachusetts,Beverly,1,2583.19,654.92,0.0,12/28/2014,Active,1
AJ-10780,Anthony Jacobs,Corporate,East,Ohio,Lorain,1,1421.66,-734.53,0.4,10/31/2014,Active,1
AJ-10780,Anthony Jacobs,Corporate,South,Florida,Palm Coast,1,7.43,-5.7,0.7,11/28/2016,Active,1
AJ-10780,Anthony Jacobs,Corporate,South,Virginia,Springfield,1,54.83,22.65,0.0,1/10/2014,Active,1
AJ-10780,Anthony Jacobs,Corporate,West,Arizona,Scottsdale,1,307.78,111.57,0.2,10/16/2017,Active,1
AJ-10780,Anthony Jacobs,Corporate,West,California,Los Angeles,1,10.86,5.32,0.0,5/18/2015,Active,1
AJ-10795,Anthony Johnson,Corporate,East,New York,New York City,1,4.99,1.68,0.2,12/26/2016,Active,1
AJ-10795,Anthony Johnson,Corporate,South,Florida,Jacksonville,1,255.9,46.46,0.2,1/5/2016,Active,1
AJ-10795,Anthony Johnson,Corporate,South,Florida,Saint Petersburg,1,310.88,23.32,0.2,5/14/2014,Active,1
AJ-10795,Anthony Johnson,Corporate,South,Virginia,Springfield,1,1159.06,314.7,0.0,9/12/2016,Active,1
AJ-10795,Anthony Johnson,Corporate,West,California,Apple Valley,1,1295.02,255.24,0.038,7/17/2017,Active,1
AJ-10795,Anthony Johnson,Corporate,West,California,San Francisco,1,1365.63,479.95,0.086,12/29/2014,Active,1
AJ-10795,Anthony Johnson,Corporate,West,Washington,Seattle,1,109.9,37.37,0.0,1/22/2016,Active,1
AJ-10945,Ashley Jarboe,Consumer,Central,Indiana,Lawrence,1,638.73,166.07,0.0,8/31/2017,Active,1
AJ-10945,Ashley Jarboe,Consumer,Central,Michigan,Detroit,1,774.47,290.68,0.0,6/1/2015,Active,1
AJ-10945,Ashley Jarboe,Consumer,Central,Michigan,Taylor,1,301.96,33.22,0.0,11/18/2016,Active,1
AJ-10945,Ashley Jarboe,Consumer,South,North Carolina,Wilmington,1,19.46,3.4,0.2,3/3/2014,Active,1
AJ-10945,Ashley Jarboe,Consumer,West,Arizona,Chandler,1,9.34,1.87,0.2,10/6/2017,Active,1
AJ-10945,Ashley Jarboe,Consumer,West,California,Los Angeles,1,50.0,10.5,0.0,12/14/2015,Active,1
AJ-10945,Ashley Jarboe,Consumer,West,California,San Francisco,1,45.28,15.4,0.0,11/28/2015,Active,1
AJ-10960,Astrea Jones,Consumer,East,New York,New York City,1,158.39,43.58,0.1,12/30/2014,Active,1
AJ-10960,Astrea Jones,Consumer,East,New York,Rochester,1,460.22,14.08,0.0,9/14/2014,Active,1
AJ-10960,Astrea Jones,Consumer,West,California,San Diego,1,10.64,2.77,0.0,10/17/2017,Active,1
AM-10360,Alice McCarthy,Corporate,Central,Nebraska,Omaha,1,15.36,7.68,0.0,10/6/2014,Active,1
AM-10360,Alice McCarthy,Corporate,Central,Texas,Grand Prairie,1,57.24,9.98,0.2,7/16/2016,Active,1
AM-10360,Alice McCarthy,Corporate,East,Ohio,Cleveland,1,129.83,-59.91,0.35,5/28/2017,Active,1
AM-10360,Alice McCarthy,Corporate,West,California,Los Angeles,2,611.58,237.24,0.057,3/23/2015,Active,1
AM-10705,Anne McFarland,Consumer,Central,Illinois,Des Plaines,1,383.84,47.98,0.2,4/4/2017,Active,1
AM-10705,Anne McFarland,Consumer,East,Rhode Island,Cranston,1,2116.51,472.08,0.043,10/31/2014,Active,1
AM-10705,Anne McFarland,Consumer,South,Alabama,Auburn,1,1264.14,207.26,0.0,9/18/2016,Active,1
AM-10705,Anne McFarland,Consumer,South,North Carolina,Jacksonville,1,13.09,-10.04,0.7,9/13/2015,Active,1
AM-10705,Anne McFarland,Consumer,South,Virginia,Salem,1,951.98,195.57,0.0,7/21/2017,Active,1
AM-10705,Anne McFarland,Consumer,West,California,Los Angeles,1,17.48,8.22,0.0,9/25/2015,Active,1
AM-10705,Anne McFarland,Consumer,West,Nevada,Las Vegas,1,45.58,16.52,0.2,9/20/2015,Active,1
AM-10705,Anne McFarland,Consumer,West,Washington,Seattle,1,871.4,148.14,0.0,6/25/2017,Active,1
AO-10810,Anthony O'Donnell,Corporate,West,California,Los Angeles,1,161.28,12.1,0.2,8/16/2016,Active,1
AP-10720,Anne Pryor,Home Office,Central,Texas,Frisco,1,27.17,-1.36,0.2,11/22/2015,Active,1
AP-10720,Anne Pryor,Home Office,East,Massachusetts,Malden,1,188.7,20.85,0.0,9/8/2016,Active,1
AP-10720,Anne Pryor,Home Office,East,New York,New York City,2,299.45,43.57,0.2,3/3/2014,Active,1
AP-10720,Anne Pryor,Home Office,East,Pennsylvania,Philadelphia,1,25.63,3.84,0.2,9/19/2016,Active,1
AP-10720,Anne Pryor,Home Office,South,Alabama,Florence,1,4.98,2.44,0.0,5/23/2016,Active,1
AP-10720,Anne Pryor,Home Office,South,Florida,Fort Lauderdale,1,74.32,-11.4,0.45,10/21/2016,Active,1
AP-10720,Anne Pryor,Home Office,West,California,Los Angeles,1,1018.3,227.84,0.114,12/6/2016,Active,1
AP-10915,Arthur Prichep,Consumer,South,Florida,Palm Coast,1,24.45,8.86,0.2,9/3/2017,Active,1
AP-10915,Arthur Prichep,Consumer,South,Georgia,Columbus,1,12.84,3.72,0.0,4/16/2016,Active,1
AP-10915,Arthur Prichep,Consumer,South,Kentucky,Henderson,1,903.77,183.62,0.0,11/3/2016,Active,1
AP-10915,Arthur Prichep,Consumer,South,South Carolina,Rock Hill,1,11.85,3.79,0.0,10/24/2014,Active,1
AP-10915,Arthur Prichep,Consumer,West,California,Los Angeles,3,1295.04,369.67,0.04,9/29/2014,Active,1
AP-10915,Arthur Prichep,Consumer,West,Colorado,Denver,1,424.38,98.58,0.2,8/23/2014,Active,1
AP-10915,Arthur Prichep,Consumer,West,Colorado,Fort Collins,1,228.57,-240.18,0.45,9/23/2017,Active,1
AP-10915,Arthur Prichep,Consumer,West,Washington,Seattle,1,422.66,151.24,0.04,12/10/2016,Active,1
AR-10345,Alex Russell,Corporate,Central,Texas,Austin,1,179.89,-2.57,0.3,9/10/2015,Active,1
AR-10345,Alex Russell,Corporate,Central,Texas,Houston,1,85.2,20.24,0.2,9/8/2017,Active,1
AR-10345,Alex Russell,Corporate,East,Massachusetts,Lawrence,1,14.88,3.72,0.0,9/10/2017,Active,1
AR-10345,Alex Russell,Corporate,East,Pennsylvania,Philadelphia,1,775.73,-242.44,0.4,12/30/2014,Active,1
AR-10405,Allen Rosenblatt,Corporate,Central,Michigan,Trenton,1,41.28,19.81,0.0,5/20/2017,Active,1
AR-10405,Allen Rosenblatt,Corporate,East,Massachusetts,Franklin,1,1488.42,-297.68,0.3,8/27/2017,Active,1
AR-10405,Allen Rosenblatt,Corporate,East,New York,New York City,1,200.94,56.29,0.0,6/19/2017,Active,1
AR-10405,Allen Rosenblatt,Corporate,South,Mississippi,Hattiesburg,1,239.7,105.47,0.0,7/31/2015,Active,1
AR-10405,Allen Rosenblatt,Corporate,West,California,Los Angeles,1,265.78,17.35,0.2,10/3/2014,Active,1
AR-10510,Andrew Roberts,Consumer,Central,Oklahoma,Tulsa,1,10.8,5.18,0.0,12/16/2017,Active,1
AR-10510,Andrew Roberts,Consumer,East,New York,New York City,1,89.97,18.89,0.0,12/26/2016,Active,1
AR-10510,Andrew Roberts,Consumer,East,Ohio,Columbus,1,26.14,1.96,0.2,5/2/2014,Active,1
AR-10510,Andrew Roberts,Consumer,East,Pennsylvania,Philadelphia,1,79.64,-10.36,0.433,5/23/2014,Active,1
AR-10510,Andrew Roberts,Consumer,West,California,Los Angeles,1,58.32,27.99,0.0,8/31/2015,Active,1
AR-10540,Andy Reiter,Consumer,Central,Michigan,Jackson,1,5802.7,2602.09,0.0,1/16/2017,Active,1
AR-10540,Andy Reiter,Consumer,East,Massachusetts,Quincy,1,14.94,7.02,0.0,11/22/2015,Active,1
AR-10540,Andy Reiter,Consumer,East,New York,New York City,1,17.88,5.59,0.2,12/24/2017,Active,1
AR-10540,Andy Reiter,Consumer,East,Rhode Island,Woonsocket,1,52.96,20.12,0.0,11/25/2014,Active,1
AR-10540,Andy Reiter,Consumer,West,California,Los Angeles,1,692.73,240.26,0.1,4/11/2015,Active,1
AR-10540,Andy Reiter,Consumer,West,California,San Francisco,1,27.24,9.53,0.2,9/29/2016,Active,1
AR-10570,Anemone Ratner,Consumer,South,Georgia,Columbus,1,88.15,32.63,0.0,7/14/2016,Active,1
AR-10825,Anthony Rawles,Corporate,Central,Texas,Austin,1,347.8,-24.84,0.3,9/5/2016,Active,1
AR-10825,Anthony Rawles,Corporate,East,New York,Long Beach,1,19.44,9.33,0.0,3/8/2015,Active,1
AR-10825,Anthony Rawles,Corporate,East,New York,New York City,1,361.04,63.15,0.033,7/20/2017,Active,1
AR-10825,Anthony Rawles,Corporate,East,Ohio,Columbus,1,384.59,-81.73,0.2,11/2/2017,Active,1
AR-10825,Anthony Rawles,Corporate,West,California,Concord,1,1629.71,123.65,0.1,7/21/2017,Active,1
AR-10825,Anthony Rawles,Corporate,West,California,Los Angeles,1,32.4,10.37,0.0,6/30/2014,Active,1
AR-10825,Anthony Rawles,Corporate,West,Washington,Seattle,1,1115.17,334.55,0.0,6/14/2016,Active,1
AR-10825,Anthony Rawles,Corporate,West,Washington,Vancouver,1,633.18,60.35,0.067,12/11/2016,Active,1
AS-10045,Aaron Smayling,Corporate,Central,Texas,Austin,1,1476.27,-251.3,0.3,8/1/2017,Active,1
AS-10045,Aaron Smayling,Corporate,East,New York,New York City,1,65.78,32.23,0.0,7/27/2014,Active,1
AS-10045,Aaron Smayling,Corporate,South,North Carolina,Jacksonville,1,740.21,-61.52,0.633,1/2/2017,Active,1
AS-10045,Aaron Smayling,Corporate,South,Virginia,Arlington,1,31.4,7.85,0.0,3/28/2016,Active,1
AS-10045,Aaron Smayling,Corporate,West,California,Pasadena,1,171.29,-6.42,0.2,10/3/2017,Active,1
AS-10045,Aaron Smayling,Corporate,West,California,San Francisco,1,477.67,84.29,0.15,9/25/2016,Active,1
AS-10045,Aaron Smayling,Corporate,West,Oregon,Redmond,1,88.07,-58.72,0.7,9/4/2017,Active,1
AS-10090,Adam Shillingsburg,Consumer,Central,Illinois,Chicago,1,7.91,-1.14,0.5,9/11/2016,Active,1
AS-10090,Adam Shillingsburg,Consumer,Central,Missouri,Springfield,2,1207.76,280.76,0.0,4/1/2017,Active,1
AS-10090,Adam Shillingsburg,Consumer,Central,Texas,Irving,1,36.65,-5.19,0.2,5/2/2016,Active,1
AS-10090,Adam Shillingsburg,Consumer,East,New York,New York City,2,1270.26,155.02,0.129,9/22/2014,Active,1
AS-10090,Adam Shillingsburg,Consumer,East,Pennsylvania,Philadelphia,1,684.11,-378.93,0.4,9/16/2017,Active,1
AS-10090,Adam Shillingsburg,Consumer,South,Virginia,Charlottesville,1,34.65,10.4,0.0,12/2/2017,Active,1
AS-10090,Adam Shillingsburg,Consumer,West,California,San Diego,1,13.97,3.63,0.0,12/24/2014,Active,1
AS-10135,Adrian Shami,Home Office,East,New York,New York City,1,54.64,20.34,0.1,11/19/2017,Active,1
AS-10135,Adrian Shami,Home Office,West,Washington,Auburn,1,4.18,1.5,0.0,11/13/2016,Active,1
AS-10225,Alan Schoenberger,Corporate,East,New York,New York City,1,26.8,12.86,0.0,5/4/2015,Active,1
AS-10225,Alan Schoenberger,Corporate,South,Alabama,Montgomery,1,2216.8,444.69,0.0,10/18/2014,Active,1
AS-10225,Alan Schoenberger,Corporate,West,California,San Francisco,1,69.48,20.84,0.0,12/8/2017,Active,1
AS-10225,Alan Schoenberger,Corporate,West,Colorado,Longmont,1,165.6,-6.21,0.2,12/2/2016,Active,1
AS-10225,Alan Schoenberger,Corporate,West,Utah,Provo,1,1782.1,247.59,0.086,9/17/2017,Active,1
AS-10240,Alan Shonely,Consumer,East,Ohio,Cleveland,1,59.18,-31.92,0.45,6/21/2017,Active,1
AS-10240,Alan Shonely,Consumer,East,Pennsylvania,Philadelphia,2,80.64,9.82,0.2,7/26/2015,Active,1
AS-10240,Alan Shonely,Consumer,South,Florida,Tampa,1,370.78,33.6,0.4,3/15/2014,Active,1
AS-10240,Alan Shonely,Consumer,South,Virginia,Springfield,1,5.56,1.45,0.0,3/29/2015,Active,1
AS-10240,Alan Shonely,Consumer,West,California,Los Angeles,1,60.81,17.03,0.0,6/25/2016,Active,1
AS-10240,Alan Shonely,Consumer,West,California,Redondo Beach,1,7.64,3.74,0.0,10/11/2014,Active,1
AS-10285,Alejandro Savely,Corporate,Central,Illinois,Palatine,1,116.31,23.26,0.2,12/11/2017,Active,1
AS-10285,Alejandro Savely,Corporate,Central,Indiana,Noblesville,1,2678.94,241.1,0.0,11/11/2016,Active,1
AS-10285,Alejandro Savely,Corporate,Central,Texas,Dallas,1,84.62,27.76,0.5,5/21/2016,Active,1
AS-10285,Alejandro Savely,Corporate,East,Pennsylvania,Philadelphia,1,23.99,-15.99,0.4,11/5/2016,Active,1
AS-10285,Alejandro Savely,Corporate,West,California,San Francisco,1,100.5,42.82,0.1,10/28/2016,Active,1
AS-10285,Alejandro Savely,Corporate,West,Washington,Seattle,1,209.88,35.68,0.0,11/4/2016,Active,1
AS-10630,Ann Steele,Home Office,Central,Texas,Pasadena,1,372.45,56.9,0.267,9/29/2017,Active,1
AS-10630,Ann Steele,Home Office,East,Pennsylvania,Philadelphia,1,5.68,1.92,0.2,8/1/2014,Active,1
AS-10630,Ann Steele,Home Office,South,Florida,Boynton Beach,1,32.09,10.41,0.2,4/30/2017,Active,1
AS-10630,Ann Steele,Home Office,South,Kentucky,Louisville,1,13.28,6.37,0.0,9/22/2016,Active,1
AS-10630,Ann Steele,Home Office,South,Tennessee,Knoxville,1,4.61,1.67,0.2,3/17/2017,Active,1
AS-10630,Ann Steele,Home Office,West,California,San Francisco,1,135.94,-10.81,0.2,9/3/2015,Active,1
AS-10630,Ann Steele,Home Office,West,Washington,Seattle,1,269.36,70.03,0.0,12/7/2014,Active,1
AT-10435,Alyssa Tate,Home Office,East,Connecticut,Meriden,1,11.12,2.89,0.0,4/2/2017,Active,1
AT-10435,Alyssa Tate,Home Office,East,Ohio,Akron,1,5.74,-4.59,0.7,11/24/2014,Active,1
AT-10435,Alyssa Tate,Home Office,South,Florida,Tamarac,1,3.44,-2.53,0.7,9/6/2015,Active,1
AT-10435,Alyssa Tate,Home Office,West,California,Los Angeles,3,1151.51,105.1,0.067,12/9/2017,Active,1
AT-10735,Annie Thurman,Consumer,Central,Illinois,Chicago,1,95.98,6.0,0.2,8/1/2017,Active,1
AT-10735,Annie Thurman,Consumer,Central,Texas,Houston,1,303.92,19.19,0.2,5/30/2016,Active,1
AT-10735,Annie Thurman,Consumer,East,Connecticut,Bristol,1,121.24,21.48,0.0,8/30/2014,Active,1
AT-10735,Annie Thurman,Consumer,East,New Jersey,Morristown,1,2643.06,739.52,0.0,11/23/2015,Active,1
AT-10735,Annie Thurman,Consumer,East,New York,New York City,2,361.86,91.2,0.05,7/17/2016,Active,1
AT-10735,Annie Thurman,Consumer,South,Tennessee,Nashville,1,147.34,49.73,0.2,11/3/2014,Active,1
AT-10735,Annie Thurman,Consumer,West,California,Los Angeles,1,5.94,0.12,0.0,7/7/2017,Active,1
AT-10735,Annie Thurman,Consumer,West,California,Stockton,1,55.36,18.68,0.2,9/9/2016,Active,1
AT-10735,Annie Thurman,Consumer,West,Washington,Seattle,1,97.16,28.18,0.0,5/19/2017,Active,1
AW-10840,Anthony Witt,Consumer,Central,Texas,Allen,1,30.26,-13.88,0.5,11/29/2015,Active,1
AW-10840,Anthony Witt,Consumer,East,Pennsylvania,Philadelphia,1,321.25,26.94,0.2,12/10/2017,Active,1
AW-10840,Anthony Witt,Consumer,West,California,Bakersfield,1,284.98,52.32,0.067,9/2/2017,Active,1
AW-10840,Anthony Witt,Consumer,West,New Mexico,Farmington,1,12.88,0.39,0.0,4/13/2015,Active,1
AW-10930,Arthur Wiediger,Home Office,Central,Illinois,Aurora,1,68.2,-42.57,0.5,7/14/2014,Active,1
AW-10930,Arthur Wiediger,Home Office,Central,Minnesota,Minneapolis,1,15.28,7.49,0.0,11/14/2017,Active,1
AW-10930,Arthur Wiediger,Home Office,Central,Oklahoma,Oklahoma City,1,1117.92,55.9,0.0,11/18/2016,Active,1
AW-10930,Arthur Wiediger,Home Office,Central,Texas,Houston,1,546.62,-271.06,0.443,6/12/2016,Active,1
AW-10930,Arthur Wiediger,Home Office,East,Pennsylvania,Philadelphia,1,4.93,1.72,0.2,10/7/2016,Active,1
AW-10930,Arthur Wiediger,Home Office,West,California,San Francisco,1,696.08,79.73,0.2,8/31/2017,Active,1
AW-10930,Arthur Wiediger,Home Office,West,Montana,Helena,1,403.94,64.25,0.1,11/13/2015,Active,1
AY-10555,Andy Yotov,Corporate,East,Pennsylvania,Philadelphia,1,8.02,1.1,0.2,12/26/2014,Active,1
AY-10555,Andy Yotov,Corporate,West,California,Los Angeles,1,199.99,64.51,0.0,4/6/2014,Active,1
AY-10555,Andy Yotov,Corporate,West,California,Oceanside,1,222.03,31.04,0.15,12/16/2017,Active,1
AY-10555,Andy Yotov,Corporate,West,California,San Francisco,1,66.98,6.7,0.2,12/18/2016,Active,1
AZ-10750,Annie Zypern,Consumer,Central,Illinois,Wheeling,1,121.54,15.19,0.2,7/23/2017,Active,1
AZ-10750,Annie Zypern,Consumer,Central,Texas,Dallas,1,25.18,7.66,0.2,3/17/2014,Active,1
AZ-10750,Annie Zypern,Consumer,East,New York,New York City,2,403.42,75.1,0.05,5/12/2015,Active,1
AZ-10750,Annie Zypern,Consumer,West,California,Los Angeles,1,152.92,24.44,0.1,4/22/2015,Active,1
AZ-10750,Annie Zypern,Consumer,West,California,San Diego,1,918.97,32.56,0.1,2/5/2016,Active,1
BB-10990,Barry Blumstein,Corporate,Central,Texas,San Antonio,1,374.08,-8.22,0.5,11/2/2015,Active,1
BB-10990,Barry Blumstein,Corporate,East,Ohio,Toledo,1,17.48,1.31,0.2,6/1/2017,Active,1
BB-10990,Barry Blumstein,Corporate,West,Arizona,Sierra Vista,1,61.7,12.88,0.2,4/1/2016,Active,1
BB-10990,Barry Blumstein,Corporate,West,California,Inglewood,1,14.8,5.61,0.0,9/16/2017,Active,1
BB-10990,Barry Blumstein,Corporate,West,California,Los Angeles,1,276.28,0.0,0.0,7/27/2014,Active,1
BB-11545,Brenda Bowman,Corporate,Central,Illinois,Chicago,1,143.96,-0.86,0.25,11/11/2016,Active,1
BB-11545,Brenda Bowman,Corporate,Central,Michigan,Jackson,1,1745.91,400.11,0.0,11/25/2016,Active,1
BB-11545,Brenda Bowman,Corporate,Central,Missouri,Saint Charles,1,10.56,4.75,0.0,6/5/2015,Active,1
BB-11545,Brenda Bowman,Corporate,Central,Texas,Fort Worth,1,39.61,-82.59,0.65,11/21/2015,Active,1
BB-11545,Brenda Bowman,Corporate,Central,Texas,Houston,1,31.87,11.55,0.2,9/15/2017,Active,1
BB-11545,Brenda Bowman,Corporate,East,Maryland,Columbia,1,2017.32,438.41,0.0,8/12/2017,Active,1
BB-11545,Brenda Bowman,Corporate,East,New Jersey,Vineland,1,239.43,32.97,0.0,12/26/2016,Active,1
BB-11545,Brenda Bowman,Corporate,South,Florida,Fort Lauderdale,1,1158.12,130.29,0.2,11/11/2017,Active,1
BB-11545,Brenda Bowman,Corporate,West,California,Oakland,1,1378.95,80.44,0.133,12/2/2017,Active,1
BC-11125,Becky Castell,Home Office,Central,Texas,Odessa,1,340.12,-9.72,0.3,9/13/2014,Active,1
BC-11125,Becky Castell,Home Office,East,New York,New York City,1,145.76,-8.1,0.1,8/12/2016,Active,1
BC-11125,Becky Castell,Home Office,East,New York,Troy,1,203.63,53.29,0.0,4/4/2016,Active,1
BC-11125,Becky Castell,Home Office,East,Pennsylvania,Philadelphia,1,319.98,92.0,0.2,6/20/2015,Active,1
BC-11125,Becky Castell,Home Office,West,Arizona,Peoria,1,668.74,2.88,0.2,6/11/2017,Active,1
BC-11125,Becky Castell,Home Office,West,California,El Cajon,1,478.48,47.85,0.2,7/6/2014,Active,1
BC-11125,Becky Castell,Home Office,West,California,Laguna Niguel,1,12.96,6.35,0.0,9/16/2016,Active,1
BC-11125,Becky Castell,Home Office,West,California,San Francisco,2,764.0,67.05,0.04,7/25/2016,Active,1
BD-11320,Bill Donatelli,Consumer,Central,Michigan,Detroit,1,64.75,29.14,0.0,8/10/2015,Active,1
BD-11320,Bill Donatelli,Consumer,Central,Minnesota,Minneapolis,1,2567.84,770.35,0.0,5/31/2015,Active,1
BD-11320,Bill Donatelli,Consumer,Central,Oklahoma,Tulsa,1,291.96,102.19,0.0,9/23/2017,Active,1
BD-11320,Bill Donatelli,Consumer,East,Pennsylvania,Philadelphia,1,492.84,-14.08,0.3,10/31/2016,Active,1
BD-11320,Bill Donatelli,Consumer,East,Rhode Island,Providence,1,69.66,31.35,0.0,4/12/2017,Active,1
BD-11320,Bill Donatelli,Consumer,West,California,Los Angeles,3,715.77,144.03,0.057,8/15/2016,Active,1
BD-11320,Bill Donatelli,Consumer,West,California,San Diego,1,38.24,-9.56,0.2,6/24/2016,Active,1
BD-11320,Bill Donatelli,Consumer,West,California,San Francisco,1,1121.57,0.0,0.2,4/15/2016,Active,1
BD-11320,Bill Donatelli,Consumer,West,California,Woodland,1,239.98,24.0,0.2,9/18/2016,Active,1
BD-11320,Bill Donatelli,Consumer,West,Washington,Seattle,1,115.92,17.1,0.067,6/10/2017,Active,1
BD-11500,Bradley Drucker,Consumer,Central,Illinois,Chicago,1,344.27,102.76,0.4,10/14/2014,Active,1
BD-11500,Bradley Drucker,Consumer,Central,Wisconsin,Green Bay,1,468.9,206.32,0.0,2/1/2014,Active,1
BD-11500,Bradley Drucker,Consumer,South,Georgia,Columbus,1,3002.65,788.84,0.0,1/26/2017,Active,1
BD-11500,Bradley Drucker,Consumer,South,Virginia,Newport News,1,31.12,14.63,0.0,9/16/2015,Active,1
BD-11500,Bradley Drucker,Consumer,South,Virginia,Richmond,1,194.32,56.35,0.0,12/23/2015,Active,1
BD-11500,Bradley Drucker,Consumer,West,California,San Francisco,1,369.98,-26.78,0.075,11/25/2017,Active,1
BD-11560,Brendan Dodson,Home Office,South,Virginia,Springfield,1,151.96,36.47,0.0,5/30/2015,Active,1
BD-11560,Brendan Dodson,Home Office,West,California,Fresno,1,168.58,80.24,0.0,3/27/2017,Active,1
BD-11605,Brian Dahlen,Consumer,East,Massachusetts,Lawrence,1,22.2,10.43,0.0,12/26/2015,Active,1
BD-11605,Brian Dahlen,Consumer,East,Pennsylvania,Lancaster,1,170.79,0.0,0.3,12/30/2016,Active,1
BD-11605,Brian Dahlen,Consumer,South,Florida,Miami,1,253.82,87.99,0.2,9/24/2017,Active,1
BD-11605,Brian Dahlen,Consumer,South,Louisiana,Monroe,1,207.82,68.99,0.0,6/11/2015,Active,1
BD-11605,Brian Dahlen,Consumer,South,Virginia,Springfield,1,448.81,124.5,0.0,4/12/2016,Active,1
BD-11605,Brian Dahlen,Consumer,West,California,San Francisco,2,2185.03,342.93,0.094,8/15/2014,Active,1
BD-11620,Brian DeCherney,Consumer,Central,Oklahoma,Lawton,1,582.07,78.09,0.0,10/22/2017,Active,1
BD-11620,Brian DeCherney,Consumer,East,New York,New York City,1,33.57,11.75,0.2,12/25/2016,Active,1
BD-11620,Brian DeCherney,Consumer,East,Pennsylvania,Philadelphia,1,114.56,-26.68,0.3,3/8/2016,Active,1
BD-11620,Brian DeCherney,Consumer,South,North Carolina,Wilmington,1,310.69,108.74,0.2,6/30/2014,Active,1
BD-11620,Brian DeCherney,Consumer,West,California,Anaheim,1,302.38,22.68,0.2,12/31/2016,Active,1
BD-11620,Brian DeCherney,Consumer,West,California,San Francisco,1,194.85,12.18,0.2,10/1/2016,Active,1
BD-11635,Brian Derr,Consumer,East,New York,New York City,1,419.73,102.35,0.1,12/5/2015,Active,1
BD-11635,Brian Derr,Consumer,East,Ohio,Columbus,1,91.92,11.49,0.2,10/5/2014,Active,1
BD-11635,Brian Derr,Consumer,South,Kentucky,Bowling Green,1,71.0,27.69,0.0,12/21/2017,Active,1
BD-11725,Bruce Degenhardt,Consumer,East,Ohio,Newark,1,46.72,17.52,0.2,2/25/2016,Active,1
BD-11725,Bruce Degenhardt,Consumer,South,Georgia,Columbus,1,675.06,87.76,0.0,4/22/2017,Active,1
BD-11725,Bruce Degenhardt,Consumer,South,Kentucky,Richmond,1,365.91,149.48,0.0,7/3/2015,Active,1
BD-11725,Bruce Degenhardt,Consumer,South,Louisiana,Lafayette,1,253.86,38.79,0.0,5/30/2017,Active,1
BD-11725,Bruce Degenhardt,Consumer,West,California,Los Angeles,1,9.24,4.44,0.0,9/28/2017,Active,1
BD-11725,Bruce Degenhardt,Consumer,West,California,San Francisco,1,175.71,36.0,0.0,8/3/2017,Active,1
BD-11770,Bryan Davis,Consumer,Central,Texas,Houston,1,86.35,5.4,0.2,5/2/2016,Active,1
BD-11770,Bryan Davis,Consumer,East,New York,New York City,2,384.11,65.93,0.067,2/6/2017,Active,1
BD-11770,Bryan Davis,Consumer,East,Pennsylvania,Philadelphia,2,44.76,7.98,0.2,3/10/2016,Active,1
BD-11770,Bryan Davis,Consumer,West,Washington,Edmonds,1,143.24,61.96,0.1,9/10/2016,Active,1
BE-11335,Bill Eplett,Home Office,Central,Michigan,Jackson,1,3480.96,1234.37,0.0,9/2/2017,Active,1
BE-11335,Bill Eplett,Home Office,Central,Texas,Houston,1,20.94,7.07,0.2,7/25/2016,Active,1
BE-11335,Bill Eplett,Home Office,East,New York,New York City,1,81.98,40.17,0.0,1/15/2016,Active,1
BE-11335,Bill Eplett,Home Office,East,New York,Rome,1,408.96,129.91,0.0,7/17/2017,Active,1
BE-11335,Bill Eplett,Home Office,West,California,San Francisco,1,211.84,76.26,0.0,3/23/2017,Active,1
BE-11410,Bobby Elias,Consumer,Central,Illinois,Aurora,1,268.58,90.64,0.2,1/21/2017,Active,1
BE-11410,Bobby Elias,Consumer,Central,Wisconsin,Appleton,1,1649.75,544.42,0.0,10/14/2016,Active,1
BE-11410,Bobby Elias,Consumer,East,Ohio,Lancaster,1,30.35,10.62,0.2,2/7/2016,Active,1
BE-11410,Bobby Elias,Consumer,South,Florida,Miami,1,251.64,88.07,0.2,9/23/2017,Active,1
BE-11410,Bobby Elias,Consumer,West,California,Concord,1,61.12,22.16,0.2,11/18/2016,Active,1
BE-11455,Brad Eason,Home Office,Central,Iowa,Des Moines,1,25.9,12.69,0.0,9/14/2015,Active,1
BE-11455,Brad Eason,Home Office,Central,Kansas,Olathe,1,107.94,26.98,0.0,9/5/2016,Active,1
BE-11455,Brad Eason,Home Office,Central,Missouri,Springfield,1,54.48,15.25,0.0,5/6/2016,Active,1
BE-11455,Brad Eason,Home Office,East,Ohio,Cleveland,1,979.63,-52.07,0.433,4/20/2017,Active,1
BE-11455,Brad Eason,Home Office,East,Ohio,Lorain,1,111.5,28.83,0.2,5/6/2016,Active,1
BE-11455,Brad Eason,Home Office,East,Rhode Island,Providence,1,448.21,107.51,0.0,8/2/2015,Active,1
BF-10975,Barbara Fisher,Corporate,Central,Indiana,Columbus,1,328.54,157.38,0.0,11/20/2016,Active,1
BF-10975,Barbara Fisher,Corporate,East,New Jersey,Vineland,1,11.12,2.89,0.0,7/6/2015,Active,1
BF-10975,Barbara Fisher,Corporate,East,New York,New York City,1,17.94,4.49,0.0,7/14/2014,Active,1
BF-10975,Barbara Fisher,Corporate,East,Pennsylvania,Philadelphia,1,20.66,6.97,0.2,9/30/2017,Active,1
BF-10975,Barbara Fisher,Corporate,South,Georgia,Roswell,1,6.48,3.11,0.0,6/13/2015,Active,1
BF-10975,Barbara Fisher,Corporate,South,North Carolina,Charlotte,1,202.9,57.64,0.2,8/1/2014,Active,1
BF-10975,Barbara Fisher,Corporate,South,North Carolina,Fayetteville,1,12.16,-5.04,0.45,7/5/2015,Active,1
BF-11005,Barry Franz,Home Office,Central,Texas,Pasadena,1,327.42,-388.28,0.6,7/28/2016,Active,1
BF-11005,Barry Franz,Home Office,West,California,Los Angeles,1,252.15,22.56,0.1,5/5/2016,Active,1
BF-11005,Barry Franz,Home Office,West,California,Pasadena,1,739.74,71.97,0.04,11/21/2017,Active,1
BF-11005,Barry Franz,Home Office,West,Colorado,Aurora,1,14.58,2.37,0.2,9/25/2014,Active,1
BF-11020,Barry Französisch,Corporate,Central,Illinois,Aurora,1,339.98,-33.09,0.325,7/7/2016,Active,1
BF-11020,Barry Französisch,Corporate,Central,Texas,Arlington,1,663.87,11.28,0.383,9/8/2017,Active,1
BF-11020,Barry Französisch,Corporate,Central,Wisconsin,Green Bay,1,22.72,10.22,0.0,9/18/2017,Active,1
BF-11020,Barry Französisch,Corporate,East,New York,New York City,1,1035.8,269.31,0.0,10/30/2015,Active,1
BF-11020,Barry Französisch,Corporate,South,Florida,Jacksonville,1,269.4,-20.94,0.2,4/1/2017,Active,1
BF-11020,Barry Französisch,Corporate,West,California,Los Angeles,1,482.58,53.41,0.2,8/2/2016,Active,1
BF-11020,Barry Französisch,Corporate,West,California,Modesto,1,52.79,4.62,0.2,10/17/2017,Active,1
BF-11020,Barry Französisch,Corporate,West,Washington,Seattle,1,21.36,7.21,0.2,2/15/2014,Active,1
BF-11080,Bart Folk,Consumer,East,Maryland,Baltimore,1,225.61,91.83,0.0,9/12/2017,Active,1
BF-11080,Bart Folk,Consumer,East,New York,New York City,1,32.67,15.14,0.0,12/5/2017,Active,1
BF-11080,Bart Folk,Consumer,South,Alabama,Montgomery,1,14.67,3.96,0.0,11/28/2014,Active,1
BF-11170,Ben Ferrer,Home Office,Central,Illinois,Chicago,1,238.38,22.28,0.2,5/13/2015,Active,1
BF-11170,Ben Ferrer,Home Office,Central,Texas,Dallas,1,22.61,-10.17,0.6,4/30/2016,Active,1
BF-11170,Ben Ferrer,Home Office,East,Maryland,Baltimore,1,7.83,3.6,0.0,4/13/2014,Active,1
BF-11170,Ben Ferrer,Home Office,East,Massachusetts,Lawrence,1,1843.4,432.36,0.06,12/14/2017,Active,1
BF-11170,Ben Ferrer,Home Office,South,Georgia,Atlanta,1,1396.35,694.41,0.0,1/31/2016,Active,1
BF-11170,Ben Ferrer,Home Office,South,North Carolina,Jacksonville,1,352.17,114.56,0.2,5/26/2015,Active,1
BF-11170,Ben Ferrer,Home Office,South,North Carolina,Raleigh,1,55.42,10.42,0.2,4/17/2016,Active,1
BF-11170,Ben Ferrer,Home Office,West,California,Los Angeles,2,1966.86,262.53,0.075,7/12/2014,Active,1
BF-11170,Ben Ferrer,Home Office,West,California,Sacramento,1,9.98,2.79,0.0,11/10/2016,Active,1
BF-11170,Ben Ferrer,Home Office,West,California,San Francisco,1,14.98,5.43,0.2,3/6/2017,Active,1
BF-11215,Benjamin Farhat,Home Office,Central,Minnesota,Minneapolis,1,692.94,173.24,0.0,6/9/2016,Active,1
BF-11215,Benjamin Farhat,Home Office,Central,Texas,Dallas,1,55.62,5.56,0.2,10/26/2017,Active,1
BF-11215,Benjamin Farhat,Home Office,East,New York,New York City,1,56.52,21.48,0.0,11/9/2014,Active,1
BF-11215,Benjamin Farhat,Home Office,West,New Mexico,Albuquerque,1,780.09,322.94,0.04,3/13/2017,Active,1
BF-11275,Beth Fritzler,Corporate,South,Florida,Miami,1,361.38,27.1,0.2,11/3/2017,Active,1
BF-11275,Beth Fritzler,Corporate,South,Georgia,Columbus,1,41.91,10.9,0.0,7/10/2017,Active,1
BF-11275,Beth Fritzler,Corporate,West,Arizona,Tucson,1,388.7,-12.13,0.2,3/22/2014,Active,1
BG-11035,Barry Gonzalez,Consumer,Central,Texas,Austin,1,162.06,-27.48,0.2,12/31/2015,Active,1
BG-11035,Barry Gonzalez,Consumer,Central,Texas,The Colony,1,82.41,12.24,0.2,11/17/2016,Active,1
BG-11035,Barry Gonzalez,Consumer,South,Louisiana,Monroe,1,659.9,217.77,0.0,8/31/2017,Active,1
BG-11035,Barry Gonzalez,Consumer,South,North Carolina,Greensboro,1,32.78,2.46,0.2,12/2/2017,Active,1
BG-11035,Barry Gonzalez,Consumer,South,Tennessee,Memphis,1,42.21,13.72,0.2,12/6/2014,Active,1
BG-11035,Barry Gonzalez,Consumer,South,Tennessee,Nashville,1,1664.13,-972.05,0.45,9/20/2015,Active,1
BG-11035,Barry Gonzalez,Consumer,South,Virginia,Hampton,1,149.9,40.47,0.0,11/5/2014,Active,1
BG-11035,Barry Gonzalez,Consumer,South,Virginia,Springfield,1,5.56,1.45,0.0,11/2/2017,Active,1
BG-11695,Brooke Gillingham,Corporate,Central,Illinois,Woodstock,1,845.49,-12.08,0.3,12/27/2016,Active,1
BG-11695,Brooke Gillingham,Corporate,Central,Kansas,Garden City,1,33.29,7.99,0.0,11/24/2017,Active,1
BG-11695,Brooke Gillingham,Corporate,East,New York,New York City,1,90.17,28.3,0.067,1/5/2015,Active,1
BG-11695,Brooke Gillingham,Corporate,East,New York,Watertown,1,35.91,9.7,0.0,5/11/2014,Active,1
BG-11695,Brooke Gillingham,Corporate,East,Ohio,Cincinnati,1,839.99,70.0,0.4,5/30/2016,Active,1
BG-11695,Brooke Gillingham,Corporate,West,Colorado,Louisville,1,29.33,3.67,0.2,9/23/2017,Active,1
BG-11740,Bruce Geld,Consumer,Central,Texas,Houston,1,10.78,0.81,0.2,9/6/2016,Active,1
BG-11740,Bruce Geld,Consumer,East,Pennsylvania,Philadelphia,1,60.31,5.28,0.2,4/17/2017,Active,1
BG-11740,Bruce Geld,Consumer,South,Florida,Delray Beach,1,9.91,3.22,0.2,3/23/2014,Active,1
BG-11740,Bruce Geld,Consumer,West,California,Bakersfield,1,486.37,36.48,0.2,11/3/2017,Active,1
BG-11740,Bruce Geld,Consumer,West,California,Los Angeles,1,387.0,58.49,0.1,8/30/2016,Active,1
BG-11740,Bruce Geld,Consumer,West,California,San Diego,1,51.98,15.07,0.0,6/18/2015,Active,1
BH-11710,Brosina Hoffman,Consumer,Central,Illinois,Chicago,1,808.93,-64.96,0.45,11/11/2014,Active,1
BH-11710,Brosina Hoffman,Consumer,Central,Kansas,Garden City,1,21.11,7.82,0.0,2/8/2015,Active,1
BH-11710,Brosina Hoffman,Consumer,East,Delaware,Newark,1,1094.25,428.93,0.0,3/3/2016,Active,1
BH-11710,Brosina Hoffman,Consumer,East,Pennsylvania,Philadelphia,1,36.05,-0.9,0.2,5/18/2017,Active,1
BH-11710,Brosina Hoffman,Consumer,South,Florida,Hialeah,1,32.98,-1.98,0.5,11/22/2015,Active,1
BH-11710,Brosina Hoffman,Consumer,South,Mississippi,Hattiesburg,1,372.64,113.18,0.0,12/7/2017,Active,1
BH-11710,Brosina Hoffman,Consumer,South,Tennessee,Johnson City,1,175.09,19.93,0.4,1/14/2017,Active,1
BH-11710,Brosina Hoffman,Consumer,West,California,Los Angeles,1,3714.3,300.77,0.114,6/9/2014,Active,1
BK-11260,Berenike Kampe,Consumer,Central,Illinois,Chicago,1,314.55,-180.17,0.517,12/6/2014,Active,1
BK-11260,Berenike Kampe,Consumer,East,New York,New York City,1,163.62,51.15,0.0,8/3/2014,Active,1
BK-11260,Berenike Kampe,Consumer,West,California,San Bernardino,1,105.69,41.58,0.05,3/19/2015,Active,1
BK-11260,Berenike Kampe,Consumer,West,California,San Francisco,2,53.32,17.53,0.0,11/11/2016,Active,1
BK-11260,Berenike Kampe,Consumer,West,California,Santa Ana,1,21.96,6.15,0.0,9/22/2017,Active,1
BM-11140,Becky Martin,Consumer,Central,Texas,San Antonio,1,10539.9,-1878.79,0.329,9/8/2014,Active,1
BM-11140,Becky Martin,Consumer,East,New York,New York City,1,611.03,90.64,0.033,12/4/2016,Active,1
BM-11140,Becky Martin,Consumer,West,California,Santa Barbara,1,356.79,99.9,0.0,2/26/2017,Active,1
BM-11140,Becky Martin,Consumer,West,Washington,Des Moines,1,281.92,28.29,0.1,9/2/2016,Active,1
BM-11575,Brendan Murry,Corporate,Central,Illinois,Chicago,2,219.64,-55.07,0.467,5/18/2017,Active,1
BM-11575,Brendan Murry,Corporate,East,Maryland,Gaithersburg,1,405.92,105.54,0.0,1/2/2016,Active,1
BM-11575,Brendan Murry,Corporate,East,New York,New York City,1,139.22,37.33,0.133,9/15/2015,Active,1
BM-11575,Brendan Murry,Corporate,West,California,Los Angeles,1,15.51,3.88,0.0,9/21/2017,Active,1
BM-11575,Brendan Murry,Corporate,West,California,Montebello,1,27.88,3.9,0.0,11/20/2016,Active,1
BM-11650,Brian Moss,Corporate,Central,Indiana,Columbus,1,2229.18,754.7,0.0,5/13/2017,Active,1
BM-11650,Brian Moss,Corporate,Central,Michigan,Ann Arbor,1,736.47,152.52,0.025,10/9/2015,Active,1
BM-11650,Brian Moss,Corporate,Central,Nebraska,Omaha,1,68.71,21.52,0.0,9/21/2014,Active,1
BM-11650,Brian Moss,Corporate,Central,Texas,Dallas,1,24.72,8.11,0.2,7/9/2014,Active,1
BM-11650,Brian Moss,Corporate,Central,Wisconsin,Milwaukee,1,190.67,75.3,0.0,11/27/2017,Active,1
BM-11650,Brian Moss,Corporate,East,Maryland,Columbia,1,3013.78,991.36,0.0,11/9/2017,Active,1
BM-11650,Brian Moss,Corporate,East,New York,New York City,2,505.94,147.19,0.04,3/24/2017,Active,1
BM-11650,Brian Moss,Corporate,East,Ohio,Elyria,1,1.82,-1.4,0.7,11/16/2017,Active,1
BM-11650,Brian Moss,Corporate,East,Ohio,Lancaster,1,2.91,-2.03,0.7,9/27/2016,Active,1
BM-11650,Brian Moss,Corporate,West,California,San Diego,1,519.98,52.01,0.175,9/23/2014,Active,1
BM-11785,Bryan Mills,Consumer,Central,Illinois,Buffalo Grove,1,475.94,95.19,0.2,9/2/2014,Active,1
BM-11785,Bryan Mills,Consumer,Central,Texas,Houston,1,419.94,52.49,0.2,7/14/2016,Active,1
BM-11785,Bryan Mills,Consumer,East,New York,Rochester,1,13.36,4.94,0.0,6/6/2014,Active,1
BM-11785,Bryan Mills,Consumer,East,Ohio,Columbus,2,159.16,-37.14,0.333,12/30/2016,Active,1
BM-11785,Bryan Mills,Consumer,East,Pennsylvania,Philadelphia,1,2.95,-2.06,0.7,9/25/2015,Active,1
BM-11785,Bryan Mills,Consumer,South,Florida,Deltona,1,186.3,13.97,0.2,12/14/2014,Active,1
BM-11785,Bryan Mills,Consumer,South,Virginia,Harrisonburg,1,23.08,6.92,0.0,5/26/2017,Active,1
BM-11785,Bryan Mills,Consumer,West,Oregon,Salem,1,29.3,2.56,0.2,3/20/2015,Active,1
BM-11785,Bryan Mills,Consumer,West,Washington,Seattle,1,28.8,0.86,0.0,4/16/2016,Active,1
BN-11470,Brad Norvell,Corporate,Central,Illinois,Chicago,1,49.62,4.96,0.2,3/14/2017,Active,1
BN-11470,Brad Norvell,Corporate,East,Pennsylvania,Philadelphia,1,12.58,4.09,0.2,4/16/2015,Active,1
BN-11470,Brad Norvell,Corporate,South,North Carolina,Cary,1,192.42,24.68,0.2,9/12/2014,Active,1
BN-11470,Brad Norvell,Corporate,West,California,Brentwood,1,10.68,2.88,0.0,12/6/2017,Active,1
BN-11515,Bradley Nguyen,Consumer,Central,Minnesota,Lakeville,1,249.92,108.19,0.0,3/17/2014,Active,1
BN-11515,Bradley Nguyen,Consumer,East,New York,New York City,2,936.12,151.84,0.033,9/1/2017,Active,1
BN-11515,Bradley Nguyen,Consumer,West,California,Los Angeles,1,12.51,3.5,0.0,12/21/2017,Active,1
BN-11515,Bradley Nguyen,Consumer,West,Washington,Seattle,1,260.79,77.18,0.05,9/17/2014,Active,1
BO-11350,Bill Overfelt,Corporate,Central,Minnesota,Roseville,1,50.4,23.18,0.0,8/15/2017,Active,1
BO-11350,Bill Overfelt,Corporate,Central,Oklahoma,Broken Arrow,1,1604.73,355.77,0.0,1/3/2016,Active,1
BO-11350,Bill Overfelt,Corporate,East,Pennsylvania,Philadelphia,1,504.51,-164.47,0.44,5/3/2017,Active,1
BO-11350,Bill Overfelt,Corporate,West,California,Los Angeles,1,41.57,2.6,0.2,4/28/2016,Active,1
BO-11350,Bill Overfelt,Corporate,West,California,San Diego,1,481.52,61.69,0.133,2/2/2017,Active,1
BO-11425,Bobby Odegard,Consumer,East,New York,New York City,1,6.08,2.07,0.0,9/10/2015,Active,1
BO-11425,Bobby Odegard,Consumer,South,Kentucky,Richmond,1,124.75,57.38,0.0,10/16/2017,Active,1
BP-11050,Barry Pond,Corporate,Central,Illinois,Chicago,2,24.04,-0.38,0.5,12/19/2016,Active,1
BP-11050,Barry Pond,Corporate,East,New Jersey,Plainfield,1,883.32,185.98,0.0,11/25/2016,Active,1
BP-11050,Barry Pond,Corporate,East,Rhode Island,Cranston,1,42.76,11.12,0.0,10/8/2017,Active,1
BP-11050,Barry Pond,Corporate,West,California,Los Angeles,1,33.3,13.06,0.0,3/18/2017,Active,1
BP-11095,Bart Pistole,Corporate,Central,Illinois,Peoria,1,12.46,-20.56,0.8,6/7/2014,Active,1
BP-11095,Bart Pistole,Corporate,Central,Texas,El Paso,1,95.98,-10.8,0.2,11/30/2017,Active,1
BP-11095,Bart Pistole,Corporate,East,Massachusetts,Lawrence,1,829.83,241.11,0.0,9/24/2017,Active,1
BP-11095,Bart Pistole,Corporate,East,New York,New York City,2,324.08,23.92,0.067,12/13/2017,Active,1
BP-11095,Bart Pistole,Corporate,South,Florida,Miami,1,15.57,-11.94,0.7,4/15/2017,Active,1
BP-11095,Bart Pistole,Corporate,South,North Carolina,Jacksonville,1,88.77,31.07,0.2,10/9/2014,Active,1
BP-11095,Bart Pistole,Corporate,West,California,Los Angeles,2,865.5,121.16,0.08,3/23/2015,Active,1
BP-11095,Bart Pistole,Corporate,West,California,Oxnard,1,131.48,37.26,0.133,7/26/2015,Active,1
BP-11095,Bart Pistole,Corporate,West,California,San Francisco,1,68.95,19.68,0.1,10/27/2016,Active,1
BP-11095,Bart Pistole,Corporate,West,Colorado,Louisville,1,9.43,3.07,0.2,2/20/2017,Active,1
BP-11155,Becky Pak,Consumer,East,New Jersey,Paterson,1,475.86,175.73,0.0,6/28/2016,Active,1
BP-11155,Becky Pak,Consumer,East,New York,New York City,1,49.12,23.09,0.0,10/2/2017,Active,1
BP-11155,Becky Pak,Consumer,East,Pennsylvania,Lancaster,1,5.72,-4.76,0.7,3/30/2017,Active,1
BP-11155,Becky Pak,Consumer,South,Georgia,Columbus,1,18.84,7.91,0.0,7/10/2017,Active,1
BP-11155,Becky Pak,Consumer,West,California,Los Angeles,1,1109.95,431.98,0.0,6/4/2015,Active,1
BP-11155,Becky Pak,Consumer,West,California,San Francisco,1,38.38,13.43,0.2,12/31/2016,Active,1
BP-11185,Ben Peterman,Corporate,Central,Illinois,Chicago,1,141.37,-14.14,0.3,12/23/2016,Active,1
BP-11185,Ben Peterman,Corporate,Central,Texas,Dallas,1,1203.44,66.24,0.25,8/28/2015,Active,1
BP-11185,Ben Peterman,Corporate,East,Pennsylvania,Philadelphia,2,1241.81,134.35,0.325,8/27/2017,Active,1
BP-11185,Ben Peterman,Corporate,South,Florida,Coral Springs,1,6.99,0.52,0.2,3/24/2015,Active,1
BP-11185,Ben Peterman,Corporate,West,California,Anaheim,1,101.12,37.41,0.0,12/29/2017,Active,1
BP-11185,Ben Peterman,Corporate,West,California,San Diego,1,85.5,30.18,0.2,12/10/2017,Active,1
BP-11185,Ben Peterman,Corporate,West,Colorado,Arvada,1,503.4,59.86,0.2,9/12/2016,Active,1
BP-11185,Ben Peterman,Corporate,West,Washington,Seattle,1,392.22,49.19,0.0,12/10/2017,Active,1
BP-11230,Benjamin Patterson,Consumer,Central,Oklahoma,Broken Arrow,1,12.86,6.05,0.0,9/24/2016,Active,1
BP-11230,Benjamin Patterson,Consumer,East,Ohio,Troy,1,1022.97,-255.74,0.4,4/30/2015,Active,1
BP-11230,Benjamin Patterson,Consumer,West,California,Los Angeles,2,74.68,31.84,0.0,4/20/2014,Active,1
BP-11230,Benjamin Patterson,Consumer,West,Washington,Spokane,1,70.98,20.58,0.0,11/21/2017,Active,1
BP-11290,Beth Paige,Consumer,Central,Illinois,Decatur,1,252.01,-40.71,0.325,5/31/2016,Active,1
BP-11290,Beth Paige,Consumer,Central,Illinois,Evanston,1,258.28,-70.1,0.3,10/3/2014,Active,1
BP-11290,Beth Paige,Consumer,East,Ohio,Columbus,1,233.53,38.42,0.325,12/18/2017,Active,1
BP-11290,Beth Paige,Consumer,East,Pennsylvania,Philadelphia,1,274.49,-228.74,0.7,1/9/2017,Active,1
BP-11290,Beth Paige,Consumer,South,North Carolina,Concord,1,370.18,2.04,0.2,7/21/2016,Active,1
BP-11290,Beth Paige,Consumer,West,California,Los Angeles,2,1086.66,-19.97,0.2,4/12/2016,Active,1
BS-11365,Bill Shonely,Corporate,Central,Oklahoma,Oklahoma City,1,64.59,24.2,0.0,6/20/2016,Active,1
BS-11365,Bill Shonely,Corporate,East,New Jersey,Lakewood,1,9135.19,2381.16,0.0,4/16/2016,Active,1
BS-11365,Bill Shonely,Corporate,East,New York,New York City,1,887.1,177.42,0.1,9/19/2014,Active,1
BS-11365,Bill Shonely,Corporate,South,Georgia,Columbus,1,344.91,10.35,0.0,8/19/2014,Active,1
BS-11365,Bill Shonely,Corporate,West,Washington,Seattle,1,69.86,22.93,0.0,5/4/2014,Active,1
BS-11380,Bill Stewart,Corporate,Central,Illinois,Skokie,1,12.62,3.94,0.2,11/29/2014,Active,1
BS-11380,Bill Stewart,Corporate,East,New York,New York City,1,590.35,206.62,0.2,12/3/2015,Active,1
BS-11380,Bill Stewart,Corporate,East,Ohio,Bowling Green,1,1126.29,78.65,0.267,11/16/2017,Active,1
BS-11380,Bill Stewart,Corporate,West,California,San Francisco,1,242.94,9.72,0.0,3/12/2017,Active,1
BS-11380,Bill Stewart,Corporate,West,Colorado,Denver,1,1915.62,-316.46,0.343,12/2/2017,Active,1
BS-11590,Brendan Sweed,Corporate,Central,Indiana,Columbus,1,33.4,12.36,0.0,9/17/2016,Active,1
BS-11590,Brendan Sweed,Corporate,East,New York,New York City,1,346.37,103.49,0.0,9/6/2015,Active,1
BS-11590,Brendan Sweed,Corporate,East,Ohio,Columbus,1,30.25,-23.54,0.7,8/25/2014,Active,1
BS-11590,Brendan Sweed,Corporate,East,Pennsylvania,Philadelphia,1,61.96,-53.29,0.5,1/14/2014,Active,1
BS-11590,Brendan Sweed,Corporate,South,Kentucky,Louisville,1,701.96,168.47,0.0,11/25/2017,Active,1
BS-11590,Brendan Sweed,Corporate,West,Arizona,Gilbert,1,1280.99,174.29,0.2,12/5/2014,Active,1
BS-11665,Brian Stugart,Consumer,Central,Illinois,Chicago,1,1328.13,62.27,0.467,5/27/2016,Active,1
BS-11665,Brian Stugart,Consumer,East,Pennsylvania,Philadelphia,1,86.38,1.08,0.2,6/23/2014,Active,1
BS-11665,Brian Stugart,Consumer,West,California,San Diego,1,1873.61,175.39,0.057,11/17/2015,Active,1
BS-11755,Bruce Stewart,Consumer,Central,Michigan,Detroit,1,933.95,82.95,0.0,11/30/2016,Active,1
BS-11755,Bruce Stewart,Consumer,East,Ohio,Cleveland,1,779.8,-168.96,0.4,5/18/2014,Active,1
BS-11755,Bruce Stewart,Consumer,East,Pennsylvania,Philadelphia,1,231.78,28.37,0.2,4/10/2017,Active,1
BS-11755,Bruce Stewart,Consumer,West,California,Los Angeles,1,120.67,18.45,0.15,10/3/2015,Active,1
BS-11755,Bruce Stewart,Consumer,West,California,San Francisco,1,186.78,57.33,0.1,9/23/2017,Active,1
BS-11755,Bruce Stewart,Consumer,West,Colorado,Denver,1,221.35,-161.58,0.35,8/3/2014,Active,1
BS-11755,Bruce Stewart,Consumer,West,Washington,Edmonds,1,88.06,30.14,0.0,12/29/2017,Active,1
BS-11800,Bryan Spruell,Home Office,East,New York,New York City,1,760.8,116.95,0.0,4/9/2017,Active,1
BS-11800,Bryan Spruell,Home Office,West,California,San Diego,1,188.63,77.11,0.0,9/26/2015,Active,1
BT-11305,Beth Thompson,Home Office,Central,Wisconsin,Superior,1,17.12,4.96,0.0,12/22/2015,Active,1
BT-11305,Beth Thompson,Home Office,West,California,Costa Mesa,1,277.71,39.23,0.0,1/28/2017,Active,1
BT-11305,Beth Thompson,Home Office,West,California,San Gabriel,1,2061.01,290.9,0.067,4/25/2014,Active,1
BT-11305,Beth Thompson,Home Office,West,Washington,Seattle,2,211.82,82.5,0.067,9/6/2015,Active,1
BT-11395,Bill Tyler,Corporate,Central,Kansas,Garden City,1,257.98,74.81,0.0,10/28/2014,Active,1
BT-11395,Bill Tyler,Corporate,Central,Michigan,Detroit,1,1126.83,131.12,0.0,11/29/2015,Active,1
BT-11395,Bill Tyler,Corporate,East,Pennsylvania,Altoona,1,20.45,-1.18,0.45,2/27/2015,Active,1
BT-11395,Bill Tyler,Corporate,West,California,Los Angeles,2,771.77,49.81,0.1,4/13/2015,Active,1
BT-11395,Bill Tyler,Corporate,West,California,San Francisco,1,9.58,3.35,0.2,5/19/2016,Active,1
BT-11440,Bobby Trafton,Consumer,Central,Illinois,Frankfort,1,76.86,26.9,0.2,6/18/2016,Active,1
BT-11440,Bobby Trafton,Consumer,Central,Michigan,Detroit,1,14.67,6.75,0.0,11/23/2014,Active,1
BT-11440,Bobby Trafton,Consumer,East,New York,New York City,1,440.05,-12.37,0.05,6/4/2014,Active,1
BT-11440,Bobby Trafton,Consumer,West,Colorado,Littleton,1,72.29,-98.8,0.7,3/19/2016,Active,1
BT-11485,Brad Thomas,Home Office,East,Maryland,Clinton,1,384.86,117.39,0.0,12/27/2015,Active,1
BT-11485,Brad Thomas,Home Office,East,Pennsylvania,Philadelphia,1,30.34,9.48,0.2,3/11/2016,Active,1
BT-11530,Bradley Talbott,Home Office,East,New York,New York City,1,216.4,56.26,0.0,12/22/2014,Active,1
BT-11530,Bradley Talbott,Home Office,East,Ohio,Cleveland,1,165.55,-4.37,0.3,1/22/2016,Active,1
BT-11530,Bradley Talbott,Home Office,West,California,Los Angeles,2,2270.7,347.1,0.067,9/30/2017,Active,1
BT-11530,Bradley Talbott,Home Office,West,California,San Diego,1,31.84,10.51,0.0,5/21/2014,Active,1
BT-11680,Brian Thompson,Consumer,Central,Texas,Houston,2,1002.29,-199.21,0.3,11/28/2014,Active,1
BT-11680,Brian Thompson,Consumer,East,Connecticut,Milford,1,67.32,29.37,0.0,4/21/2016,Active,1
BT-11680,Brian Thompson,Consumer,East,Maryland,Clinton,1,1133.82,435.02,0.0,7/9/2015,Active,1
BT-11680,Brian Thompson,Consumer,East,Ohio,Newark,1,82.26,29.7,0.2,11/20/2017,Active,1
BT-11680,Brian Thompson,Consumer,South,Florida,Fort Lauderdale,1,19.1,5.73,0.2,12/10/2017,Active,1
BT-11680,Brian Thompson,Consumer,West,California,San Francisco,1,891.96,147.13,0.05,4/10/2016,Active,1
BV-11245,Benjamin Venier,Corporate,Central,Iowa,Des Moines,1,340.22,105.94,0.0,1/30/2017,Active,1
BV-11245,Benjamin Venier,Corporate,East,New York,Oceanside,1,405.3,110.98,0.0,2/21/2016,Active,1
BV-11245,Benjamin Venier,Corporate,South,Florida,Miami,1,74.35,23.24,0.2,3/26/2015,Active,1
BV-11245,Benjamin Venier,Corporate,South,Tennessee,Smyrna,1,670.0,59.04,0.367,6/18/2015,Active,1
BV-11245,Benjamin Venier,Corporate,West,Washington,Seattle,1,33.4,16.03,0.0,12/24/2016,Active,1
BW-11065,Barry Weirich,Consumer,East,New York,New York City,1,14.62,6.73,0.0,5/25/2014,Active,1
BW-11065,Barry Weirich,Consumer,East,Pennsylvania,Philadelphia,1,324.74,-77.13,0.2,6/1/2017,Active,1
BW-11065,Barry Weirich,Consumer,South,North Carolina,Raleigh,1,46.15,12.11,0.2,8/11/2015,Active,1
BW-11110,Bart Watters,Corporate,Central,Michigan,Detroit,1,3059.98,680.0,0.1,1/7/2017,Active,1
BW-11110,Bart Watters,Corporate,Central,Texas,Houston,1,51.71,-32.32,0.6,10/8/2016,Active,1
BW-11110,Bart Watters,Corporate,Central,Wisconsin,Milwaukee,1,51.84,24.88,0.0,3/20/2015,Active,1
BW-11110,Bart Watters,Corporate,East,New York,New York City,2,342.49,129.38,0.0,12/10/2016,Active,1
BW-11110,Bart Watters,Corporate,South,North Carolina,Greensboro,1,39.25,-9.71,0.45,5/27/2017,Active,1
BW-11110,Bart Watters,Corporate,West,California,San Diego,1,485.78,78.49,0.15,4/26/2015,Active,1
BW-11110,Bart Watters,Corporate,West,Washington,Spokane,1,719.3,50.54,0.1,8/31/2017,Active,1
BW-11200,Ben Wallace,Consumer,Central,Illinois,Skokie,1,12.18,-18.87,0.8,6/8/2017,Active,1
BW-11200,Ben Wallace,Consumer,East,New York,New York City,1,511.52,98.01,0.075,10/27/2016,Active,1
BW-11200,Ben Wallace,Consumer,South,Florida,Boynton Beach,1,15.55,5.44,0.2,9/30/2014,Active,1
BW-11200,Ben Wallace,Consumer,South,Virginia,Hampton,1,290.98,75.65,0.0,10/27/2016,Active,1
BW-11200,Ben Wallace,Consumer,West,California,Los Angeles,1,16.4,4.76,0.0,6/10/2017,Active,1
BW-11200,Ben Wallace,Consumer,West,California,San Francisco,1,891.78,82.01,0.1,8/12/2014,Active,1
CA-11965,Carol Adams,Corporate,Central,South Dakota,Rapid City,1,152.64,44.77,0.0,1/26/2014,Active,1
CA-11965,Carol Adams,Corporate,Central,Texas,Port Arthur,1,697.82,92.93,0.24,11/21/2015,Active,1
CA-11965,Carol Adams,Corporate,East,Ohio,Lakewood,1,24.45,8.86,0.2,9/25/2017,Active,1
CA-11965,Carol Adams,Corporate,East,Rhode Island,Warwick,1,1999.96,899.98,0.0,12/23/2016,Active,1
CA-11965,Carol Adams,Corporate,South,Alabama,Hoover,1,22.63,7.61,0.0,1/26/2017,Active,1
CA-11965,Carol Adams,Corporate,West,California,Los Angeles,1,892.22,89.22,0.2,4/5/2015,Active,1
CA-12055,Cathy Armstrong,Home Office,Central,Texas,Houston,2,348.56,16.95,0.5,9/5/2015,Active,1
CA-12055,Cathy Armstrong,Home Office,East,New York,New York City,1,134.27,47.0,0.2,11/22/2016,Active,1
CA-12055,Cathy Armstrong,Home Office,East,Ohio,Cleveland,1,180.71,-7.46,0.2,11/24/2016,Active,1
CA-12055,Cathy Armstrong,Home Office,West,California,Los Angeles,1,1016.18,154.78,0.133,8/8/2016,Active,1
CA-12265,Christina Anderson,Consumer,Central,Illinois,Chicago,1,8.69,-14.77,0.8,12/26/2014,Active,1
CA-12265,Christina Anderson,Consumer,Central,Texas,Waco,1,330.47,-95.28,0.56,10/19/2017,Active,1
CA-12265,Christina Anderson,Consumer,East,Delaware,Wilmington,1,391.98,113.67,0.0,9/22/2017,Active,1
CA-12265,Christina Anderson,Consumer,East,New York,New York City,1,9.96,4.68,0.0,10/12/2017,Active,1
CA-12265,Christina Anderson,Consumer,South,Tennessee,Chattanooga,1,248.4,-18.03,0.325,11/4/2017,Active,1
CA-12265,Christina Anderson,Consumer,South,Virginia,Springfield,1,107.83,24.6,0.0,2/7/2016,Active,1
CA-12265,Christina Anderson,Consumer,West,California,San Francisco,1,92.36,31.46,0.0,3/25/2014,Active,1
CA-12265,Christina Anderson,Consumer,West,New Mexico,Farmington,1,545.85,114.63,0.0,7/3/2017,Active,1
CA-12265,Christina Anderson,Consumer,West,Utah,Provo,1,912.75,118.66,0.0,9/14/2015,Active,1
CA-12310,Christine Abelman,Corporate,Central,Texas,San Antonio,1,376.64,2.1,0.2,1/3/2016,Active,1
CA-12310,Christine Abelman,Corporate,East,Connecticut,Bristol,1,455.23,101.0,0.075,7/19/2014,Active,1
CA-12310,Christine Abelman,Corporate,East,Ohio,Cincinnati,1,94.78,14.15,0.2,12/9/2017,Active,1
CA-12310,Christine Abelman,Corporate,West,California,Anaheim,1,495.3,128.78,0.0,12/17/2017,Active,1
CA-12775,Cynthia Arntzen,Consumer,Central,Michigan,Detroit,2,822.48,237.71,0.0,9/1/2017,Active,1
CA-12775,Cynthia Arntzen,Consumer,East,New Jersey,Vineland,1,153.41,57.76,0.0,5/12/2017,Active,1
CA-12775,Cynthia Arntzen,Consumer,East,Pennsylvania,Philadelphia,1,1639.71,106.72,0.42,6/28/2014,Active,1
CA-12775,Cynthia Arntzen,Consumer,South,Florida,Tampa,1,26.13,5.07,0.2,9/14/2014,Active,1
CA-12775,Cynthia Arntzen,Consumer,South,Tennessee,Smyrna,1,6.67,1.67,0.2,12/11/2016,Active,1
CA-12775,Cynthia Arntzen,Consumer,West,Arizona,Mesa,1,393.16,-204.45,0.5,7/26/2015,Active,1
CB-12025,Cassandra Brandow,Consumer,Central,Texas,Arlington,1,2645.02,-133.19,0.375,8/24/2015,Active,1
CB-12025,Cassandra Brandow,Consumer,Central,Texas,Cedar Hill,1,7.08,2.48,0.2,11/17/2014,Active,1
CB-12025,Cassandra Brandow,Consumer,Central,Texas,Waco,1,251.11,-426.27,0.5,2/5/2017,Active,1
CB-12025,Cassandra Brandow,Consumer,East,New Jersey,East Orange,1,345.47,160.95,0.0,11/27/2016,Active,1
CB-12025,Cassandra Brandow,Consumer,East,Ohio,Hamilton,1,13.46,2.79,0.2,3/21/2014,Active,1
CB-12025,Cassandra Brandow,Consumer,East,Pennsylvania,Philadelphia,1,49.69,16.96,0.2,9/7/2017,Active,1
CB-12025,Cassandra Brandow,Consumer,South,Alabama,Decatur,1,239.92,23.99,0.0,11/13/2017,Active,1
CB-12025,Cassandra Brandow,Consumer,South,Virginia,Richmond,1,67.9,20.37,0.0,9/11/2017,Active,1
CB-12025,Cassandra Brandow,Consumer,West,California,Los Angeles,1,2017.53,356.63,0.092,8/28/2015,Active,1
CB-12025,Cassandra Brandow,Consumer,West,California,San Francisco,1,438.96,125.5,0.0,9/11/2017,Active,1
CB-12415,Christy Brittain,Consumer,Central,Illinois,Chicago,2,117.54,-67.54,0.5,5/3/2016,Active,1
CB-12415,Christy Brittain,Consumer,East,New York,Long Beach,1,145.5,60.22,0.0,6/12/2016,Active,1
CB-12415,Christy Brittain,Consumer,East,New York,New York City,1,146.82,73.41,0.0,11/16/2017,Active,1
CB-12415,Christy Brittain,Consumer,East,Ohio,Columbus,1,1439.98,192.0,0.4,7/25/2016,Active,1
CB-12415,Christy Brittain,Consumer,East,Ohio,Lakewood,1,34.42,-3.49,0.45,11/5/2015,Active,1
CB-12415,Christy Brittain,Consumer,East,Pennsylvania,Philadelphia,1,4.96,-3.8,0.7,2/24/2017,Active,1
CB-12415,Christy Brittain,Consumer,West,California,Los Angeles,1,59.99,21.6,0.0,1/23/2016,Active,1
CB-12535,Claudia Bergmann,Corporate,East,Delaware,Newark,1,115.4,34.51,0.0,1/2/2015,Active,1
CB-12535,Claudia Bergmann,Corporate,East,Massachusetts,Franklin,1,129.52,62.04,0.0,7/9/2015,Active,1
CB-12535,Claudia Bergmann,Corporate,East,Ohio,Cuyahoga Falls,1,8.35,1.25,0.2,5/8/2015,Active,1
CB-12535,Claudia Bergmann,Corporate,East,Vermont,Burlington,1,1672.31,452.44,0.0,1/23/2016,Active,1
CB-12535,Claudia Bergmann,Corporate,South,Mississippi,Southaven,1,839.25,336.78,0.0,3/5/2017,Active,1
CB-12535,Claudia Bergmann,Corporate,South,North Carolina,Chapel Hill,1,14.02,4.73,0.2,6/16/2017,Active,1
CB-12535,Claudia Bergmann,Corporate,West,California,Camarillo,1,1452.79,151.58,0.138,5/14/2015,Active,1
CB-12535,Claudia Bergmann,Corporate,West,California,San Francisco,1,14.82,6.22,0.0,11/7/2016,Active,1
CC-12100,Chad Cunningham,Home Office,Central,Indiana,Columbus,1,40.88,10.63,0.0,9/29/2016,Active,1
CC-12100,Chad Cunningham,Home Office,Central,Michigan,Detroit,1,246.5,47.09,0.0,8/29/2015,Active,1
CC-12100,Chad Cunningham,Home Office,East,Ohio,Cleveland,1,85.06,28.71,0.2,5/29/2015,Active,1
CC-12100,Chad Cunningham,Home Office,East,Pennsylvania,Philadelphia,1,85.21,-22.34,0.5,7/7/2016,Active,1
CC-12100,Chad Cunningham,Home Office,West,California,Los Angeles,2,1313.3,144.5,0.12,8/27/2015,Active,1
CC-12145,Charles Crestani,Consumer,Central,Oklahoma,Oklahoma City,1,10.56,4.75,0.0,8/8/2016,Active,1
CC-12145,Charles Crestani,Consumer,Central,Texas,El Paso,1,47.52,-2.04,0.3,9/7/2015,Active,1
CC-12145,Charles Crestani,Consumer,Central,Texas,Houston,1,31.74,8.33,0.2,9/15/2017,Active,1
CC-12145,Charles Crestani,Consumer,West,California,Los Angeles,2,2198.86,299.39,0.067,9/10/2015,Active,1
CC-12145,Charles Crestani,Consumer,West,California,San Diego,1,176.49,78.73,0.05,7/20/2014,Active,1
CC-12145,Charles Crestani,Consumer,West,Washington,Seattle,1,6.48,3.11,0.0,8/26/2016,Active,1
CC-12220,Chris Cortes,Consumer,Central,Illinois,Chicago,1,10.9,3.4,0.2,9/9/2014,Active,1
CC-12220,Chris Cortes,Consumer,Central,Indiana,La Porte,1,111.75,29.75,0.0,10/1/2016,Active,1
CC-12220,Chris Cortes,Consumer,Central,Texas,San Antonio,1,962.41,-82.09,0.3,3/3/2016,Active,1
CC-12220,Chris Cortes,Consumer,East,Connecticut,Fairfield,1,437.65,128.87,0.0,12/10/2017,Active,1
CC-12220,Chris Cortes,Consumer,East,New York,New York City,1,589.41,-6.55,0.1,10/4/2014,Active,1
CC-12220,Chris Cortes,Consumer,East,Pennsylvania,Philadelphia,1,904.12,114.58,0.4,6/26/2017,Active,1
CC-12220,Chris Cortes,Consumer,South,Kentucky,Owensboro,1,45.68,21.01,0.0,5/7/2015,Active,1
CC-12220,Chris Cortes,Consumer,South,Virginia,Chesapeake,1,32.4,15.55,0.0,11/14/2014,Active,1
CC-12220,Chris Cortes,Consumer,West,California,Los Angeles,1,93.9,3.81,0.0,3/28/2016,Active,1
CC-12220,Chris Cortes,Consumer,West,California,Westminster,1,243.16,72.95,0.0,5/4/2017,Active,1
CC-12220,Chris Cortes,Consumer,West,Washington,Seattle,2,482.05,92.67,0.1,7/8/2016,Active,1
CC-12370,Christopher Conant,Consumer,Central,Texas,Houston,1,1.25,-1.93,0.8,11/6/2017,Active,1
CC-12370,Christopher Conant,Consumer,East,New York,New York City,1,226.64,95.64,0.0,11/17/2017,Active,1
CC-12370,Christopher Conant,Consumer,East,Pennsylvania,Philadelphia,1,8539.02,1094.95,0.425,5/23/2016,Active,1
CC-12370,Christopher Conant,Consumer,South,North Carolina,Fayetteville,1,225.3,22.53,0.2,8/15/2016,Active,1
CC-12370,Christopher Conant,Consumer,West,California,Los Angeles,1,3136.87,965.86,0.133,7/7/2016,Active,1
CC-12430,Chuck Clark,Home Office,Central,Indiana,Columbus,1,209.3,56.51,0.0,12/30/2017,Active,1
CC-12430,Chuck Clark,Home Office,Central,Minnesota,Minneapolis,1,40.28,15.75,0.0,11/6/2017,Active,1
CC-12430,Chuck Clark,Home Office,East,New Hampshire,Concord,1,724.55,144.67,0.0,1/17/2016,Active,1
CC-12430,Chuck Clark,Home Office,East,New York,New York City,2,734.28,152.28,0.025,9/6/2015,Active,1
CC-12430,Chuck Clark,Home Office,East,Pennsylvania,Philadelphia,1,217.06,78.68,0.2,11/13/2016,Active,1
CC-12430,Chuck Clark,Home Office,West,California,Lakewood,1,868.45,-55.22,0.133,5/20/2017,Active,1
CC-12430,Chuck Clark,Home Office,West,California,San Francisco,2,63.81,26.07,0.1,9/19/2016,Active,1
CC-12430,Chuck Clark,Home Office,West,Washington,Redmond,1,12.32,5.91,0.0,9/17/2016,Active,1
CC-12475,Cindy Chapman,Consumer,Central,Minnesota,Moorhead,1,63.96,19.83,0.0,8/7/2017,Active,1
CC-12475,Cindy Chapman,Consumer,Central,Texas,Houston,1,524.02,-66.84,0.433,9/11/2017,Active,1
CC-12475,Cindy Chapman,Consumer,East,Maryland,Baltimore,1,164.88,80.79,0.0,9/30/2017,Active,1
CC-12475,Cindy Chapman,Consumer,East,New Jersey,Lakewood,1,14.96,0.3,0.0,11/7/2016,Active,1
CC-12475,Cindy Chapman,Consumer,East,New York,New York City,1,90.52,28.53,0.1,5/2/2016,Active,1
CC-12475,Cindy Chapman,Consumer,East,Pennsylvania,Philadelphia,1,47.74,6.57,0.2,11/21/2017,Active,1
CC-12475,Cindy Chapman,Consumer,West,California,Los Angeles,1,10.56,5.07,0.0,10/7/2016,Active,1
CC-12475,Cindy Chapman,Consumer,West,California,San Diego,1,686.4,77.22,0.2,11/4/2016,Active,1
CC-12475,Cindy Chapman,Consumer,West,California,San Francisco,1,56.4,3.38,0.0,5/16/2014,Active,1
CC-12550,Clay Cheatham,Consumer,Central,Texas,Plano,1,10.37,3.63,0.2,12/3/2017,Active,1
CC-12550,Clay Cheatham,Consumer,West,California,Los Angeles,1,55.49,25.44,0.1,12/1/2017,Active,1
CC-12550,Clay Cheatham,Consumer,West,California,San Francisco,1,47.98,4.8,0.2,6/15/2017,Active,1
CC-12610,Corey Catlett,Corporate,Central,Texas,Houston,1,61.79,6.18,0.2,7/30/2015,Active,1
CC-12610,Corey Catlett,Corporate,East,Ohio,Columbus,1,265.41,33.78,0.2,11/26/2017,Active,1
CC-12610,Corey Catlett,Corporate,East,Pennsylvania,Philadelphia,1,1.94,-1.29,0.7,7/21/2016,Active,1
CC-12610,Corey Catlett,Corporate,South,North Carolina,Durham,1,140.74,12.31,0.2,9/7/2015,Active,1
CC-12610,Corey Catlett,Corporate,South,Tennessee,Nashville,1,31.09,-20.72,0.7,3/19/2016,Active,1
CC-12610,Corey Catlett,Corporate,South,Virginia,Springfield,1,1812.01,481.44,0.0,8/27/2014,Active,1
CC-12610,Corey Catlett,Corporate,West,Colorado,Denver,1,227.66,-180.26,0.367,10/10/2016,Active,1
CC-12670,Craig Carreira,Consumer,Central,Illinois,Chicago,1,4.79,-7.9,0.8,12/16/2016,Active,1
CC-12670,Craig Carreira,Consumer,Central,Indiana,Bloomington,1,134.85,37.76,0.0,3/3/2016,Active,1
CC-12670,Craig Carreira,Consumer,East,New York,New York City,1,259.44,19.7,0.067,12/1/2017,Active,1
CC-12670,Craig Carreira,Consumer,South,Florida,Tampa,1,619.85,11.26,0.2,12/23/2014,Active,1
CC-12670,Craig Carreira,Consumer,West,Arizona,Scottsdale,1,271.99,23.8,0.2,11/27/2016,Active,1
CC-12670,Craig Carreira,Consumer,West,California,Los Angeles,1,956.8,94.64,0.075,6/18/2017,Active,1
CC-12670,Craig Carreira,Consumer,West,Washington,Seattle,1,21.98,8.57,0.0,9/12/2015,Active,1
CC-12685,Craig Carroll,Consumer,Central,Texas,Lubbock,1,546.79,172.15,0.4,10/23/2015,Active,1
CC-12685,Craig Carroll,Consumer,East,New York,New York City,1,1884.14,592.24,0.133,9/14/2015,Active,1
CC-12685,Craig Carroll,Consumer,South,Kentucky,Henderson,1,364.07,131.08,0.0,1/9/2015,Active,1
CC-12685,Craig Carroll,Consumer,South,North Carolina,Greensboro,1,59.11,-45.32,0.7,3/22/2014,Active,1
CD-11920,Carlos Daly,Consumer,Central,Kansas,Wichita,1,152.52,46.94,0.0,12/29/2016,Active,1
CD-11920,Carlos Daly,Consumer,East,New York,New York City,2,1584.57,355.76,0.04,3/24/2014,Active,1
CD-11920,Carlos Daly,Consumer,West,California,Lake Elsinore,1,283.92,17.74,0.2,11/27/2015,Active,1
CD-11920,Carlos Daly,Consumer,West,California,Oceanside,1,12.96,6.22,0.0,5/26/2017,Active,1
CD-11980,Carol Darley,Consumer,Central,Texas,Tyler,1,296.02,-364.37,0.6,3/18/2017,Active,1
CD-11980,Carol Darley,Consumer,East,New York,New York City,1,318.96,149.91,0.0,11/6/2017,Active,1
CD-11980,Carol Darley,Consumer,West,Oregon,Medford,1,24.78,7.74,0.2,11/24/2016,Active,1
CD-12280,Christina DeMoss,Consumer,East,New York,New York City,1,796.04,118.91,0.112,11/5/2017,Active,1
CD-12280,Christina DeMoss,Consumer,West,Washington,Seattle,1,409.55,114.12,0.04,11/18/2017,Active,1
CD-12790,Cynthia Delaney,Home Office,Central,Oklahoma,Oklahoma City,1,1058.27,339.74,0.0,10/15/2016,Active,1
CD-12790,Cynthia Delaney,Home Office,East,Connecticut,Shelton,1,73.33,21.41,0.0,11/26/2016,Active,1
CD-12790,Cynthia Delaney,Home Office,West,California,Los Angeles,1,609.44,2.53,0.1,9/21/2015,Active,1
CD-12790,Cynthia Delaney,Home Office,West,California,Moreno Valley,1,107.35,34.37,0.05,12/27/2014,Active,1
CD-12790,Cynthia Delaney,Home Office,West,California,San Diego,1,12.35,5.8,0.0,2/2/2014,Active,1
CG-12040,Catherine Glotzbach,Home Office,Central,Wisconsin,Milwaukee,1,18.24,8.57,0.0,11/11/2017,Active,1
CG-12040,Catherine Glotzbach,Home Office,East,New York,New York City,1,28.91,13.3,0.0,3/19/2017,Active,1
CG-12040,Catherine Glotzbach,Home Office,East,Pennsylvania,Philadelphia,1,538.02,32.43,0.325,6/20/2016,Active,1
CG-12040,Catherine Glotzbach,Home Office,South,Tennessee,Bristol,1,67.56,8.44,0.2,9/10/2016,Active,1
CG-12040,Catherine Glotzbach,Home Office,South,Tennessee,Lebanon,1,239.98,18.0,0.2,10/24/2016,Active,1
CG-12040,Catherine Glotzbach,Home Office,West,California,Los Angeles,1,11.76,5.76,0.0,6/1/2015,Active,1
CG-12520,Claire Gute,Consumer,Central,Texas,Dallas,1,136.72,-93.38,0.4,10/15/2015,Active,1
CG-12520,Claire Gute,Consumer,Central,Texas,Houston,1,18.16,1.82,0.2,1/26/2017,Active,1
CG-12520,Claire Gute,Consumer,South,Kentucky,Henderson,1,993.9,261.5,0.0,11/8/2016,Active,1
CH-12070,Cathy Hwang,Home Office,Central,Michigan,Detroit,1,299.9,74.97,0.0,10/30/2015,Active,1
CH-12070,Cathy Hwang,Home Office,East,Pennsylvania,Philadelphia,1,109.36,-6.72,0.2,6/25/2015,Active,1
CH-12070,Cathy Hwang,Home Office,South,North Carolina,Raleigh,1,1127.98,126.9,0.2,2/8/2016,Active,1
CJ-11875,Carl Jackson,Corporate,East,Pennsylvania,Philadelphia,1,16.52,1.65,0.2,12/30/2016,Active,1
CJ-12010,Caroline Jumper,Consumer,Central,Texas,Houston,1,1875.13,-98.07,0.28,3/27/2017,Active,1
CJ-12010,Caroline Jumper,Consumer,East,New York,Long Beach,1,176.78,-22.1,0.2,3/10/2016,Active,1
CJ-12010,Caroline Jumper,Consumer,East,New York,New York City,1,4835.98,1322.13,0.05,5/7/2016,Active,1
CJ-12010,Caroline Jumper,Consumer,East,Pennsylvania,Allentown,1,15.81,3.71,0.2,7/22/2016,Active,1
CJ-12010,Caroline Jumper,Consumer,East,Pennsylvania,Philadelphia,1,413.01,79.22,0.45,12/3/2016,Active,1
CJ-12010,Caroline Jumper,Consumer,South,Florida,Jacksonville,1,3740.51,-457.73,0.283,5/1/2017,Active,1
CJ-12010,Caroline Jumper,Consumer,West,California,Huntington Beach,1,95.92,25.9,0.0,6/24/2017,Active,1
CJ-12010,Caroline Jumper,Consumer,West,California,San Francisco,1,11.84,5.68,0.0,1/26/2017,Active,1
CK-12205,Chloris Kastensmidt,Consumer,Central,Texas,Dallas,1,237.61,-38.55,0.2,8/7/2017,Active,1
CK-12205,Chloris Kastensmidt,Consumer,Central,Texas,Mcallen,1,203.65,10.23,0.32,7/23/2016,Active,1
CK-12205,Chloris Kastensmidt,Consumer,East,Massachusetts,Everett,1,87.6,42.05,0.0,5/12/2017,Active,1
CK-12205,Chloris Kastensmidt,Consumer,East,New York,Hempstead,1,115.95,44.3,0.067,6/16/2014,Active,1
CK-12205,Chloris Kastensmidt,Consumer,East,Ohio,Columbus,2,254.64,-13.81,0.32,3/11/2014,Active,1
CK-12205,Chloris Kastensmidt,Consumer,East,Ohio,Lakewood,1,10.78,-7.91,0.7,8/18/2017,Active,1
CK-12205,Chloris Kastensmidt,Consumer,East,Pennsylvania,Philadelphia,2,664.98,-136.28,0.28,7/16/2016,Active,1
CK-12205,Chloris Kastensmidt,Consumer,South,Florida,Apopka,1,193.15,34.7,0.2,7/28/2014,Active,1
CK-12205,Chloris Kastensmidt,Consumer,West,California,Santa Clara,1,79.79,22.73,0.1,6/5/2016,Active,1
CK-12205,Chloris Kastensmidt,Consumer,West,Oregon,Hillsboro,1,64.07,-1.61,0.2,10/2/2015,Active,1
CK-12205,Chloris Kastensmidt,Consumer,West,Washington,Renton,1,1242.63,185.43,0.133,11/21/2017,Active,1
CK-12325,Christine Kargatis,Home Office,East,Ohio,Troy,1,1448.85,-127.23,0.4,2/17/2017,Active,1
CK-12325,Christine Kargatis,Home Office,South,Arkansas,Hot Springs,1,215.84,59.08,0.0,4/8/2016,Active,1
CK-12325,Christine Kargatis,Home Office,South,Virginia,Chesapeake,1,1139.92,284.98,0.0,3/14/2014,Active,1
CK-12325,Christine Kargatis,Home Office,West,Utah,Orem,1,133.13,41.43,0.1,6/2/2014,Active,1
CK-12325,Christine Kargatis,Home Office,West,Washington,Seattle,1,7.58,2.96,0.0,9/1/2017,Active,1
CK-12595,Clytie Kelty,Consumer,Central,Illinois,Chicago,1,12.13,-20.62,0.8,1/29/2017,Active,1
CK-12595,Clytie Kelty,Consumer,East,New York,New York City,1,29.34,13.5,0.0,3/12/2016,Active,1
CK-12595,Clytie Kelty,Consumer,East,Ohio,Grove City,1,123.59,13.2,0.55,11/14/2017,Active,1
CK-12595,Clytie Kelty,Consumer,East,Pennsylvania,Philadelphia,1,676.73,-39.39,0.383,7/11/2015,Active,1
CK-12595,Clytie Kelty,Consumer,East,Rhode Island,Providence,1,69.52,17.38,0.0,9/19/2016,Active,1
CK-12595,Clytie Kelty,Consumer,South,Arkansas,Little Rock,1,678.87,280.81,0.0,6/6/2016,Active,1
CK-12595,Clytie Kelty,Consumer,South,Georgia,Marietta,1,5.64,2.71,0.0,8/13/2015,Active,1
CK-12595,Clytie Kelty,Consumer,South,North Carolina,Charlotte,1,699.4,201.67,0.2,11/17/2017,Active,1
CK-12595,Clytie Kelty,Consumer,West,California,Los Angeles,2,62.14,27.22,0.0,4/8/2016,Active,1
CK-12595,Clytie Kelty,Consumer,West,California,San Diego,1,15.39,1.23,0.0,12/26/2014,Active,1
CK-12760,Cyma Kinney,Corporate,Central,Illinois,Aurora,1,719.1,-473.27,0.5,10/9/2017,Active,1
CK-12760,Cyma Kinney,Corporate,East,New Jersey,Linden,1,115.36,49.6,0.0,2/7/2014,Active,1
CK-12760,Cyma Kinney,Corporate,East,New York,Long Beach,1,34.38,10.76,0.0,2/19/2016,Active,1
CK-12760,Cyma Kinney,Corporate,East,New York,New York City,1,279.81,76.43,0.0,11/13/2016,Active,1
CK-12760,Cyma Kinney,Corporate,South,Florida,Jacksonville,1,68.74,-48.12,0.7,3/28/2017,Active,1
CK-12760,Cyma Kinney,Corporate,South,Tennessee,Nashville,1,7.24,1.18,0.2,9/6/2015,Active,1
CK-12760,Cyma Kinney,Corporate,South,Virginia,Arlington,1,56.45,14.68,0.0,2/1/2016,Active,1
CK-12760,Cyma Kinney,Corporate,West,Arizona,Glendale,1,266.35,13.32,0.2,7/26/2015,Active,1
CK-12760,Cyma Kinney,Corporate,West,California,San Francisco,1,34.68,16.99,0.0,12/9/2014,Active,1
CL-11890,Carl Ludwig,Consumer,Central,Illinois,Chicago,1,123.55,-29.34,0.2,7/26/2014,Active,1
CL-11890,Carl Ludwig,Consumer,East,Massachusetts,Everett,1,1081.69,338.06,0.0,9/15/2017,Active,1
CL-11890,Carl Ludwig,Consumer,East,Pennsylvania,Philadelphia,1,40.03,15.01,0.2,6/10/2017,Active,1
CL-11890,Carl Ludwig,Consumer,West,California,San Francisco,1,16.74,4.35,0.0,12/1/2016,Active,1
CL-12565,Clay Ludtke,Consumer,Central,Iowa,Urbandale,1,103.2,36.14,0.0,11/3/2016,Active,1
CL-12565,Clay Ludtke,Consumer,Central,Oklahoma,Tulsa,1,1805.88,523.71,0.0,3/21/2017,Active,1
CL-12565,Clay Ludtke,Consumer,East,New York,Long Beach,1,1111.42,383.94,0.1,9/14/2016,Active,1
CL-12565,Clay Ludtke,Consumer,East,New York,New York City,1,21.24,8.07,0.0,9/2/2014,Active,1
CL-12565,Clay Ludtke,Consumer,East,Ohio,Cleveland,1,1110.34,104.23,0.2,5/8/2016,Active,1
CL-12565,Clay Ludtke,Consumer,East,Pennsylvania,Reading,1,303.92,-30.39,0.2,12/19/2016,Active,1
CL-12565,Clay Ludtke,Consumer,South,South Carolina,Columbia,1,354.9,17.74,0.0,3/4/2014,Active,1
CL-12565,Clay Ludtke,Consumer,West,California,Lancaster,1,17.46,5.89,0.2,3/17/2017,Active,1
CL-12565,Clay Ludtke,Consumer,West,California,Los Angeles,2,4409.02,710.49,0.08,5/28/2016,Active,1
CL-12565,Clay Ludtke,Consumer,West,Oregon,Gresham,1,1508.77,156.31,0.2,9/10/2014,Active,1
CL-12565,Clay Ludtke,Consumer,West,Washington,Seattle,1,134.4,17.65,0.2,7/12/2014,Active,1
CL-12700,Craig Leslie,Home Office,Central,Missouri,Springfield,1,8.76,4.2,0.0,4/14/2017,Active,1
CL-12700,Craig Leslie,Home Office,East,New York,New York City,1,449.91,157.47,0.0,1/28/2017,Active,1
CL-12700,Craig Leslie,Home Office,South,Kentucky,Florence,1,18.0,3.24,0.0,9/16/2017,Active,1
CL-12700,Craig Leslie,Home Office,West,Colorado,Aurora,1,532.5,-88.32,0.2,9/24/2016,Active,1
CL-12700,Craig Leslie,Home Office,West,Colorado,Colorado Springs,1,1344.42,152.42,0.367,4/24/2016,Active,1
CM-11815,Candace McMahon,Corporate,Central,Texas,El Paso,1,49.57,17.97,0.2,12/31/2014,Active,1
CM-11815,Candace McMahon,Corporate,Central,Texas,Pasadena,1,20.74,7.26,0.2,11/14/2014,Active,1
CM-11815,Candace McMahon,Corporate,West,Arizona,Phoenix,1,483.48,79.43,0.2,5/28/2017,Active,1
CM-11815,Candace McMahon,Corporate,West,California,San Francisco,1,111.96,21.27,0.0,3/10/2017,Active,1
CM-11815,Candace McMahon,Corporate,West,Washington,Seattle,2,1008.14,88.53,0.05,9/23/2016,Active,1
CM-11935,Carlos Meador,Consumer,South,North Carolina,Fayetteville,1,530.27,-56.9,0.2,1/22/2016,Active,1
CM-11935,Carlos Meador,Consumer,West,Arizona,Tucson,1,35.12,13.17,0.2,9/24/2015,Active,1
CM-12115,Chad McGuire,Consumer,East,New York,New York City,2,800.04,228.35,0.0,3/31/2017,Active,1
CM-12115,Chad McGuire,Consumer,West,California,Los Angeles,1,474.95,142.49,0.0,12/22/2017,Active,1
CM-12115,Chad McGuire,Consumer,West,California,San Francisco,1,386.62,38.24,0.1,10/2/2017,Active,1
CM-12160,Charles McCrossin,Consumer,Central,Texas,Brownsville,1,1.74,-0.35,0.2,9/28/2017,Active,1
CM-12160,Charles McCrossin,Consumer,East,Maryland,Baltimore,1,98.16,9.82,0.0,10/21/2016,Active,1
CM-12160,Charles McCrossin,Consumer,East,Massachusetts,New Bedford,1,23.18,7.65,0.0,8/18/2017,Active,1
CM-12160,Charles McCrossin,Consumer,East,Pennsylvania,Philadelphia,2,406.71,-85.91,0.433,12/4/2017,Active,1
CM-12160,Charles McCrossin,Consumer,West,California,San Francisco,1,2003.52,-325.57,0.2,12/17/2016,Active,1
CM-12190,Charlotte Melton,Consumer,Central,Illinois,Chicago,1,183.37,-36.67,0.3,8/3/2017,Active,1
CM-12190,Charlotte Melton,Consumer,Central,Minnesota,Rochester,1,638.68,104.99,0.0,12/22/2017,Active,1
CM-12190,Charlotte Melton,Consumer,East,New York,Utica,1,119.94,6.0,0.0,11/16/2017,Active,1
CM-12190,Charlotte Melton,Consumer,East,Pennsylvania,Philadelphia,1,11.35,4.12,0.2,11/9/2015,Active,1
CM-12190,Charlotte Melton,Consumer,West,California,Los Angeles,1,77.88,3.89,0.0,10/17/2015,Active,1
CM-12190,Charlotte Melton,Consumer,West,California,San Diego,1,443.92,8.88,0.0,9/18/2015,Active,1
CM-12235,Chris McAfee,Consumer,Central,Texas,Carrollton,1,1399.94,52.5,0.2,8/12/2016,Active,1
CM-12235,Chris McAfee,Consumer,Central,Wisconsin,Milwaukee,1,26.94,11.31,0.0,5/26/2016,Active,1
CM-12235,Chris McAfee,Consumer,East,New York,Watertown,1,698.5,229.7,0.1,12/10/2016,Active,1
CM-12235,Chris McAfee,Consumer,South,Arkansas,Little Rock,1,140.52,67.54,0.0,5/1/2016,Active,1
CM-12235,Chris McAfee,Consumer,West,Arizona,Phoenix,1,39.81,3.98,0.2,11/27/2016,Active,1
CM-12385,Christopher Martinez,Consumer,Central,Illinois,Chicago,1,240.37,16.81,0.333,11/23/2017,Active,1
CM-12385,Christopher Martinez,Consumer,South,Georgia,Atlanta,1,6412.77,3192.07,0.0,3/16/2015,Active,1
CM-12385,Christopher Martinez,Consumer,South,South Carolina,North Charleston,1,269.49,5.39,0.0,9/14/2015,Active,1
CM-12385,Christopher Martinez,Consumer,West,California,San Francisco,1,2031.39,685.62,0.1,1/3/2017,Active,1
CM-12445,Chuck Magee,Consumer,Central,Texas,Houston,1,132.95,9.26,0.233,10/20/2016,Active,1
CM-12445,Chuck Magee,Consumer,West,California,Redlands,1,124.58,44.4,0.0,9/26/2016,Active,1
CM-12445,Chuck Magee,Consumer,West,California,San Francisco,1,30.46,10.77,0.0,6/9/2014,Active,1
CM-12655,Corinna Mitchell,Home Office,Central,Texas,Houston,1,449.05,-43.9,0.26,3/19/2015,Active,1
CM-12655,Corinna Mitchell,Home Office,East,New York,New York City,2,3999.79,1366.86,0.0,11/13/2016,Active,1
CM-12655,Corinna Mitchell,Home Office,South,Mississippi,Jackson,1,23.34,0.23,0.0,8/8/2016,Active,1
CM-12655,Corinna Mitchell,Home Office,West,California,Los Angeles,1,1345.42,160.53,0.067,11/3/2015,Active,1
CM-12655,Corinna Mitchell,Home Office,West,Washington,Seattle,1,521.96,88.73,0.0,12/3/2017,Active,1
CM-12715,Craig Molinari,Corporate,Central,Texas,Houston,1,1283.33,-29.89,0.26,3/1/2015,Active,1
CM-12715,Craig Molinari,Corporate,Central,Texas,Huntsville,1,1488.77,117.4,0.5,10/10/2014,Active,1
CM-12715,Craig Molinari,Corporate,East,Pennsylvania,Philadelphia,1,68.53,3.29,0.367,9/26/2014,Active,1
CM-12715,Craig Molinari,Corporate,West,Washington,Seattle,1,1143.82,85.51,0.1,3/7/2014,Active,1
CP-12085,Cathy Prescott,Corporate,Central,Illinois,Quincy,1,78.04,14.98,0.4,8/29/2017,Active,1
CP-12085,Cathy Prescott,Corporate,Central,Missouri,Springfield,1,4619.33,206.65,0.0,1/13/2017,Active,1
CP-12085,Cathy Prescott,Corporate,East,Connecticut,Norwich,1,11.34,5.56,0.0,3/30/2016,Active,1
CP-12085,Cathy Prescott,Corporate,East,New York,New York City,1,129.98,62.39,0.0,12/4/2014,Active,1
CP-12085,Cathy Prescott,Corporate,East,Ohio,Lakewood,1,45.89,9.18,0.2,10/9/2017,Active,1
CP-12085,Cathy Prescott,Corporate,South,Florida,Delray Beach,1,232.62,25.83,0.2,5/26/2016,Active,1
CP-12085,Cathy Prescott,Corporate,West,Arizona,Tucson,1,238.15,89.31,0.2,9/3/2015,Active,1
CP-12085,Cathy Prescott,Corporate,West,Washington,Covington,1,46.9,13.13,0.0,3/24/2015,Active,1
CP-12340,Christine Phan,Corporate,East,Connecticut,Waterbury,1,584.77,159.68,0.0,6/17/2016,Active,1
CP-12340,Christine Phan,Corporate,East,New York,New York City,2,3468.26,-1027.4,0.233,7/23/2017,Active,1
CP-12340,Christine Phan,Corporate,East,Rhode Island,Warwick,1,111.96,54.86,0.0,5/21/2016,Active,1
CP-12340,Christine Phan,Corporate,South,Florida,Jacksonville,1,113.57,-21.29,0.2,4/24/2017,Active,1
CP-12340,Christine Phan,Corporate,South,Florida,Miami,1,1361.63,-1044.46,0.7,11/7/2015,Active,1
CP-12340,Christine Phan,Corporate,West,California,Los Angeles,1,71.09,-1.78,0.2,6/3/2016,Active,1
CP-12340,Christine Phan,Corporate,West,Washington,Seattle,1,177.0,30.09,0.0,10/14/2016,Active,1
CR-12580,Clay Rozendal,Home Office,Central,Illinois,Elmhurst,1,240.04,-45.69,0.2,4/18/2016,Active,1
CR-12580,Clay Rozendal,Home Office,East,New York,New York City,1,10.53,3.68,0.2,9/23/2016,Active,1
CR-12580,Clay Rozendal,Home Office,West,California,San Diego,1,1872.93,108.8,0.1,11/3/2017,Active,1
CR-12580,Clay Rozendal,Home Office,West,Washington,Bellevue,1,25.35,7.6,0.0,11/24/2016,Active,1
CR-12625,Corey Roper,Home Office,Central,Michigan,Grand Rapids,1,19.44,9.53,0.0,8/23/2014,Active,1
CR-12625,Corey Roper,Home Office,East,New Jersey,Lakewood,1,334.68,104.79,0.0,6/1/2014,Active,1
CR-12625,Corey Roper,Home Office,South,Georgia,Columbus,1,121.78,30.44,0.0,9/16/2016,Active,1
CR-12730,Craig Reiter,Consumer,Central,Illinois,Chicago,2,444.49,2.36,0.25,8/20/2014,Active,1
CR-12730,Craig Reiter,Consumer,East,New York,New York City,1,904.9,253.37,0.0,10/13/2017,Active,1
CR-12730,Craig Reiter,Consumer,East,Ohio,Columbus,1,251.16,51.18,0.367,8/22/2016,Active,1
CR-12820,Cyra Reiten,Home Office,Central,Texas,Houston,1,702.84,-52.06,0.24,2/17/2017,Active,1
CR-12820,Cyra Reiten,Home Office,East,New York,New York City,1,681.91,133.2,0.0,10/6/2017,Active,1
CR-12820,Cyra Reiten,Home Office,South,Florida,West Palm Beach,1,13.12,2.13,0.2,1/24/2015,Active,1
CS-11845,Cari Sayre,Corporate,Central,Illinois,Chicago,1,9.26,-13.9,0.8,12/14/2014,Active,1
CS-11845,Cari Sayre,Corporate,Central,Texas,Houston,1,9.16,-13.73,0.8,4/2/2015,Active,1
CS-11845,Cari Sayre,Corporate,West,Washington,Seattle,3,1260.53,213.01,0.1,9/30/2017,Active,1
CS-11860,Cari Schnelling,Consumer,Central,Texas,Dallas,1,1.72,-2.84,0.8,10/19/2015,Active,1
CS-11860,Cari Schnelling,Consumer,East,New York,New York City,2,26.77,8.29,0.067,7/21/2017,Active,1
CS-11860,Cari Schnelling,Consumer,East,Ohio,Fairfield,1,3.82,1.19,0.2,7/12/2017,Active,1
CS-11860,Cari Schnelling,Consumer,South,Florida,Lakeland,1,479.98,90.0,0.2,5/2/2014,Active,1
CS-11860,Cari Schnelling,Consumer,South,North Carolina,Jacksonville,1,25.34,9.19,0.2,6/2/2017,Active,1
CS-11950,Carlos Soltero,Consumer,Central,Illinois,Chicago,2,87.31,-11.97,0.533,9/3/2016,Active,1
CS-11950,Carlos Soltero,Consumer,East,New York,Freeport,1,122.62,16.46,0.05,9/25/2015,Active,1
CS-11950,Carlos Soltero,Consumer,East,New York,New York City,1,51.41,15.45,0.0,12/5/2017,Active,1
CS-11950,Carlos Soltero,Consumer,East,Pennsylvania,Philadelphia,3,1142.62,-304.1,0.438,4/3/2016,Active,1
CS-11950,Carlos Soltero,Consumer,South,Mississippi,Jackson,1,11.68,5.26,0.0,10/24/2017,Active,1
CS-11950,Carlos Soltero,Consumer,West,California,Los Angeles,1,615.41,26.8,0.05,10/21/2016,Active,1
CS-11950,Carlos Soltero,Consumer,West,California,Pasadena,1,419.94,52.49,0.2,5/7/2017,Active,1
CS-11950,Carlos Soltero,Consumer,West,Washington,Seattle,1,585.55,73.19,0.2,6/8/2014,Active,1
CS-12130,Chad Sievert,Consumer,Central,Texas,Austin,1,88.8,-2.22,0.2,12/20/2015,Active,1
CS-12130,Chad Sievert,Consumer,West,California,Los Angeles,1,472.04,84.36,0.067,8/5/2014,Active,1
CS-12130,Chad Sievert,Consumer,West,Colorado,Englewood,1,124.06,13.75,0.2,8/28/2016,Active,1
CS-12130,Chad Sievert,Consumer,West,Washington,Seattle,1,199.74,47.94,0.0,9/21/2015,Active,1
CS-12175,Charles Sheldon,Corporate,Central,Iowa,Iowa City,1,9.99,4.5,0.0,9/26/2016,Active,1
CS-12175,Charles Sheldon,Corporate,East,New Jersey,Lakewood,1,196.21,98.1,0.0,8/12/2014,Active,1
CS-12175,Charles Sheldon,Corporate,South,Tennessee,Chattanooga,1,8.1,-5.94,0.7,4/6/2017,Active,1
CS-12175,Charles Sheldon,Corporate,South,Tennessee,Columbia,1,79.12,13.85,0.2,4/17/2016,Active,1
CS-12175,Charles Sheldon,Corporate,West,California,San Francisco,1,551.04,2.63,0.1,5/12/2017,Active,1
CS-12250,Chris Selesnick,Corporate,Central,Illinois,Chicago,1,10.69,3.74,0.2,11/23/2017,Active,1
CS-12250,Chris Selesnick,Corporate,Central,Minnesota,Woodbury,1,72.24,35.47,0.0,1/4/2015,Active,1
CS-12250,Chris Selesnick,Corporate,Central,Texas,Haltom City,1,6.61,2.15,0.2,11/3/2015,Active,1
CS-12250,Chris Selesnick,Corporate,Central,Wisconsin,Green Bay,1,18.96,7.58,0.0,9/22/2016,Active,1
CS-12250,Chris Selesnick,Corporate,East,New York,New York City,1,64.96,9.74,0.0,2/7/2014,Active,1
CS-12250,Chris Selesnick,Corporate,South,Louisiana,Bossier City,1,1287.26,326.57,0.0,1/13/2014,Active,1
CS-12250,Chris Selesnick,Corporate,South,South Carolina,Columbia,1,542.34,110.84,0.0,11/28/2014,Active,1
CS-12250,Chris Selesnick,Corporate,West,California,Los Angeles,2,53.08,20.32,0.133,6/28/2016,Active,1
CS-12250,Chris Selesnick,Corporate,West,California,San Diego,2,559.65,190.87,0.067,11/20/2015,Active,1
CS-12250,Chris Selesnick,Corporate,West,Washington,Seattle,1,138.43,31.08,0.1,1/23/2017,Active,1
CS-12355,Christine Sundaresam,Consumer,East,Connecticut,Fairfield,1,62.94,30.21,0.0,8/15/2014,Active,1
CS-12355,Christine Sundaresam,Consumer,East,Massachusetts,Malden,1,39.68,10.32,0.0,3/17/2016,Active,1
CS-12355,Christine Sundaresam,Consumer,East,New York,Long Beach,1,17.47,6.33,0.2,7/7/2017,Active,1
CS-12355,Christine Sundaresam,Consumer,East,New York,New York City,1,253.13,12.59,0.2,4/14/2017,Active,1
CS-12355,Christine Sundaresam,Consumer,East,Ohio,Dublin,1,503.87,109.78,0.2,6/16/2017,Active,1
CS-12355,Christine Sundaresam,Consumer,South,Florida,Hollywood,1,243.6,46.82,0.2,8/15/2014,Active,1
CS-12355,Christine Sundaresam,Consumer,South,Georgia,Roswell,1,919.49,258.28,0.0,9/4/2015,Active,1
CS-12355,Christine Sundaresam,Consumer,South,Louisiana,Lafayette,1,712.85,300.53,0.0,12/24/2017,Active,1
CS-12355,Christine Sundaresam,Consumer,South,Virginia,Salem,1,35.04,12.26,0.0,11/17/2017,Active,1
CS-12355,Christine Sundaresam,Consumer,West,California,Long Beach,1,366.99,29.83,0.133,6/23/2015,Active,1
CS-12355,Christine Sundaresam,Consumer,West,Washington,Seattle,1,47.1,14.98,0.0,11/12/2017,Active,1
CS-12400,Christopher Schild,Home Office,Central,Illinois,Chicago,1,230.38,-48.95,0.2,11/13/2017,Active,1
CS-12400,Christopher Schild,Home Office,Central,North Dakota,Fargo,1,28.38,13.56,0.0,12/28/2017,Active,1
CS-12400,Christopher Schild,Home Office,East,Pennsylvania,Philadelphia,1,743.99,-124.0,0.4,5/10/2016,Active,1
CS-12400,Christopher Schild,Home Office,South,Florida,Tampa,1,1735.85,-361.57,0.4,4/7/2017,Active,1
CS-12400,Christopher Schild,Home Office,West,California,Los Angeles,1,270.34,75.7,0.0,10/2/2015,Active,1
CS-12400,Christopher Schild,Home Office,West,California,San Francisco,1,300.9,11.28,0.2,9/15/2017,Active,1
CS-12400,Christopher Schild,Home Office,West,California,San Jose,1,29.12,9.83,0.2,11/5/2016,Active,1
CS-12400,Christopher Schild,Home Office,West,Washington,Seattle,2,312.9,81.35,0.0,9/5/2017,Active,1
CS-12460,Chuck Sachs,Consumer,East,New York,New York City,1,238.68,72.99,0.1,12/3/2017,Active,1
CS-12460,Chuck Sachs,Consumer,South,Georgia,Columbus,1,311.96,83.27,0.0,7/3/2017,Active,1
CS-12490,Cindy Schnelling,Corporate,Central,Texas,Conroe,1,111.67,6.98,0.2,11/1/2016,Active,1
CS-12490,Cindy Schnelling,Corporate,East,New York,New York City,1,13.83,3.87,0.0,4/18/2016,Active,1
CS-12490,Cindy Schnelling,Corporate,East,Ohio,Toledo,1,389.43,-58.14,0.32,1/12/2015,Active,1
CS-12490,Cindy Schnelling,Corporate,South,Florida,Lakeland,1,562.29,-255.59,0.45,8/12/2016,Active,1
CS-12505,Cindy Stewart,Consumer,East,Ohio,Lancaster,1,5016.55,-6892.37,0.533,11/25/2016,Active,1
CS-12505,Cindy Stewart,Consumer,South,Georgia,Columbus,1,396.0,190.08,0.0,9/17/2016,Active,1
CS-12505,Cindy Stewart,Consumer,South,North Carolina,Thomasville,1,52.14,5.87,0.2,11/13/2016,Active,1
CS-12505,Cindy Stewart,Consumer,West,California,Los Angeles,1,168.1,43.71,0.0,11/2/2017,Active,1
CS-12505,Cindy Stewart,Consumer,West,California,Pomona,1,18.75,9.0,0.0,3/26/2014,Active,1
CS-12505,Cindy Stewart,Consumer,West,California,San Francisco,1,38.52,17.33,0.0,5/12/2015,Active,1
CT-11995,Carol Triggs,Consumer,Central,Indiana,Indianapolis,1,215.18,19.72,0.0,9/15/2015,Active,1
CT-11995,Carol Triggs,Consumer,Central,Minnesota,Apple Valley,1,8.64,2.51,0.0,6/4/2017,Active,1
CT-11995,Carol Triggs,Consumer,Central,Minnesota,Rochester,1,278.23,55.18,0.0,9/25/2017,Active,1
CT-11995,Carol Triggs,Consumer,Central,Texas,Irving,1,244.3,-187.96,0.5,8/13/2016,Active,1
CT-11995,Carol Triggs,Consumer,East,Massachusetts,Lawrence,1,1091.35,215.81,0.075,5/7/2014,Active,1
CT-11995,Carol Triggs,Consumer,East,Pennsylvania,Philadelphia,1,494.98,-115.5,0.4,11/26/2016,Active,1
CT-11995,Carol Triggs,Consumer,West,Arizona,Tucson,1,596.66,69.89,0.2,12/20/2014,Active,1
CT-11995,Carol Triggs,Consumer,West,California,Los Angeles,1,312.55,101.58,0.2,6/29/2017,Active,1
CV-12295,Christina VanderZanden,Consumer,Central,Illinois,Chicago,1,239.98,53.99,0.2,9/2/2014,Active,1
CV-12295,Christina VanderZanden,Consumer,Central,Iowa,Des Moines,1,1190.84,109.5,0.0,3/28/2014,Active,1
CV-12295,Christina VanderZanden,Consumer,Central,Michigan,Detroit,1,183.42,88.77,0.0,4/20/2017,Active,1
CV-12295,Christina VanderZanden,Consumer,East,New York,New York City,1,147.26,51.98,0.067,9/4/2016,Active,1
CV-12295,Christina VanderZanden,Consumer,West,California,Fresno,1,1069.13,188.84,0.12,3/25/2017,Active,1
CV-12805,Cynthia Voltz,Corporate,Central,Nebraska,Fremont,1,53.9,25.87,0.0,6/1/2017,Active,1
CV-12805,Cynthia Voltz,Corporate,Central,Texas,Austin,1,1013.79,-46.04,0.56,5/9/2016,Active,1
CV-12805,Cynthia Voltz,Corporate,Central,Texas,Fort Worth,1,253.39,-30.52,0.26,4/27/2017,Active,1
CV-12805,Cynthia Voltz,Corporate,East,New York,New York City,2,249.81,13.22,0.05,12/25/2017,Active,1
CV-12805,Cynthia Voltz,Corporate,East,Pennsylvania,Philadelphia,1,478.42,58.98,0.2,4/20/2017,Active,1
CV-12805,Cynthia Voltz,Corporate,West,California,Los Angeles,1,287.33,62.41,0.067,2/18/2017,Active,1
CV-12805,Cynthia Voltz,Corporate,West,California,Oakland,1,11.81,4.13,0.2,9/4/2017,Active,1
CV-12805,Cynthia Voltz,Corporate,West,California,San Francisco,1,21.88,10.94,0.0,9/1/2016,Active,1
CW-11905,Carl Weiss,Home Office,Central,Texas,Huntsville,1,142.34,17.15,0.2,6/9/2014,Active,1
CW-11905,Carl Weiss,Home Office,East,Delaware,Newark,1,299.52,149.76,0.0,5/13/2017,Active,1
CW-11905,Carl Weiss,Home Office,East,New York,Long Beach,1,7.56,0.3,0.0,5/31/2015,Active,1
CW-11905,Carl Weiss,Home Office,East,Rhode Island,Cranston,1,592.74,160.04,0.0,12/8/2017,Active,1
CW-11905,Carl Weiss,Home Office,West,California,Los Angeles,1,50.77,22.76,0.133,11/4/2016,Active,1
CW-11905,Carl Weiss,Home Office,West,Montana,Bozeman,1,43.66,20.81,0.0,1/23/2015,Active,1
CY-12745,Craig Yedwab,Corporate,Central,Illinois,Chicago,1,518.68,41.38,0.2,10/31/2017,Active,1
CY-12745,Craig Yedwab,Corporate,Central,Texas,San Antonio,1,210.39,-336.63,0.8,12/12/2014,Active,1
CY-12745,Craig Yedwab,Corporate,East,Ohio,Springfield,1,895.94,190.39,0.2,9/14/2017,Active,1
CY-12745,Craig Yedwab,Corporate,South,Louisiana,Monroe,1,87.28,41.02,0.0,9/3/2016,Active,1
CY-12745,Craig Yedwab,Corporate,South,Tennessee,Columbia,1,467.04,58.38,0.2,5/25/2015,Active,1
CY-12745,Craig Yedwab,Corporate,West,Arizona,Gilbert,1,627.66,48.62,0.2,6/28/2015,Active,1
CY-12745,Craig Yedwab,Corporate,West,California,Oakland,1,75.13,8.71,0.1,8/15/2016,Active,1
CY-12745,Craig Yedwab,Corporate,West,California,San Francisco,1,17.9,8.77,0.0,9/16/2017,Active,1
Co-12640,Corey-Lock,Consumer,Central,Illinois,Skokie,1,62.97,-16.77,0.4,12/27/2014,Active,1
Co-12640,Corey-Lock,Consumer,Central,Oklahoma,Lawton,1,475.42,157.42,0.0,6/20/2014,Active,1
Co-12640,Corey-Lock,Consumer,East,Pennsylvania,Philadelphia,1,5.04,1.76,0.2,11/29/2014,Active,1
Co-12640,Corey-Lock,Consumer,South,South Carolina,Florence,1,191.88,19.19,0.0,6/29/2016,Active,1
Co-12640,Corey-Lock,Consumer,West,Washington,Seattle,1,564.77,44.03,0.2,8/2/2015,Active,1
DA-13450,Dianna Arnett,Home Office,Central,Texas,Houston,1,16.61,4.17,0.2,4/25/2014,Active,1
DA-13450,Dianna Arnett,Home Office,East,District of Columbia,Washington,1,77.76,35.06,0.0,1/12/2017,Active,1
DA-13450,Dianna Arnett,Home Office,East,Ohio,Lancaster,1,52.75,12.83,0.2,9/26/2014,Active,1
DA-13450,Dianna Arnett,Home Office,South,Virginia,Virginia Beach,1,9.64,4.72,0.0,9/10/2014,Active,1
DB-12910,Daniel Byrd,Home Office,Central,Texas,Dallas,1,15.01,-12.01,0.6,9/9/2016,Active,1
DB-12910,Daniel Byrd,Home Office,South,Florida,Fort Lauderdale,1,10.37,3.63,0.2,10/24/2014,Active,1
DB-12910,Daniel Byrd,Home Office,South,Florida,Tampa,1,45.66,-33.48,0.7,12/2/2017,Active,1
DB-12910,Daniel Byrd,Home Office,South,Georgia,Columbus,2,191.7,88.04,0.0,9/11/2017,Active,1
DB-12910,Daniel Byrd,Home Office,South,Kentucky,Henderson,1,732.93,213.76,0.0,3/31/2017,Active,1
DB-12910,Daniel Byrd,Home Office,West,California,Lake Forest,1,1027.68,155.74,0.05,10/3/2016,Active,1
DB-12910,Daniel Byrd,Home Office,West,California,Salinas,1,148.26,15.7,0.15,12/9/2017,Active,1
DB-12970,Darren Budd,Corporate,Central,Texas,Houston,1,203.12,17.78,0.224,11/12/2014,Active,1
DB-12970,Darren Budd,Corporate,East,New York,New York City,2,1433.59,84.29,0.2,7/24/2016,Active,1
DB-12970,Darren Budd,Corporate,West,California,Los Angeles,2,1202.52,110.92,0.1,5/3/2017,Active,1
DB-13060,Dave Brooks,Consumer,Central,Illinois,Chicago,1,323.98,20.25,0.2,9/15/2017,Active,1
DB-13060,Dave Brooks,Consumer,Central,Illinois,Skokie,1,457.18,-299.65,0.4,12/14/2017,Active,1
DB-13060,Dave Brooks,Consumer,East,Massachusetts,Lowell,1,714.3,207.15,0.0,6/6/2016,Active,1
DB-13060,Dave Brooks,Consumer,East,New Jersey,Lakewood,1,1326.69,358.28,0.0,6/21/2014,Active,1
DB-13060,Dave Brooks,Consumer,South,Tennessee,Columbia,1,871.8,87.18,0.2,3/18/2016,Active,1
DB-13060,Dave Brooks,Consumer,West,California,Costa Mesa,1,380.14,48.35,0.067,2/26/2017,Active,1
DB-13060,Dave Brooks,Consumer,West,Washington,Seattle,1,457.57,51.48,0.2,3/1/2014,Active,1
DB-13120,David Bremer,Corporate,Central,Texas,Dallas,1,760.98,-1141.47,0.8,1/12/2017,Active,1
DB-13120,David Bremer,Corporate,East,New York,Rochester,1,167.31,80.31,0.0,12/24/2015,Active,1
DB-13120,David Bremer,Corporate,East,Ohio,Marion,1,1568.86,-457.99,0.3,12/27/2015,Active,1
DB-13120,David Bremer,Corporate,South,Florida,Tampa,1,277.63,29.75,0.2,5/1/2015,Active,1
DB-13120,David Bremer,Corporate,West,California,San Francisco,1,178.79,58.49,0.0,9/3/2015,Active,1
DB-13120,David Bremer,Corporate,West,California,Santa Barbara,1,8.96,4.39,0.0,12/6/2015,Active,1
DB-13120,David Bremer,Corporate,West,California,Santa Clara,1,10.56,4.75,0.0,11/12/2017,Active,1
DB-13210,Dean Braden,Consumer,Central,Michigan,Detroit,2,273.76,99.21,0.0,12/9/2017,Active,1
DB-13210,Dean Braden,Consumer,Central,Texas,Houston,1,162.07,-41.79,0.4,3/22/2015,Active,1
DB-13210,Dean Braden,Consumer,East,New Jersey,Paterson,1,517.91,179.0,0.0,12/21/2017,Active,1
DB-13210,Dean Braden,Consumer,East,Pennsylvania,Philadelphia,2,1029.98,-68.6,0.24,9/5/2016,Active,1
DB-13210,Dean Braden,Consumer,South,Florida,Port Saint Lucie,1,2.69,-2.24,0.7,5/20/2016,Active,1
DB-13210,Dean Braden,Consumer,South,North Carolina,Hickory,1,36.19,2.71,0.2,11/30/2016,Active,1
DB-13210,Dean Braden,Consumer,South,North Carolina,Jacksonville,1,187.62,-12.08,0.2,3/26/2016,Active,1
DB-13210,Dean Braden,Consumer,West,California,San Francisco,1,122.35,13.76,0.2,6/9/2016,Active,1
DB-13270,Deborah Brumfield,Home Office,Central,Texas,Austin,1,3.88,-5.82,0.8,11/30/2015,Active,1
DB-13270,Deborah Brumfield,Home Office,Central,Texas,Dallas,1,464.37,-95.98,0.55,6/19/2017,Active,1
DB-13270,Deborah Brumfield,Home Office,East,New York,New York City,1,25.99,7.54,0.0,4/24/2015,Active,1
DB-13270,Deborah Brumfield,Home Office,East,Pennsylvania,Philadelphia,1,37.31,2.8,0.2,8/12/2016,Active,1
DB-13270,Deborah Brumfield,Home Office,East,Rhode Island,Providence,1,2781.77,782.52,0.0,12/2/2016,Active,1
DB-13270,Deborah Brumfield,Home Office,West,California,Brentwood,1,821.51,80.43,0.1,11/7/2017,Active,1
DB-13270,Deborah Brumfield,Home Office,West,California,San Diego,1,117.14,45.11,0.1,2/4/2014,Active,1
DB-13270,Deborah Brumfield,Home Office,West,Oregon,Portland,1,403.92,25.24,0.2,12/11/2016,Active,1
DB-13360,Dennis Bolton,Home Office,East,Connecticut,Waterbury,1,386.14,113.53,0.0,4/10/2017,Active,1
DB-13360,Dennis Bolton,Home Office,East,New York,New York City,1,434.65,62.78,0.1,4/26/2016,Active,1
DB-13360,Dennis Bolton,Home Office,East,Ohio,Lakewood,1,43.06,15.61,0.2,6/26/2015,Active,1
DB-13360,Dennis Bolton,Home Office,West,California,Riverside,1,51.18,19.19,0.2,3/13/2016,Active,1
DB-13360,Dennis Bolton,Home Office,West,Utah,Salt Lake City,1,166.44,79.89,0.0,11/19/2014,Active,1
DB-13405,Denny Blanton,Consumer,Central,Indiana,La Porte,1,526.45,31.59,0.0,6/26/2017,Active,1
DB-13405,Denny Blanton,Consumer,East,Massachusetts,Lawrence,1,601.44,255.43,0.0,8/8/2015,Active,1
DB-13405,Denny Blanton,Consumer,East,New York,New York City,1,496.63,141.0,0.022,3/17/2017,Active,1
DB-13405,Denny Blanton,Consumer,South,Florida,Orlando,1,87.17,10.9,0.2,9/17/2015,Active,1
DB-13555,Dorothy Badders,Corporate,Central,Texas,Fort Worth,1,1407.2,-195.94,0.44,5/6/2017,Active,1
DB-13555,Dorothy Badders,Corporate,East,Delaware,Newark,1,627.48,177.71,0.0,3/2/2017,Active,1
DB-13555,Dorothy Badders,Corporate,East,Ohio,Dublin,1,9.1,1.71,0.2,9/8/2017,Active,1
DB-13555,Dorothy Badders,Corporate,South,Arkansas,Fayetteville,1,16.23,7.36,0.0,10/11/2014,Active,1
DB-13555,Dorothy Badders,Corporate,South,Florida,Jacksonville,1,2.82,0.99,0.2,9/20/2014,Active,1
DB-13555,Dorothy Badders,Corporate,South,Kentucky,Henderson,1,828.84,0.0,0.0,4/21/2014,Active,1
DB-13555,Dorothy Badders,Corporate,South,North Carolina,Raleigh,1,1017.14,117.51,0.2,9/14/2017,Active,1
DB-13615,Doug Bickford,Consumer,South,North Carolina,Asheville,1,52.34,5.12,0.2,11/27/2017,Active,1
DB-13615,Doug Bickford,Consumer,South,North Carolina,Charlotte,1,387.72,-67.85,0.2,10/8/2016,Active,1
DB-13615,Doug Bickford,Consumer,West,Arizona,Tucson,1,84.42,27.44,0.2,5/6/2017,Active,1
DB-13615,Doug Bickford,Consumer,West,California,Los Angeles,1,979.1,342.09,0.2,9/1/2015,Active,1
DB-13615,Doug Bickford,Consumer,West,California,San Francisco,2,442.29,118.51,0.0,9/21/2017,Active,1
DB-13615,Doug Bickford,Consumer,West,Washington,Seattle,1,43.18,13.49,0.2,9/30/2014,Active,1
DB-13660,Duane Benoit,Consumer,Central,Texas,Dallas,1,6.85,2.14,0.2,3/25/2017,Active,1
DB-13660,Duane Benoit,Consumer,Central,Texas,Houston,1,10.48,-17.29,0.8,11/8/2015,Active,1
DB-13660,Duane Benoit,Consumer,East,Connecticut,Middletown,1,17.62,8.22,0.0,2/28/2017,Active,1
DB-13660,Duane Benoit,Consumer,East,Delaware,Newark,1,65.97,31.01,0.0,6/17/2014,Active,1
DB-13660,Duane Benoit,Consumer,East,New York,Oceanside,1,18.96,8.53,0.0,12/18/2017,Active,1
DB-13660,Duane Benoit,Consumer,East,Ohio,Lancaster,1,156.51,-35.22,0.2,12/31/2016,Active,1
DB-13660,Duane Benoit,Consumer,West,California,Los Angeles,1,878.82,180.27,0.133,9/23/2017,Active,1
DC-12850,Dan Campbell,Consumer,Central,Michigan,Roseville,1,4.36,0.17,0.0,11/23/2017,Active,1
DC-12850,Dan Campbell,Consumer,Central,Texas,Arlington,1,56.51,-2.42,0.2,9/18/2017,Active,1
DC-12850,Dan Campbell,Consumer,Central,Texas,Houston,1,502.2,-79.33,0.2,7/5/2014,Active,1
DC-12850,Dan Campbell,Consumer,East,New York,New York City,1,5.46,1.47,0.0,9/13/2014,Active,1
DC-12850,Dan Campbell,Consumer,East,Ohio,Cleveland,1,320.13,-239.54,0.35,3/24/2016,Active,1
DC-12850,Dan Campbell,Consumer,South,Alabama,Florence,1,12.48,5.62,0.0,6/4/2017,Active,1
DC-12850,Dan Campbell,Consumer,South,Florida,Miami,1,37.61,12.69,0.2,6/22/2017,Active,1
DC-12850,Dan Campbell,Consumer,South,Florida,North Miami,1,14.5,4.89,0.2,3/19/2015,Active,1
DC-12850,Dan Campbell,Consumer,South,Tennessee,Memphis,1,2382.93,-1145.19,0.271,8/13/2017,Active,1
DC-13285,Debra Catini,Consumer,Central,Minnesota,Cottage Grove,1,144.36,54.8,0.0,12/29/2014,Active,1
DC-13285,Debra Catini,Consumer,South,Florida,Plantation,1,598.35,55.75,0.2,3/22/2015,Active,1
DC-13285,Debra Catini,Consumer,South,Georgia,Warner Robins,1,41.86,10.46,0.0,11/10/2016,Active,1
DC-13285,Debra Catini,Consumer,South,Virginia,Richmond,1,82.38,25.54,0.0,12/7/2017,Active,1
DC-13285,Debra Catini,Consumer,West,California,San Francisco,1,307.67,-14.48,0.15,10/7/2017,Active,1
DD-13570,Dorothy Dickinson,Consumer,Central,Illinois,Chicago,1,88.12,0.17,0.5,3/31/2014,Active,1
DD-13570,Dorothy Dickinson,Consumer,Central,Texas,Houston,1,4.31,-6.9,0.8,8/22/2016,Active,1
DD-13570,Dorothy Dickinson,Consumer,East,Pennsylvania,Philadelphia,1,3.3,1.07,0.2,7/25/2017,Active,1
DD-13570,Dorothy Dickinson,Consumer,South,Tennessee,Memphis,1,39.13,-8.8,0.2,12/30/2014,Active,1
DD-13570,Dorothy Dickinson,Consumer,South,Virginia,Alexandria,1,25.06,12.53,0.0,11/19/2017,Active,1
DD-13570,Dorothy Dickinson,Consumer,West,California,Los Angeles,1,109.62,38.36,0.0,5/2/2017,Active,1
DE-13255,Deanra Eno,Home Office,Central,Iowa,Dubuque,1,1423.34,401.13,0.0,9/24/2015,Active,1
DE-13255,Deanra Eno,Home Office,East,Ohio,Lakewood,1,3.91,1.03,0.2,8/22/2014,Active,1
DE-13255,Deanra Eno,Home Office,East,Ohio,Springfield,1,94.45,16.15,0.267,1/11/2016,Active,1
DE-13255,Deanra Eno,Home Office,West,California,Los Angeles,2,1029.17,46.17,0.0,4/18/2015,Active,1
DF-13135,David Flashing,Consumer,Central,Illinois,Rockford,1,2067.8,-397.13,0.5,1/30/2016,Active,1
DF-13135,David Flashing,Consumer,East,New York,New York City,1,212.64,99.94,0.0,12/26/2015,Active,1
DF-13135,David Flashing,Consumer,West,California,Vallejo,1,110.1,37.88,0.1,10/4/2014,Active,1
DG-13300,Deirdre Greer,Corporate,East,New Jersey,Orange,1,76.12,22.07,0.0,11/1/2014,Active,1
DG-13300,Deirdre Greer,Corporate,East,New York,New York City,1,2059.85,530.95,0.0,11/28/2017,Active,1
DG-13300,Deirdre Greer,Corporate,East,Pennsylvania,Philadelphia,1,458.07,29.53,0.2,7/3/2015,Active,1
DG-13300,Deirdre Greer,Corporate,West,Colorado,Denver,1,582.34,-29.12,0.2,10/25/2015,Active,1
DG-13300,Deirdre Greer,Corporate,West,Washington,Seattle,1,19.44,9.33,0.0,8/22/2016,Active,1
DH-13075,Dave Hallsten,Corporate,Central,Texas,Houston,1,8.71,-19.6,0.8,6/24/2016,Active,1
DH-13075,Dave Hallsten,Corporate,East,New York,New York City,1,1445.67,456.53,0.08,3/20/2015,Active,1
DH-13075,Dave Hallsten,Corporate,South,Alabama,Decatur,1,976.29,346.28,0.0,6/13/2015,Active,1
DH-13075,Dave Hallsten,Corporate,South,Kentucky,Richmond,1,865.5,323.13,0.0,11/21/2014,Active,1
DH-13075,Dave Hallsten,Corporate,West,California,Fairfield,1,1435.96,106.98,0.029,3/28/2017,Active,1
DH-13075,Dave Hallsten,Corporate,West,California,Los Angeles,1,200.74,-19.59,0.2,3/1/2015,Active,1
DH-13675,Duane Huffman,Home Office,East,Massachusetts,Quincy,1,85.3,14.5,0.0,9/21/2015,Active,1
DH-13675,Duane Huffman,Home Office,South,Florida,Miami,1,457.74,72.6,0.2,8/12/2014,Active,1
DH-13675,Duane Huffman,Home Office,South,Virginia,Harrisonburg,1,39.96,14.39,0.0,11/15/2015,Active,1
DH-13675,Duane Huffman,Home Office,West,California,San Francisco,1,460.09,15.18,0.05,11/28/2014,Active,1
DJ-13420,Denny Joy,Corporate,Central,Wisconsin,Milwaukee,1,1454.9,378.27,0.0,4/2/2016,Active,1
DJ-13420,Denny Joy,Corporate,South,Georgia,Warner Robins,1,392.94,43.22,0.0,10/4/2015,Active,1
DJ-13420,Denny Joy,Corporate,West,California,San Francisco,2,164.68,61.54,0.0,12/8/2014,Active,1
DJ-13510,Don Jones,Corporate,East,New York,New York City,1,20.7,9.94,0.0,2/11/2017,Active,1
DJ-13510,Don Jones,Corporate,East,Pennsylvania,Philadelphia,1,128.06,-23.78,0.3,5/8/2017,Active,1
DJ-13510,Don Jones,Corporate,East,Rhode Island,Woonsocket,1,91.14,44.66,0.0,9/12/2017,Active,1
DJ-13510,Don Jones,Corporate,South,Arkansas,Little Rock,1,484.79,187.74,0.0,8/17/2014,Active,1
DJ-13510,Don Jones,Corporate,South,Tennessee,Murfreesboro,1,15.99,1.0,0.2,11/3/2017,Active,1
DJ-13510,Don Jones,Corporate,West,Arizona,Tempe,1,62.35,-10.91,0.2,11/12/2017,Active,1
DJ-13510,Don Jones,Corporate,West,California,San Diego,1,1603.14,100.2,0.2,8/26/2016,Active,1
DJ-13510,Don Jones,Corporate,West,California,San Francisco,1,95.52,36.41,0.0,4/30/2017,Active,1
DJ-13630,Doug Jacobs,Consumer,East,New York,New York City,2,3036.43,695.57,0.043,12/18/2017,Active,1
DJ-13630,Doug Jacobs,Consumer,West,Oregon,Portland,1,319.97,36.0,0.2,12/14/2015,Active,1
DK-12835,Damala Kotsonis,Corporate,Central,Michigan,Detroit,1,927.44,252.71,0.0,12/9/2017,Active,1
DK-12835,Damala Kotsonis,Corporate,Central,Nebraska,Fremont,1,79.96,22.39,0.0,7/5/2017,Active,1
DK-12835,Damala Kotsonis,Corporate,Central,Texas,Houston,1,155.37,-35.51,0.3,11/23/2014,Active,1
DK-12835,Damala Kotsonis,Corporate,East,New York,New York City,1,59.52,17.86,0.0,3/25/2016,Active,1
DK-12835,Damala Kotsonis,Corporate,East,Pennsylvania,Philadelphia,1,107.99,5.66,0.533,4/24/2017,Active,1
DK-12835,Damala Kotsonis,Corporate,South,Tennessee,Franklin,1,82.92,-31.39,0.55,12/9/2016,Active,1
DK-12835,Damala Kotsonis,Corporate,South,Virginia,Springfield,1,324.11,152.59,0.0,2/7/2015,Active,1
DK-12835,Damala Kotsonis,Corporate,West,California,Roseville,1,423.05,198.86,0.0,7/21/2016,Active,1
DK-12835,Damala Kotsonis,Corporate,West,California,Salinas,1,481.7,216.29,0.1,10/31/2015,Active,1
DK-12835,Damala Kotsonis,Corporate,West,California,San Francisco,1,60.08,13.15,0.133,3/26/2014,Active,1
DK-12835,Damala Kotsonis,Corporate,West,Oregon,Portland,1,42.28,12.11,0.2,9/9/2017,Active,1
DK-12835,Damala Kotsonis,Corporate,West,Oregon,Springfield,1,512.06,56.41,0.2,10/21/2017,Active,1
DK-12895,Dana Kaydos,Consumer,Central,Illinois,Rockford,1,128.74,12.87,0.2,9/25/2015,Active,1
DK-12895,Dana Kaydos,Consumer,Central,Wisconsin,Kenosha,1,2531.88,596.72,0.0,3/8/2015,Active,1
DK-12895,Dana Kaydos,Consumer,South,Florida,Miramar,1,559.2,55.02,0.2,11/15/2017,Active,1
DK-12895,Dana Kaydos,Consumer,South,Tennessee,Franklin,1,5.18,1.81,0.2,8/27/2017,Active,1
DK-12895,Dana Kaydos,Consumer,West,Washington,Seattle,1,1057.17,271.22,0.067,8/12/2017,Active,1
DK-12985,Darren Koutras,Consumer,Central,Illinois,Chicago,1,646.2,-8.08,0.2,11/24/2014,Active,1
DK-12985,Darren Koutras,Consumer,South,Kentucky,Henderson,1,436.86,112.27,0.0,12/7/2015,Active,1
DK-12985,Darren Koutras,Consumer,South,Tennessee,Hendersonville,1,303.32,-34.43,0.2,12/23/2017,Active,1
DK-12985,Darren Koutras,Consumer,West,California,San Francisco,1,23.16,11.58,0.0,5/5/2017,Active,1
DK-12985,Darren Koutras,Consumer,West,Oregon,Springfield,1,277.5,-188.7,0.5,8/2/2015,Active,1
DK-13090,Dave Kipp,Consumer,Central,Nebraska,Fremont,1,104.85,50.33,0.0,10/1/2017,Active,1
DK-13090,Dave Kipp,Consumer,Central,Texas,Carrollton,1,47.9,-2.99,0.2,2/21/2017,Active,1
DK-13090,Dave Kipp,Consumer,East,Maryland,Clinton,1,573.74,-38.31,0.075,2/14/2016,Active,1
DK-13090,Dave Kipp,Consumer,East,New York,Long Beach,1,74.95,36.73,0.0,11/18/2017,Active,1
DK-13090,Dave Kipp,Consumer,South,Florida,Orlando,1,1030.74,316.94,0.325,11/3/2017,Active,1
DK-13090,Dave Kipp,Consumer,South,Virginia,Springfield,1,30.84,8.33,0.0,10/9/2015,Active,1
DK-13090,Dave Kipp,Consumer,West,Washington,Seattle,1,787.53,165.38,0.0,3/2/2015,Active,1
DK-13150,David Kendrick,Corporate,Central,Illinois,Decatur,1,433.56,78.5,0.2,12/5/2014,Active,1
DK-13150,David Kendrick,Corporate,East,New York,New York City,1,364.27,171.44,0.067,12/20/2017,Active,1
DK-13225,Dean Katz,Corporate,Central,Illinois,Chicago,1,270.36,-3.15,0.4,11/15/2015,Active,1
DK-13225,Dean Katz,Corporate,East,New York,New York City,2,1020.04,77.87,0.2,7/3/2016,Active,1
DK-13225,Dean Katz,Corporate,East,New York,Rochester,1,13.46,5.47,0.1,12/20/2017,Active,1
DK-13225,Dean Katz,Corporate,East,Pennsylvania,Philadelphia,2,556.46,-326.33,0.34,9/1/2016,Active,1
DK-13225,Dean Katz,Corporate,West,California,Anaheim,1,1295.78,310.99,0.0,6/29/2017,Active,1
DK-13225,Dean Katz,Corporate,West,California,Huntington Beach,1,13.94,6.0,0.0,3/14/2014,Active,1
DK-13225,Dean Katz,Corporate,West,California,San Francisco,1,1632.36,139.05,0.05,3/12/2016,Active,1
DK-13375,Dennis Kane,Consumer,Central,Michigan,Westland,1,1137.4,197.57,0.0,7/22/2016,Active,1
DK-13375,Dennis Kane,Consumer,Central,Texas,Abilene,1,1.39,-3.76,0.8,12/11/2017,Active,1
DK-13375,Dennis Kane,Consumer,East,New York,New York City,1,377.97,109.61,0.0,9/7/2014,Active,1
DK-13375,Dennis Kane,Consumer,East,Ohio,Marion,1,594.0,-108.65,0.3,12/6/2015,Active,1
DK-13375,Dennis Kane,Consumer,East,Pennsylvania,Lancaster,1,221.02,-55.26,0.2,11/12/2017,Active,1
DK-13375,Dennis Kane,Consumer,West,California,San Diego,1,32.31,12.48,0.1,12/12/2015,Active,1
DK-13375,Dennis Kane,Consumer,West,Washington,Seattle,2,954.39,225.09,0.036,7/27/2017,Active,1
DL-12865,Dan Lawera,Consumer,Central,Texas,Keller,1,6.0,2.1,0.2,1/19/2017,Active,1
DL-12865,Dan Lawera,Consumer,East,New York,New York City,2,190.53,58.59,0.0,2/27/2016,Active,1
DL-12865,Dan Lawera,Consumer,East,Ohio,Cincinnati,1,32.76,3.69,0.2,6/29/2014,Active,1
DL-12865,Dan Lawera,Consumer,South,Florida,Hialeah,1,15.38,4.04,0.2,10/15/2014,Active,1
DL-12865,Dan Lawera,Consumer,South,Florida,Miami,1,12.29,-8.61,0.7,9/21/2017,Active,1
DL-12865,Dan Lawera,Consumer,South,North Carolina,Greensboro,1,187.06,11.69,0.2,5/2/2016,Active,1
DL-12865,Dan Lawera,Consumer,West,California,Long Beach,1,1059.09,250.74,0.086,9/25/2016,Active,1
DL-12925,Daniel Lacy,Consumer,Central,Indiana,Noblesville,1,412.24,112.21,0.0,10/12/2015,Active,1
DL-12925,Daniel Lacy,Consumer,Central,Minnesota,Eagan,1,75.9,24.87,0.0,11/3/2017,Active,1
DL-12925,Daniel Lacy,Consumer,Central,Minnesota,Minneapolis,1,545.91,138.98,0.0,5/8/2015,Active,1
DL-12925,Daniel Lacy,Consumer,East,New York,Long Beach,1,733.56,246.95,0.0,11/1/2014,Active,1
DL-12925,Daniel Lacy,Consumer,South,North Carolina,Greenville,1,1299.99,-572.0,0.5,9/9/2014,Active,1
DL-12925,Daniel Lacy,Consumer,West,California,Oceanside,1,204.6,53.2,0.0,9/22/2015,Active,1
DL-13315,Delfina Latchford,Consumer,Central,Illinois,Chicago,1,54.21,8.81,0.2,2/17/2014,Active,1
DL-13315,Delfina Latchford,Consumer,Central,Illinois,Romeoville,1,8.95,-14.77,0.8,2/6/2014,Active,1
DL-13315,Delfina Latchford,Consumer,East,New York,New York City,2,876.28,237.0,0.0,12/8/2017,Active,1
DL-13315,Delfina Latchford,Consumer,East,Pennsylvania,Philadelphia,1,299.96,-5.93,0.375,1/16/2014,Active,1
DL-13315,Delfina Latchford,Consumer,South,Georgia,Atlanta,1,48.87,23.95,0.0,11/25/2017,Active,1
DL-13315,Delfina Latchford,Consumer,South,Tennessee,Knoxville,1,131.1,21.16,0.2,9/4/2016,Active,1
DL-13315,Delfina Latchford,Consumer,West,California,Rancho Cucamonga,1,38.88,18.66,0.0,1/3/2017,Active,1
DL-13330,Denise Leinenbach,Consumer,Central,Indiana,Lawrence,1,508.11,197.99,0.0,11/21/2015,Active,1
DL-13330,Denise Leinenbach,Consumer,East,New York,New York City,1,12.42,5.22,0.0,10/28/2016,Active,1
DL-13330,Denise Leinenbach,Consumer,South,North Carolina,Concord,1,23.12,2.1,0.2,6/23/2014,Active,1
DL-13330,Denise Leinenbach,Consumer,West,New Mexico,Las Cruces,1,41.37,17.38,0.0,11/3/2017,Active,1
DL-13495,Dionis Lloyd,Corporate,Central,Michigan,Detroit,1,255.58,50.35,0.0,12/25/2015,Active,1
DL-13495,Dionis Lloyd,Corporate,East,New York,New York City,1,62.96,28.33,0.0,4/30/2017,Active,1
DL-13495,Dionis Lloyd,Corporate,East,Pennsylvania,Philadelphia,1,1801.63,-337.81,0.2,8/15/2017,Active,1
DL-13495,Dionis Lloyd,Corporate,South,Georgia,Columbus,1,316.0,31.6,0.0,1/17/2016,Active,1
DL-13495,Dionis Lloyd,Corporate,West,Arizona,Chandler,1,83.88,29.36,0.2,8/21/2017,Active,1
DL-13495,Dionis Lloyd,Corporate,West,California,San Francisco,1,6.3,3.02,0.0,7/22/2016,Active,1
DL-13495,Dionis Lloyd,Corporate,West,California,Thousand Oaks,1,175.37,79.53,0.0,10/15/2017,Active,1
DL-13495,Dionis Lloyd,Corporate,West,Washington,Spokane,1,837.6,62.82,0.2,10/7/2016,Active,1
DM-12955,Dario Medina,Corporate,Central,Michigan,Lincoln Park,1,220.31,38.63,0.0,9/21/2015,Active,1
DM-12955,Dario Medina,Corporate,Central,Texas,Houston,1,100.72,-0.92,0.25,3/21/2016,Active,1
DM-12955,Dario Medina,Corporate,East,Ohio,Fairfield,1,795.41,59.66,0.2,9/30/2014,Active,1
DM-12955,Dario Medina,Corporate,South,Tennessee,Nashville,1,81.57,7.14,0.2,9/7/2017,Active,1
DM-12955,Dario Medina,Corporate,West,Arizona,Mesa,1,100.7,-1.26,0.2,12/9/2014,Active,1
DM-12955,Dario Medina,Corporate,West,Arizona,Yuma,1,10.5,1.18,0.2,9/29/2016,Active,1
DM-12955,Dario Medina,Corporate,West,California,Sacramento,1,12.83,4.33,0.2,4/10/2015,Active,1
DM-13015,Darrin Martin,Consumer,Central,Texas,Houston,1,21.12,6.6,0.2,7/8/2015,Active,1
DM-13015,Darrin Martin,Consumer,Central,Texas,San Antonio,1,837.8,46.16,0.4,10/23/2017,Active,1
DM-13015,Darrin Martin,Consumer,East,New York,New York City,1,4283.79,1599.68,0.057,9/14/2014,Active,1
DM-13015,Darrin Martin,Consumer,East,Ohio,Lancaster,1,656.64,68.39,0.2,8/24/2017,Active,1
DM-13015,Darrin Martin,Consumer,East,Pennsylvania,Philadelphia,1,11.67,-7.78,0.7,11/3/2017,Active,1
DM-13015,Darrin Martin,Consumer,South,Tennessee,Johnson City,1,228.59,-45.47,0.325,9/5/2016,Active,1
DM-13015,Darrin Martin,Consumer,West,California,Encinitas,1,305.5,9.82,0.2,5/5/2016,Active,1
DM-13345,Denise Monton,Corporate,Central,Iowa,Des Moines,1,445.4,129.16,0.0,11/21/2016,Active,1
DM-13345,Denise Monton,Corporate,East,New Jersey,Orange,1,5.76,2.82,0.0,11/3/2014,Active,1
DM-13345,Denise Monton,Corporate,East,New York,New York City,1,127.76,2.84,0.1,4/16/2015,Active,1
DM-13345,Denise Monton,Corporate,East,New York,Rochester,1,376.87,-213.56,0.4,6/17/2016,Active,1
DM-13345,Denise Monton,Corporate,East,Ohio,Newark,1,119.98,22.5,0.2,11/7/2016,Active,1
DM-13345,Denise Monton,Corporate,South,Georgia,Roswell,1,2747.25,1280.51,0.0,4/8/2017,Active,1
DM-13345,Denise Monton,Corporate,South,North Carolina,Asheville,1,7.87,0.89,0.2,11/12/2014,Active,1
DM-13345,Denise Monton,Corporate,West,California,San Francisco,1,243.58,93.9,0.1,12/8/2017,Active,1
DM-13525,Don Miller,Corporate,Central,Texas,Houston,1,52.1,18.17,0.2,9/5/2016,Active,1
DM-13525,Don Miller,Corporate,East,New York,New York City,1,1082.15,167.11,0.0,9/11/2015,Active,1
DM-13525,Don Miller,Corporate,South,Florida,Palm Coast,1,242.55,14.49,0.367,7/5/2014,Active,1
DN-13690,Duane Noonan,Consumer,Central,Oklahoma,Tulsa,1,477.3,138.42,0.0,5/27/2017,Active,1
DN-13690,Duane Noonan,Consumer,East,Maryland,Columbia,1,587.14,113.59,0.0,9/20/2014,Active,1
DN-13690,Duane Noonan,Consumer,East,New York,New York City,1,123.92,55.76,0.0,10/8/2014,Active,1
DN-13690,Duane Noonan,Consumer,West,California,Moreno Valley,1,884.68,213.16,0.0,12/22/2016,Active,1
DN-13690,Duane Noonan,Consumer,West,California,San Francisco,2,58.43,16.8,0.0,6/26/2016,Active,1
DN-13690,Duane Noonan,Consumer,West,Washington,Seattle,1,8.32,2.81,0.2,4/21/2016,Active,1
DO-13435,Denny Ordway,Consumer,East,New York,New York City,2,357.89,22.09,0.0,6/26/2017,Active,1
DO-13435,Denny Ordway,Consumer,East,Ohio,Columbus,1,212.95,5.52,0.2,10/3/2014,Active,1
DO-13435,Denny Ordway,Consumer,South,Florida,Pembroke Pines,1,459.43,-158.06,0.325,11/27/2015,Active,1
DO-13435,Denny Ordway,Consumer,West,Arizona,Mesa,1,69.26,23.84,0.2,6/2/2017,Active,1
DO-13435,Denny Ordway,Consumer,West,California,Los Angeles,1,17.34,8.5,0.0,5/16/2016,Active,1
DO-13435,Denny Ordway,Consumer,West,Oregon,Portland,1,7.15,0.72,0.2,8/24/2015,Active,1
DO-13435,Denny Ordway,Consumer,West,Utah,Salt Lake City,1,102.72,37.24,0.2,8/19/2017,Active,1
DO-13435,Denny Ordway,Consumer,West,Washington,Seattle,1,73.28,21.25,0.0,3/29/2015,Active,1
DO-13645,Doug O'Connell,Consumer,Central,Texas,Houston,1,76.64,26.82,0.2,11/7/2015,Active,1
DO-13645,Doug O'Connell,Consumer,East,Massachusetts,Lawrence,1,19.44,9.33,0.0,8/19/2017,Active,1
DO-13645,Doug O'Connell,Consumer,East,New Jersey,Paterson,1,498.15,65.29,0.0,12/4/2017,Active,1
DO-13645,Doug O'Connell,Consumer,South,Arkansas,Pine Bluff,1,212.91,70.2,0.0,9/23/2017,Active,1
DO-13645,Doug O'Connell,Consumer,South,Florida,Boynton Beach,1,107.55,9.7,0.2,9/4/2017,Active,1
DO-13645,Doug O'Connell,Consumer,West,California,Los Angeles,1,57.57,5.76,0.2,11/27/2017,Active,1
DO-13645,Doug O'Connell,Consumer,West,Utah,Salt Lake City,1,295.06,106.96,0.2,9/15/2017,Active,1
DP-13000,Darren Powers,Consumer,Central,Illinois,Chicago,1,64.96,-43.85,0.6,8/26/2017,Active,1
DP-13000,Darren Powers,Consumer,Central,Indiana,New Albany,1,209.55,73.35,0.0,4/18/2015,Active,1
DP-13000,Darren Powers,Consumer,Central,Texas,Carrollton,1,153.11,18.69,0.4,11/12/2014,Active,1
DP-13000,Darren Powers,Consumer,Central,Texas,Houston,2,106.02,38.02,0.2,3/4/2017,Active,1
DP-13000,Darren Powers,Consumer,East,New York,New York City,1,37.63,10.06,0.0,11/14/2016,Active,1
DP-13000,Darren Powers,Consumer,East,Ohio,Cleveland,1,87.99,-37.03,0.367,5/14/2017,Active,1
DP-13000,Darren Powers,Consumer,South,Florida,Fort Lauderdale,1,7.76,-5.18,0.7,5/15/2016,Active,1
DP-13000,Darren Powers,Consumer,West,California,Los Angeles,1,383.61,187.38,0.0,11/24/2015,Active,1
DP-13105,Dave Poirier,Corporate,Central,Wisconsin,Eau Claire,1,32.56,8.47,0.0,12/17/2017,Active,1
DP-13105,Dave Poirier,Corporate,East,New York,Hempstead,1,1671.08,482.66,0.2,12/6/2016,Active,1
DP-13105,Dave Poirier,Corporate,East,New York,New York City,1,50.11,16.29,0.2,8/22/2015,Active,1
DP-13105,Dave Poirier,Corporate,East,Pennsylvania,Philadelphia,1,7.92,1.68,0.2,4/13/2017,Active,1
DP-13105,Dave Poirier,Corporate,West,California,Los Angeles,1,190.01,42.41,0.0,9/19/2017,Active,1
DP-13105,Dave Poirier,Corporate,West,California,Salinas,1,44.04,20.0,0.0,6/20/2016,Active,1
DP-13105,Dave Poirier,Corporate,West,Idaho,Meridian,1,21.31,7.99,0.2,12/24/2017,Active,1
DP-13105,Dave Poirier,Corporate,West,Washington,Seattle,1,197.97,-16.32,0.2,9/23/2016,Active,1
DP-13165,David Philippe,Consumer,Central,Illinois,Chicago,1,8.02,1.0,0.2,10/10/2015,Active,1
DP-13165,David Philippe,Consumer,East,New York,New York City,1,1050.6,-41.94,0.133,12/2/2014,Active,1
DP-13390,Dennis Pardue,Home Office,Central,Illinois,Aurora,1,107.75,-187.94,0.5,5/10/2015,Active,1
DP-13390,Dennis Pardue,Home Office,Central,Illinois,Peoria,1,359.06,-35.91,0.3,3/24/2015,Active,1
DP-13390,Dennis Pardue,Home Office,Central,Wisconsin,Franklin,1,3.6,1.73,0.0,1/1/2017,Active,1
DP-13390,Dennis Pardue,Home Office,East,Pennsylvania,Philadelphia,1,16.66,3.33,0.2,5/24/2016,Active,1
DP-13390,Dennis Pardue,Home Office,South,Alabama,Tuscaloosa,1,33.74,15.52,0.0,1/6/2017,Active,1
DP-13390,Dennis Pardue,Home Office,South,Tennessee,Columbia,1,18.24,-14.59,0.7,12/21/2014,Active,1
DP-13390,Dennis Pardue,Home Office,West,California,Los Angeles,1,180.96,67.86,0.2,7/5/2014,Active,1
DP-13390,Dennis Pardue,Home Office,West,California,San Francisco,1,75.64,30.52,0.0,9/8/2014,Active,1
DP-13390,Dennis Pardue,Home Office,West,Nevada,North Las Vegas,1,4685.08,1691.31,0.067,10/21/2016,Active,1
DR-12880,Dan Reichenbach,Corporate,Central,Illinois,Chicago,1,796.32,32.68,0.3,11/28/2015,Active,1
DR-12880,Dan Reichenbach,Corporate,East,Connecticut,Milford,1,694.67,201.79,0.0,6/29/2017,Active,1
DR-12880,Dan Reichenbach,Corporate,East,New York,New York City,3,1197.02,496.83,0.05,9/25/2015,Active,1
DR-12880,Dan Reichenbach,Corporate,East,Ohio,Newark,1,177.64,-31.97,0.3,12/27/2017,Active,1
DR-12880,Dan Reichenbach,Corporate,South,Florida,Miami,1,287.42,-9.0,0.2,6/26/2017,Active,1
DR-12880,Dan Reichenbach,Corporate,West,California,Inglewood,1,2971.79,926.34,0.075,8/27/2017,Active,1
DR-12880,Dan Reichenbach,Corporate,West,Oregon,Gresham,1,403.17,25.2,0.2,3/24/2016,Active,1
DR-12940,Daniel Raglin,Home Office,Central,Illinois,Aurora,1,242.18,-302.72,0.6,11/29/2016,Active,1
DR-12940,Daniel Raglin,Home Office,Central,Illinois,Chicago,1,12.67,-3.17,0.2,12/27/2015,Active,1
DR-12940,Daniel Raglin,Home Office,Central,Illinois,Normal,1,366.74,-110.02,0.3,3/30/2015,Active,1
DR-12940,Daniel Raglin,Home Office,East,Massachusetts,Franklin,1,1388.46,409.85,0.0,9/1/2015,Active,1
DR-12940,Daniel Raglin,Home Office,East,Rhode Island,Providence,1,5549.41,2640.48,0.0,10/4/2016,Active,1
DR-12940,Daniel Raglin,Home Office,South,Florida,Hollywood,1,11.52,-7.68,0.7,11/10/2017,Active,1
DR-12940,Daniel Raglin,Home Office,South,Louisiana,Lake Charles,1,477.51,219.65,0.0,8/11/2017,Active,1
DR-12940,Daniel Raglin,Home Office,West,New Mexico,Albuquerque,1,302.38,22.68,0.2,3/28/2014,Active,1
DS-13030,Darrin Sayre,Home Office,East,New York,New York City,1,400.61,51.67,0.0,4/4/2017,Active,1
DS-13030,Darrin Sayre,Home Office,West,California,San Francisco,1,172.1,29.47,0.088,7/9/2014,Active,1
DS-13030,Darrin Sayre,Home Office,West,Colorado,Aurora,1,535.26,-52.23,0.283,9/28/2017,Active,1
DS-13030,Darrin Sayre,Home Office,West,Washington,Seattle,1,654.24,164.43,0.1,1/21/2017,Active,1
DS-13180,David Smith,Corporate,Central,Michigan,Detroit,1,646.63,138.13,0.0,8/9/2015,Active,1
DS-13180,David Smith,Corporate,Central,Texas,Amarillo,1,205.33,-36.24,0.32,3/31/2017,Active,1
DS-13180,David Smith,Corporate,Central,Texas,Houston,1,134.38,6.72,0.2,9/4/2015,Active,1
DS-13180,David Smith,Corporate,Central,Texas,San Antonio,1,19.1,6.69,0.2,12/7/2017,Active,1
DS-13180,David Smith,Corporate,East,New York,Jamestown,1,159.98,57.59,0.0,4/28/2014,Active,1
DS-13180,David Smith,Corporate,East,Pennsylvania,Philadelphia,1,740.09,-108.64,0.36,11/28/2016,Active,1
DS-13180,David Smith,Corporate,South,Georgia,Columbus,1,92.7,35.83,0.0,3/27/2016,Active,1
DS-13180,David Smith,Corporate,West,California,San Diego,1,216.22,25.89,0.1,12/14/2016,Active,1
DS-13180,David Smith,Corporate,West,California,San Francisco,1,667.38,37.73,0.075,8/21/2015,Active,1
DV-13045,Darrin Van Huff,Corporate,East,Pennsylvania,Philadelphia,1,188.55,-2.69,0.3,12/4/2017,Active,1
DV-13045,Darrin Van Huff,Corporate,South,Florida,Jacksonville,1,873.81,-447.34,0.262,12/11/2017,Active,1
DV-13045,Darrin Van Huff,Corporate,South,Tennessee,Memphis,1,19.52,5.37,0.2,6/30/2017,Active,1
DV-13045,Darrin Van Huff,Corporate,West,California,Los Angeles,1,14.62,6.87,0.0,6/12/2016,Active,1
DV-13045,Darrin Van Huff,Corporate,West,California,San Diego,1,22.98,10.61,0.0,9/23/2016,Active,1
DV-13465,Dianna Vittorini,Consumer,Central,Minnesota,Minneapolis,1,663.75,9.72,0.0,6/22/2014,Active,1
DV-13465,Dianna Vittorini,Consumer,East,New York,Long Beach,1,87.1,31.24,0.0,5/17/2015,Active,1
DV-13465,Dianna Vittorini,Consumer,East,New York,Oceanside,1,1170.72,70.65,0.0,11/9/2015,Active,1
DV-13465,Dianna Vittorini,Consumer,West,California,Los Angeles,2,399.75,150.21,0.1,9/10/2016,Active,1
DV-13465,Dianna Vittorini,Consumer,West,Colorado,Denver,1,1020.26,91.39,0.3,12/1/2017,Active,1
DW-13195,David Wiener,Corporate,Central,Texas,Houston,1,448.42,-34.07,0.367,11/20/2016,Active,1
DW-13195,David Wiener,Corporate,South,Tennessee,Knoxville,1,4.37,0.38,0.2,7/5/2014,Active,1
DW-13195,David Wiener,Corporate,West,California,Los Angeles,1,358.7,48.6,0.1,8/19/2014,Active,1
DW-13195,David Wiener,Corporate,West,New Mexico,Albuquerque,1,27.18,12.23,0.0,9/22/2017,Active,1
DW-13195,David Wiener,Corporate,West,Oregon,Redmond,1,177.22,-120.51,0.5,10/22/2017,Active,1
DW-13195,David Wiener,Corporate,West,Oregon,Springfield,1,64.86,6.49,0.2,1/18/2014,Active,1
DW-13480,Dianna Wilson,Home Office,Central,Michigan,Detroit,1,14.78,3.99,0.0,8/20/2016,Active,1
DW-13480,Dianna Wilson,Home Office,Central,Minnesota,Lakeville,1,3745.63,1154.67,0.0,6/1/2014,Active,1
DW-13480,Dianna Wilson,Home Office,South,Kentucky,Louisville,1,598.31,163.0,0.0,5/27/2017,Active,1
DW-13480,Dianna Wilson,Home Office,West,California,Oakland,1,34.58,10.03,0.0,1/7/2016,Active,1
DW-13480,Dianna Wilson,Home Office,West,California,San Diego,1,878.33,17.07,0.2,11/12/2016,Active,1
DW-13540,Don Weiss,Consumer,Central,Texas,Dallas,1,68.42,6.49,0.2,3/6/2017,Active,1
DW-13540,Don Weiss,Consumer,Central,Texas,Houston,1,16.19,-6.88,0.6,2/27/2016,Active,1
DW-13540,Don Weiss,Consumer,East,New York,New York City,1,88.04,22.89,0.0,4/1/2016,Active,1
DW-13540,Don Weiss,Consumer,South,Tennessee,Jackson,1,13.15,2.77,0.2,8/25/2017,Active,1
DW-13540,Don Weiss,Consumer,West,Washington,Seattle,1,158.28,44.4,0.067,9/23/2017,Active,1
DW-13585,Dorothy Wardle,Corporate,East,New Jersey,Westfield,1,129.93,12.99,0.0,5/2/2017,Active,1
DW-13585,Dorothy Wardle,Corporate,East,Ohio,Columbus,1,159.73,24.34,0.267,2/2/2017,Active,1
DW-13585,Dorothy Wardle,Corporate,East,Ohio,Troy,1,498.49,-371.25,0.35,6/28/2015,Active,1
DW-13585,Dorothy Wardle,Corporate,South,Kentucky,Owensboro,1,25.5,6.63,0.0,8/24/2014,Active,1
DW-13585,Dorothy Wardle,Corporate,South,North Carolina,Fayetteville,1,198.27,-32.22,0.2,4/14/2017,Active,1
DW-13585,Dorothy Wardle,Corporate,West,California,San Francisco,1,12.96,6.22,0.0,9/26/2016,Active,1
DW-13585,Dorothy Wardle,Corporate,West,Washington,Edmonds,1,179.97,86.39,0.0,8/7/2016,Active,1
Dl-13600,Dorris liebe,Corporate,Central,Texas,Pasadena,1,1.62,-4.47,0.8,6/8/2017,Active,1
Dl-13600,Dorris liebe,Corporate,East,New York,New York City,1,658.75,146.39,0.1,4/7/2016,Active,1
Dl-13600,Dorris liebe,Corporate,East,Ohio,Cleveland,1,15.07,4.14,0.2,9/2/2017,Active,1
Dl-13600,Dorris liebe,Corporate,West,Washington,Seattle,2,80.16,29.17,0.067,7/1/2014,Active,1
Dp-13240,Dean percer,Home Office,Central,Minnesota,Maple Grove,1,146.89,53.82,0.0,6/15/2017,Active,1
Dp-13240,Dean percer,Home Office,East,Connecticut,Waterbury,1,98.6,21.61,0.0,9/15/2017,Active,1
Dp-13240,Dean percer,Home Office,East,Massachusetts,Revere,1,57.32,28.27,0.0,12/13/2015,Active,1
Dp-13240,Dean percer,Home Office,East,New Jersey,Westfield,1,311.97,117.74,0.0,1/15/2016,Active,1
Dp-13240,Dean percer,Home Office,East,New York,New York City,1,2339.84,1117.56,0.0,11/9/2015,Active,1
Dp-13240,Dean percer,Home Office,East,Pennsylvania,Philadelphia,1,314.53,-83.88,0.4,8/22/2017,Active,1
Dp-13240,Dean percer,Home Office,South,North Carolina,Charlotte,1,1027.21,18.17,0.34,10/7/2017,Active,1
Dp-13240,Dean percer,Home Office,South,Tennessee,Knoxville,1,2437.67,-1034.84,0.371,10/2/2017,Active,1
Dp-13240,Dean percer,Home Office,West,Arizona,Phoenix,1,7.86,-6.02,0.7,9/7/2017,Active,1
Dp-13240,Dean percer,Home Office,West,Utah,Murray,1,48.4,23.23,0.0,5/26/2014,Active,1
Dp-13240,Dean percer,Home Office,West,Washington,Seattle,1,408.47,77.69,0.0,10/11/2014,Active,1
EA-14035,Erin Ashbrook,Corporate,Central,Illinois,Chicago,1,167.18,-224.61,0.375,2/16/2016,Active,1
EA-14035,Erin Ashbrook,Corporate,Central,Missouri,Springfield,1,599.99,234.0,0.0,11/26/2015,Active,1
EA-14035,Erin Ashbrook,Corporate,Central,Texas,Carrollton,1,106.34,30.02,0.2,6/20/2016,Active,1
EA-14035,Erin Ashbrook,Corporate,Central,Texas,Huntsville,1,569.9,14.52,0.25,7/2/2016,Active,1
EA-14035,Erin Ashbrook,Corporate,East,New York,New York City,1,135.8,66.54,0.0,2/21/2016,Active,1
EA-14035,Erin Ashbrook,Corporate,East,Ohio,Columbus,1,362.47,-36.78,0.38,12/5/2014,Active,1
EA-14035,Erin Ashbrook,Corporate,East,Ohio,Mason,1,94.26,-4.24,0.533,11/1/2014,Active,1
EA-14035,Erin Ashbrook,Corporate,East,Pennsylvania,Philadelphia,2,396.81,-301.38,0.45,7/31/2017,Active,1
EA-14035,Erin Ashbrook,Corporate,South,North Carolina,Charlotte,1,18.65,-12.43,0.7,9/13/2014,Active,1
EA-14035,Erin Ashbrook,Corporate,South,South Carolina,Columbia,1,186.69,87.74,0.0,5/23/2015,Active,1
EA-14035,Erin Ashbrook,Corporate,West,California,Los Angeles,1,9.78,4.01,0.0,4/30/2017,Active,1
EA-14035,Erin Ashbrook,Corporate,West,California,Pasadena,1,198.84,89.87,0.0,6/12/2016,Active,1
EB-13705,Ed Braxton,Corporate,Central,Texas,Fort Worth,1,21.07,1.58,0.2,3/7/2016,Active,1
EB-13705,Ed Braxton,Corporate,Central,Texas,Houston,1,120.76,27.83,0.4,3/31/2015,Active,1
EB-13705,Ed Braxton,Corporate,Central,Texas,Mansfield,1,41.47,14.52,0.2,5/8/2017,Active,1
EB-13705,Ed Braxton,Corporate,East,New York,New York City,1,15.92,5.37,0.2,11/12/2017,Active,1
EB-13705,Ed Braxton,Corporate,East,Ohio,Akron,1,949.77,-9.29,0.3,10/20/2017,Active,1
EB-13705,Ed Braxton,Corporate,East,Pennsylvania,Philadelphia,1,445.8,-108.27,0.3,12/15/2014,Active,1
EB-13705,Ed Braxton,Corporate,West,California,Anaheim,1,1293.49,80.84,0.2,6/14/2016,Active,1
EB-13705,Ed Braxton,Corporate,West,California,San Diego,1,57.5,20.13,0.2,10/2/2015,Active,1
EB-13705,Ed Braxton,Corporate,West,California,San Francisco,1,699.19,-19.09,0.2,7/8/2014,Active,1
EB-13750,Edward Becker,Corporate,Central,Texas,Round Rock,1,341.96,-427.45,0.6,11/10/2017,Active,1
EB-13750,Edward Becker,Corporate,East,New York,Buffalo,1,1522.64,169.18,0.1,6/5/2015,Active,1
EB-13750,Edward Becker,Corporate,East,New York,New York City,1,492.97,76.28,0.083,11/11/2016,Active,1
EB-13750,Edward Becker,Corporate,East,Ohio,Cincinnati,1,18.43,-12.29,0.7,8/28/2016,Active,1
EB-13750,Edward Becker,Corporate,South,Alabama,Hoover,1,503.22,11.1,0.0,4/16/2017,Active,1
EB-13750,Edward Becker,Corporate,South,Florida,Plantation,1,45.98,8.23,0.2,3/12/2015,Active,1
EB-13750,Edward Becker,Corporate,South,Virginia,Arlington,1,138.53,39.62,0.0,5/30/2016,Active,1
EB-13750,Edward Becker,Corporate,West,California,Laguna Niguel,1,74.04,18.83,0.1,11/25/2017,Active,1
EB-13750,Edward Becker,Corporate,West,California,San Francisco,1,63.2,23.38,0.0,9/24/2016,Active,1
EB-13750,Edward Becker,Corporate,West,Washington,Seattle,1,35.35,12.82,0.2,4/9/2016,Active,1
EB-13840,Ellis Ballard,Corporate,Central,Illinois,Chicago,1,94.43,-42.49,0.6,12/13/2014,Active,1
EB-13840,Ellis Ballard,Corporate,East,New York,New York City,1,212.88,0.0,0.0,12/4/2016,Active,1
EB-13840,Ellis Ballard,Corporate,South,Virginia,Richmond,1,13.62,6.13,0.0,5/30/2014,Active,1
EB-13840,Ellis Ballard,Corporate,West,Washington,Seattle,2,4037.2,692.56,0.08,3/26/2015,Active,1
EB-13870,Emily Burns,Consumer,Central,Texas,San Antonio,1,127.87,-9.13,0.3,5/5/2014,Active,1
EB-13870,Emily Burns,Consumer,East,New York,New York City,1,599.29,93.22,0.1,10/3/2016,Active,1
EB-13870,Emily Burns,Consumer,East,Pennsylvania,Philadelphia,2,55.89,-12.32,0.55,9/21/2017,Active,1
EB-13870,Emily Burns,Consumer,South,Florida,Miami,1,419.14,-68.11,0.2,1/30/2017,Active,1
EB-13870,Emily Burns,Consumer,South,Tennessee,Franklin,1,40.68,-9.15,0.2,12/9/2016,Active,1
EB-13870,Emily Burns,Consumer,South,Tennessee,Nashville,1,5.16,0.84,0.2,7/9/2015,Active,1
EB-13870,Emily Burns,Consumer,West,Arizona,Phoenix,1,140.99,0.91,0.45,5/23/2015,Active,1
EB-13870,Emily Burns,Consumer,West,California,Redding,1,333.58,25.02,0.2,11/8/2014,Active,1
EB-13870,Emily Burns,Consumer,West,Utah,Orem,1,1044.63,240.26,0.0,9/25/2015,Active,1
EB-13930,Eric Barreto,Consumer,Central,Illinois,Chicago,1,526.34,-75.19,0.3,7/22/2017,Active,1
EB-13930,Eric Barreto,Consumer,Central,Wisconsin,La Crosse,1,56.82,28.41,0.0,2/27/2016,Active,1
EB-13930,Eric Barreto,Consumer,South,Florida,Saint Petersburg,1,199.3,1.35,0.45,2/2/2014,Active,1
EB-13930,Eric Barreto,Consumer,South,Virginia,Richmond,1,39.92,11.18,0.0,10/22/2016,Active,1
EB-13930,Eric Barreto,Consumer,West,California,San Francisco,1,122.22,34.86,0.0,5/18/2016,Active,1
EB-13975,Erica Bern,Corporate,South,North Carolina,Charlotte,1,959.97,120.0,0.2,1/4/2016,Active,1
EB-13975,Erica Bern,Corporate,South,North Carolina,Greensboro,1,24.7,-7.11,0.45,10/10/2016,Active,1
EB-13975,Erica Bern,Corporate,West,California,Fairfield,1,34.62,10.99,0.2,12/30/2017,Active,1
EB-13975,Erica Bern,Corporate,West,California,Los Angeles,1,623.96,39.0,0.2,2/7/2016,Active,1
EB-14110,Eugene Barchas,Consumer,East,New York,New York City,1,15.56,7.31,0.0,11/12/2015,Active,1
EB-14110,Eugene Barchas,Consumer,East,Ohio,Columbus,1,74.13,10.34,0.2,11/28/2015,Active,1
EB-14110,Eugene Barchas,Consumer,East,Pennsylvania,Philadelphia,2,1887.14,120.6,0.325,9/8/2017,Active,1
EB-14110,Eugene Barchas,Consumer,West,California,Los Angeles,1,721.49,26.9,0.2,4/13/2015,Active,1
EB-14110,Eugene Barchas,Consumer,West,California,San Jose,1,372.81,19.62,0.1,9/11/2016,Active,1
EB-14170,Evan Bailliet,Consumer,Central,Texas,Austin,1,335.52,117.43,0.2,11/28/2015,Active,1
EB-14170,Evan Bailliet,Consumer,Central,Texas,Houston,1,5.31,-1.59,0.6,10/17/2014,Active,1
EB-14170,Evan Bailliet,Consumer,Central,Texas,Laredo,1,11.84,4.44,0.2,11/5/2016,Active,1
EB-14170,Evan Bailliet,Consumer,South,North Carolina,Charlotte,1,5.04,1.76,0.2,3/12/2015,Active,1
EB-14170,Evan Bailliet,Consumer,South,North Carolina,Wilmington,1,10.82,3.52,0.2,10/9/2017,Active,1
EB-14170,Evan Bailliet,Consumer,West,Washington,Seattle,1,817.8,156.61,0.1,9/29/2014,Active,1
EC-14050,Erin Creighton,Consumer,Central,Oklahoma,Oklahoma City,1,38.16,19.08,0.0,11/7/2017,Active,1
EC-14050,Erin Creighton,Consumer,East,New York,New York City,1,25.68,11.56,0.0,3/23/2017,Active,1
EC-14050,Erin Creighton,Consumer,East,Ohio,Columbus,1,5.48,-4.02,0.7,12/17/2014,Active,1
EC-14050,Erin Creighton,Consumer,South,Georgia,Columbus,1,299.07,43.08,0.0,12/12/2016,Active,1
EC-14050,Erin Creighton,Consumer,West,California,San Francisco,1,93.52,26.73,0.0,7/31/2017,Active,1
ED-13885,Emily Ducich,Home Office,Central,Texas,Houston,3,268.29,-93.21,0.357,8/17/2017,Active,1
ED-13885,Emily Ducich,Home Office,East,New York,New York City,1,2621.32,553.39,0.1,11/2/2015,Active,1
ED-13885,Emily Ducich,Home Office,West,California,Los Angeles,1,57.51,15.53,0.0,2/19/2017,Active,1
ED-13885,Emily Ducich,Home Office,West,California,San Diego,1,20.88,9.6,0.0,8/9/2014,Active,1
ED-13885,Emily Ducich,Home Office,West,California,San Francisco,1,450.0,162.0,0.0,10/24/2016,Active,1
ED-13885,Emily Ducich,Home Office,West,Washington,Seattle,1,66.92,23.13,0.2,12/22/2016,Active,1
EG-13900,Emily Grady,Consumer,Central,Illinois,Chicago,1,13.47,-22.9,0.8,3/31/2017,Active,1
EG-13900,Emily Grady,Consumer,Central,Illinois,Naperville,1,239.96,83.99,0.2,11/17/2017,Active,1
EG-13900,Emily Grady,Consumer,East,New York,Oceanside,1,1165.33,46.32,0.1,12/3/2016,Active,1
EG-13900,Emily Grady,Consumer,East,Pennsylvania,Philadelphia,1,215.54,-58.5,0.3,12/8/2017,Active,1
EG-13900,Emily Grady,Consumer,South,Virginia,Chesapeake,1,197.72,55.36,0.0,11/2/2015,Active,1
EH-13765,Edward Hooks,Corporate,Central,Illinois,Chicago,1,22.99,5.8,0.2,1/22/2017,Active,1
EH-13765,Edward Hooks,Corporate,East,Massachusetts,Revere,1,702.74,224.83,0.0,9/10/2015,Active,1
EH-13765,Edward Hooks,Corporate,East,New York,New York City,3,529.42,185.32,0.057,5/28/2016,Active,1
EH-13765,Edward Hooks,Corporate,East,New York,Watertown,1,1358.48,400.03,0.15,8/17/2017,Active,1
EH-13765,Edward Hooks,Corporate,East,Pennsylvania,Philadelphia,1,249.47,-12.21,0.2,10/18/2014,Active,1
EH-13765,Edward Hooks,Corporate,West,California,Lodi,1,39.68,16.27,0.0,4/12/2014,Active,1
EH-13765,Edward Hooks,Corporate,West,California,Los Angeles,1,868.14,199.63,0.1,9/24/2016,Active,1
EH-13765,Edward Hooks,Corporate,West,California,San Francisco,1,4940.87,203.86,0.0,3/13/2016,Active,1
EH-13765,Edward Hooks,Corporate,West,Washington,Seattle,2,1599.08,170.0,0.04,6/2/2016,Active,1
EH-13945,Eric Hoffmann,Consumer,Central,Texas,Houston,1,296.67,28.13,0.4,11/19/2016,Active,1
EH-13945,Eric Hoffmann,Consumer,East,New Jersey,Plainfield,1,79.56,22.15,0.0,7/2/2014,Active,1
EH-13945,Eric Hoffmann,Consumer,East,Pennsylvania,Philadelphia,1,78.76,-57.76,0.7,11/26/2016,Active,1
EH-13945,Eric Hoffmann,Consumer,South,Tennessee,Memphis,1,25.92,9.07,0.2,5/27/2017,Active,1
EH-13945,Eric Hoffmann,Consumer,West,Arizona,Tempe,1,3.37,-2.24,0.7,7/10/2015,Active,1
EH-13945,Eric Hoffmann,Consumer,West,California,Costa Mesa,1,29.22,12.86,0.0,12/14/2015,Active,1
EH-13945,Eric Hoffmann,Consumer,West,California,Los Angeles,2,170.68,41.33,0.067,5/22/2017,Active,1
EH-13990,Erica Hackney,Consumer,Central,Texas,Houston,1,151.19,13.23,0.2,11/20/2016,Active,1
EH-13990,Erica Hackney,Consumer,East,Connecticut,Meriden,1,63.14,28.39,0.0,9/25/2015,Active,1
EH-13990,Erica Hackney,Consumer,East,New York,New York City,1,328.0,54.67,0.1,3/31/2016,Active,1
EH-13990,Erica Hackney,Consumer,South,Georgia,Roswell,1,149.95,65.98,0.0,1/15/2014,Active,1
EH-13990,Erica Hackney,Consumer,West,California,Sacramento,1,120.71,-18.11,0.2,11/24/2014,Active,1
EH-13990,Erica Hackney,Consumer,West,Washington,Bellevue,1,12.96,6.22,0.0,5/23/2014,Active,1
EH-14005,Erica Hernandez,Home Office,Central,Michigan,Lansing,1,269.68,54.44,0.0,9/22/2017,Active,1
EH-14005,Erica Hernandez,Home Office,East,Pennsylvania,Philadelphia,1,167.64,44.77,0.3,12/1/2017,Active,1
EH-14005,Erica Hernandez,Home Office,South,Arkansas,Jonesboro,1,117.62,58.43,0.0,6/4/2017,Active,1
EH-14005,Erica Hernandez,Home Office,South,Florida,Hialeah,1,405.46,-329.56,0.45,5/13/2014,Active,1
EH-14005,Erica Hernandez,Home Office,South,Tennessee,Nashville,1,64.78,-12.96,0.2,12/28/2017,Active,1
EH-14005,Erica Hernandez,Home Office,West,California,San Francisco,1,164.88,80.79,0.0,12/7/2014,Active,1
EH-14005,Erica Hernandez,Home Office,West,Colorado,Denver,1,29.47,9.95,0.2,4/28/2016,Active,1
EH-14125,Eugene Hildebrand,Home Office,Central,Illinois,Aurora,1,703.68,-53.56,0.55,9/19/2016,Active,1
EH-14125,Eugene Hildebrand,Home Office,East,New York,Rochester,1,156.71,44.37,0.0,4/10/2015,Active,1
EH-14125,Eugene Hildebrand,Home Office,East,Ohio,Troy,1,129.98,-97.7,0.45,4/8/2016,Active,1
EH-14125,Eugene Hildebrand,Home Office,East,Pennsylvania,Philadelphia,1,748.75,-162.23,0.4,11/27/2015,Active,1
EH-14125,Eugene Hildebrand,Home Office,East,West Virginia,Wheeling,1,536.48,262.88,0.0,6/21/2017,Active,1
EH-14125,Eugene Hildebrand,Home Office,South,Florida,Fort Lauderdale,1,41.42,8.28,0.2,7/31/2017,Active,1
EH-14125,Eugene Hildebrand,Home Office,South,Virginia,Newport News,1,261.1,112.12,0.0,5/24/2016,Active,1
EH-14125,Eugene Hildebrand,Home Office,West,California,Lakewood,1,321.55,20.1,0.2,10/19/2014,Active,1
EH-14125,Eugene Hildebrand,Home Office,West,California,San Francisco,1,142.34,-5.47,0.067,1/30/2017,Active,1
EH-14125,Eugene Hildebrand,Home Office,West,Colorado,Colorado Springs,1,40.64,-32.51,0.7,5/20/2016,Active,1
EH-14185,Evan Henry,Consumer,Central,Texas,Pasadena,1,6.93,-11.08,0.8,11/22/2014,Active,1
EH-14185,Evan Henry,Consumer,East,New York,New York City,1,588.78,184.0,0.2,4/4/2016,Active,1
EH-14185,Evan Henry,Consumer,East,Pennsylvania,Philadelphia,2,75.02,-2.66,0.367,9/16/2017,Active,1
EH-14185,Evan Henry,Consumer,South,Alabama,Decatur,1,180.93,46.58,0.0,5/22/2014,Active,1
EH-14185,Evan Henry,Consumer,South,Florida,West Palm Beach,1,72.22,25.28,0.2,12/30/2016,Active,1
EJ-13720,Ed Jacobs,Consumer,Central,Texas,Huntsville,1,92.86,-62.25,0.4,12/16/2014,Active,1
EJ-13720,Ed Jacobs,Consumer,East,Pennsylvania,Philadelphia,1,422.86,15.86,0.2,8/13/2015,Active,1
EJ-13720,Ed Jacobs,Consumer,West,California,Los Angeles,1,1219.79,423.73,0.1,3/3/2017,Active,1
EJ-13720,Ed Jacobs,Consumer,West,California,San Diego,1,426.67,9.68,0.067,1/27/2014,Active,1
EJ-14155,Eva Jacobs,Consumer,East,Massachusetts,Franklin,1,1517.05,335.36,0.075,12/1/2016,Active,1
EJ-14155,Eva Jacobs,Consumer,South,Mississippi,Gulfport,1,48.69,23.86,0.0,5/14/2017,Active,1
EJ-14155,Eva Jacobs,Consumer,West,California,San Diego,1,626.35,-23.49,0.2,3/3/2014,Active,1
EJ-14155,Eva Jacobs,Consumer,West,California,Santa Ana,1,421.1,105.28,0.0,9/4/2017,Active,1
EJ-14155,Eva Jacobs,Consumer,West,Washington,Seattle,1,43.5,10.88,0.0,11/3/2017,Active,1
EK-13795,Eileen Kiefer,Home Office,Central,Illinois,Chicago,1,25.49,4.78,0.2,12/19/2015,Active,1
EK-13795,Eileen Kiefer,Home Office,West,California,Escondido,1,23.36,6.07,0.0,11/16/2017,Active,1
EK-13795,Eileen Kiefer,Home Office,West,California,San Francisco,1,1198.33,70.49,0.15,3/18/2014,Active,1
EK-13795,Eileen Kiefer,Home Office,West,California,Santa Ana,1,56.3,15.76,0.0,11/29/2015,Active,1
EL-13735,Ed Ludwig,Home Office,Central,Missouri,Jefferson City,1,86.62,8.66,0.0,4/22/2016,Active,1
EL-13735,Ed Ludwig,Home Office,East,Maryland,Columbia,1,37.66,18.45,0.0,10/14/2017,Active,1
EM-13810,Eleni McCrary,Corporate,East,Massachusetts,Franklin,1,40.29,10.48,0.0,8/20/2017,Active,1
EM-13810,Eleni McCrary,Corporate,East,New Hampshire,Dover,1,159.98,57.59,0.0,3/4/2016,Active,1
EM-13810,Eleni McCrary,Corporate,East,New York,New York City,1,310.36,-64.13,0.2,8/24/2015,Active,1
EM-13810,Eleni McCrary,Corporate,West,California,Los Angeles,1,7.52,2.63,0.2,6/7/2015,Active,1
EM-13810,Eleni McCrary,Corporate,West,California,San Francisco,1,2048.86,-140.4,0.2,7/16/2015,Active,1
EM-13825,Elizabeth Moffitt,Corporate,Central,South Dakota,Sioux Falls,1,1107.68,329.93,0.0,7/20/2017,Active,1
EM-13825,Elizabeth Moffitt,Corporate,Central,Texas,Dallas,1,492.77,55.44,0.2,11/5/2017,Active,1
EM-13825,Elizabeth Moffitt,Corporate,Central,Texas,Houston,1,21.2,-11.66,0.6,9/5/2016,Active,1
EM-13825,Elizabeth Moffitt,Corporate,East,New Jersey,Paterson,1,345.26,154.42,0.0,5/31/2015,Active,1
EM-13825,Elizabeth Moffitt,Corporate,South,Florida,Hollywood,1,9.22,3.34,0.2,8/27/2016,Active,1
EM-13825,Elizabeth Moffitt,Corporate,South,Georgia,Sandy Springs,1,21.19,8.0,0.0,12/2/2014,Active,1
EM-13825,Elizabeth Moffitt,Corporate,West,California,Los Angeles,1,159.56,59.04,0.0,5/2/2017,Active,1
EM-13825,Elizabeth Moffitt,Corporate,West,California,Moreno Valley,1,182.72,84.05,0.0,1/26/2015,Active,1
EM-13960,Eric Murdock,Consumer,Central,Illinois,Quincy,1,111.76,-1.77,0.5,10/1/2015,Active,1
EM-13960,Eric Murdock,Consumer,East,Maryland,Baltimore,1,8.22,2.22,0.0,12/12/2015,Active,1
EM-13960,Eric Murdock,Consumer,East,Pennsylvania,Philadelphia,1,54.38,1.36,0.2,12/28/2015,Active,1
EM-13960,Eric Murdock,Consumer,West,California,San Francisco,1,186.54,50.37,0.0,8/1/2017,Active,1
EM-13960,Eric Murdock,Consumer,West,Oregon,Portland,1,572.8,50.12,0.2,10/1/2015,Active,1
EM-14065,Erin Mull,Consumer,Central,Texas,Frisco,1,30.34,-17.44,0.6,6/4/2017,Active,1
EM-14065,Erin Mull,Consumer,East,New York,New York City,2,177.15,62.62,0.0,7/22/2014,Active,1
EM-14065,Erin Mull,Consumer,South,North Carolina,Jacksonville,1,21.5,-5.03,0.45,8/13/2016,Active,1
EM-14095,Eudokia Martin,Corporate,East,New York,New York City,1,65.12,16.93,0.0,9/8/2017,Active,1
EM-14095,Eudokia Martin,Corporate,South,Virginia,Springfield,1,520.03,160.27,0.0,8/7/2015,Active,1
EM-14095,Eudokia Martin,Corporate,West,Arizona,Phoenix,1,365.5,32.4,0.2,11/21/2015,Active,1
EM-14095,Eudokia Martin,Corporate,West,California,Los Angeles,1,90.4,30.63,0.1,11/7/2016,Active,1
EM-14140,Eugene Moren,Home Office,Central,Wisconsin,Superior,1,1282.61,509.12,0.0,5/30/2016,Active,1
EM-14140,Eugene Moren,Home Office,East,Delaware,Newark,1,807.54,271.42,0.0,3/7/2015,Active,1
EM-14140,Eugene Moren,Home Office,West,Arizona,Glendale,1,972.08,76.76,0.2,11/12/2017,Active,1
EM-14140,Eugene Moren,Home Office,West,California,Santa Ana,1,20.16,9.88,0.0,12/27/2016,Active,1
EM-14140,Eugene Moren,Home Office,West,Montana,Great Falls,1,6.1,2.21,0.2,7/19/2014,Active,1
EM-14140,Eugene Moren,Home Office,West,Utah,Lehi,1,1499.95,449.98,0.0,7/1/2016,Active,1
EM-14200,Evan Minnotte,Home Office,Central,Texas,Dallas,1,298.12,-4.26,0.3,7/25/2017,Active,1
EM-14200,Evan Minnotte,Home Office,South,Florida,Miami,1,11.7,3.95,0.2,12/20/2015,Active,1
EM-14200,Evan Minnotte,Home Office,South,Virginia,Virginia Beach,1,57.01,22.08,0.0,3/26/2017,Active,1
EN-13780,Edward Nazzal,Consumer,Central,Michigan,Grand Rapids,1,83.7,41.01,0.0,9/20/2016,Active,1
EN-13780,Edward Nazzal,Consumer,Central,Texas,Dallas,1,23.83,6.55,0.2,3/18/2017,Active,1
EN-13780,Edward Nazzal,Consumer,East,New York,New York City,2,2091.83,448.55,0.029,6/4/2016,Active,1
EP-13915,Emily Phan,Consumer,Central,Illinois,Chicago,2,75.68,-64.05,0.4,9/3/2017,Active,1
EP-13915,Emily Phan,Consumer,Central,Michigan,Dearborn Heights,1,280.96,90.05,0.0,3/3/2017,Active,1
EP-13915,Emily Phan,Consumer,Central,Michigan,Detroit,1,181.86,50.92,0.0,11/11/2017,Active,1
EP-13915,Emily Phan,Consumer,Central,Texas,Houston,1,2007.9,-366.63,0.484,11/5/2016,Active,1
EP-13915,Emily Phan,Consumer,East,New Hampshire,Dover,1,688.46,323.41,0.0,3/14/2015,Active,1
EP-13915,Emily Phan,Consumer,East,New York,New York City,1,559.99,175.0,0.2,7/6/2014,Active,1
EP-13915,Emily Phan,Consumer,East,Pennsylvania,Philadelphia,1,710.32,-212.13,0.4,11/7/2017,Active,1
EP-13915,Emily Phan,Consumer,South,Arkansas,Jonesboro,1,59.98,17.99,0.0,11/25/2016,Active,1
EP-13915,Emily Phan,Consumer,South,Florida,Deltona,1,107.98,37.79,0.2,6/21/2015,Active,1
EP-13915,Emily Phan,Consumer,South,Florida,Jacksonville,1,71.1,11.79,0.2,12/31/2016,Active,1
EP-13915,Emily Phan,Consumer,South,Florida,Tampa,1,38.19,-26.73,0.7,10/28/2016,Active,1
EP-13915,Emily Phan,Consumer,West,Arizona,Tempe,1,307.92,-34.64,0.2,10/18/2016,Active,1
EP-13915,Emily Phan,Consumer,West,California,Los Angeles,2,63.55,29.23,0.0,12/18/2017,Active,1
EP-13915,Emily Phan,Consumer,West,California,San Diego,1,62.65,29.45,0.0,11/28/2017,Active,1
EP-13915,Emily Phan,Consumer,West,California,San Francisco,1,261.52,83.53,0.0,12/13/2017,Active,1
ER-13855,Elpida Rittenbach,Corporate,Central,Minnesota,Saint Paul,1,77.88,22.59,0.0,9/6/2016,Active,1
ER-13855,Elpida Rittenbach,Corporate,South,North Carolina,Charlotte,1,1106.92,-322.9,0.267,11/4/2016,Active,1
ER-13855,Elpida Rittenbach,Corporate,West,Colorado,Colorado Springs,1,60.98,4.57,0.2,12/21/2015,Active,1
ES-14020,Erica Smith,Consumer,Central,Texas,Houston,1,117.46,44.05,0.2,4/20/2015,Active,1
ES-14020,Erica Smith,Consumer,East,New York,New York City,1,239.97,71.99,0.0,6/11/2016,Active,1
ES-14020,Erica Smith,Consumer,South,Tennessee,Jackson,1,209.57,-23.58,0.2,11/20/2017,Active,1
ES-14020,Erica Smith,Consumer,West,California,Los Angeles,1,2911.78,895.61,0.2,9/15/2017,Active,1
ES-14020,Erica Smith,Consumer,West,California,San Francisco,1,31.68,15.22,0.0,9/20/2014,Active,1
ES-14080,Erin Smith,Corporate,East,New Jersey,Lakewood,1,37.94,18.21,0.0,4/7/2016,Active,1
ES-14080,Erin Smith,Corporate,East,Ohio,Lakewood,1,170.92,-23.47,0.3,12/2/2017,Active,1
ES-14080,Erin Smith,Corporate,East,Pennsylvania,Philadelphia,1,1443.72,253.19,0.2,2/24/2017,Active,1
ES-14080,Erin Smith,Corporate,East,Rhode Island,Providence,1,599.9,-27.16,0.15,2/27/2015,Active,1
ES-14080,Erin Smith,Corporate,South,Florida,Melbourne,1,95.62,9.56,0.2,9/19/2017,Active,1
ES-14080,Erin Smith,Corporate,West,Arizona,Tempe,1,598.14,133.76,0.2,10/2/2014,Active,1
ES-14080,Erin Smith,Corporate,West,Arizona,Tucson,2,852.49,-192.61,0.525,7/14/2016,Active,1
ES-14080,Erin Smith,Corporate,West,Oregon,Springfield,1,859.2,75.18,0.2,9/29/2016,Active,1
FA-14230,Frank Atkinson,Corporate,Central,Texas,San Antonio,1,80.88,-17.06,0.4,2/9/2015,Active,1
FA-14230,Frank Atkinson,Corporate,South,Florida,Orlando,1,574.06,39.8,0.2,11/20/2016,Active,1
FA-14230,Frank Atkinson,Corporate,South,North Carolina,Raleigh,1,246.36,55.28,0.325,7/2/2015,Active,1
FA-14230,Frank Atkinson,Corporate,West,California,Long Beach,1,7.16,3.58,0.0,9/19/2014,Active,1
FA-14230,Frank Atkinson,Corporate,West,California,Los Angeles,2,1472.16,285.45,0.133,9/24/2017,Active,1
FA-14230,Frank Atkinson,Corporate,West,Colorado,Denver,1,603.43,153.47,0.325,10/30/2015,Active,1
FC-14245,Frank Carlisle,Home Office,Central,Missouri,Columbia,1,2377.56,972.25,0.0,10/17/2016,Active,1
FC-14245,Frank Carlisle,Home Office,East,Ohio,Lakewood,1,171.85,12.56,0.367,10/21/2017,Active,1
FC-14245,Frank Carlisle,Home Office,East,Ohio,Springfield,1,3.42,0.3,0.2,6/13/2015,Active,1
FC-14245,Frank Carlisle,Home Office,South,Florida,Hialeah,1,220.06,19.25,0.2,9/8/2017,Active,1
FC-14245,Frank Carlisle,Home Office,West,California,Los Angeles,1,56.3,15.76,0.0,12/10/2015,Active,1
FC-14245,Frank Carlisle,Home Office,West,California,Sacramento,1,60.84,19.47,0.0,9/19/2015,Active,1
FC-14245,Frank Carlisle,Home Office,West,California,San Francisco,1,528.71,177.58,0.05,3/6/2017,Active,1
FC-14335,Fred Chung,Corporate,Central,Illinois,Chicago,1,204.48,22.1,0.2,3/30/2015,Active,1
FC-14335,Fred Chung,Corporate,Central,Texas,Mesquite,1,5.18,1.81,0.2,6/29/2017,Active,1
FC-14335,Fred Chung,Corporate,East,Pennsylvania,Philadelphia,1,51.97,-10.39,0.2,5/15/2015,Active,1
FC-14335,Fred Chung,Corporate,West,California,San Francisco,1,1356.58,86.15,0.2,3/15/2016,Active,1
FC-14335,Fred Chung,Corporate,West,California,Torrance,1,2011.9,501.16,0.1,2/5/2017,Active,1
FC-14335,Fred Chung,Corporate,West,Colorado,Pueblo,1,3.41,0.89,0.2,3/8/2015,Active,1
FC-14335,Fred Chung,Corporate,West,New Mexico,Albuquerque,1,255.85,112.57,0.0,10/10/2014,Active,1
FG-14260,Frank Gastineau,Home Office,Central,Illinois,Aurora,1,298.46,26.12,0.2,7/10/2017,Active,1
FG-14260,Frank Gastineau,Home Office,East,Massachusetts,Lawrence,1,711.68,297.09,0.0,5/21/2014,Active,1
FG-14260,Frank Gastineau,Home Office,East,New York,New York City,2,186.51,64.57,0.067,11/26/2017,Active,1
FG-14260,Frank Gastineau,Home Office,East,Pennsylvania,Philadelphia,1,4.84,-3.39,0.7,9/19/2017,Active,1
FG-14260,Frank Gastineau,Home Office,West,California,San Francisco,1,87.92,26.38,0.0,10/15/2017,Active,1
FG-14260,Frank Gastineau,Home Office,West,Washington,Seattle,1,93.72,-16.02,0.1,10/2/2017,Active,1
FH-14275,Frank Hawley,Corporate,Central,Illinois,Aurora,1,7.99,2.6,0.2,3/13/2017,Active,1
FH-14275,Frank Hawley,Corporate,Central,Indiana,La Porte,1,383.14,163.17,0.0,11/12/2016,Active,1
FH-14275,Frank Hawley,Corporate,Central,Texas,Houston,1,871.03,142.2,0.3,7/3/2017,Active,1
FH-14275,Frank Hawley,Corporate,East,New York,New York City,1,1362.06,439.23,0.1,11/10/2017,Active,1
FH-14275,Frank Hawley,Corporate,East,Pennsylvania,Philadelphia,1,7.48,-5.98,0.7,11/23/2017,Active,1
FH-14275,Frank Hawley,Corporate,South,Tennessee,Franklin,1,20.77,2.34,0.2,5/13/2017,Active,1
FH-14275,Frank Hawley,Corporate,South,Virginia,Newport News,1,788.86,122.97,0.0,10/21/2014,Active,1
FH-14275,Frank Hawley,Corporate,West,California,Los Angeles,2,806.02,203.62,0.12,9/10/2017,Active,1
FH-14275,Frank Hawley,Corporate,West,California,San Francisco,1,8.93,3.12,0.2,9/19/2016,Active,1
FH-14350,Fred Harton,Consumer,Central,Illinois,Chicago,1,24.82,1.55,0.2,12/28/2015,Active,1
FH-14350,Fred Harton,Consumer,East,Ohio,Dublin,1,189.92,-26.92,0.433,6/1/2017,Active,1
FH-14350,Fred Harton,Consumer,South,Georgia,Atlanta,1,1142.43,364.38,0.0,8/23/2015,Active,1
FH-14350,Fred Harton,Consumer,West,Washington,Seattle,1,914.12,367.28,0.0,2/13/2017,Active,1
FH-14365,Fred Hopkins,Corporate,East,New York,Hempstead,1,7.98,3.91,0.0,9/29/2017,Active,1
FH-14365,Fred Hopkins,Corporate,East,New York,Long Beach,1,1448.82,209.27,0.1,11/3/2015,Active,1
FH-14365,Fred Hopkins,Corporate,East,New York,New York City,1,29.97,14.09,0.0,7/22/2017,Active,1
FH-14365,Fred Hopkins,Corporate,East,Pennsylvania,Philadelphia,1,19.0,3.56,0.45,7/6/2017,Active,1
FH-14365,Fred Hopkins,Corporate,South,Tennessee,Knoxville,1,426.94,-172.45,0.3,10/20/2014,Active,1
FH-14365,Fred Hopkins,Corporate,West,California,Los Angeles,2,447.21,61.44,0.067,12/25/2017,Active,1
FH-14365,Fred Hopkins,Corporate,West,Washington,Seattle,1,4607.27,1930.46,0.0,3/19/2015,Active,1
FM-14215,Filia McAdams,Corporate,East,Connecticut,Middletown,2,230.11,60.36,0.0,9/3/2016,Active,1
FM-14215,Filia McAdams,Corporate,East,Ohio,Dublin,1,1048.35,-69.89,0.4,4/29/2017,Active,1
FM-14215,Filia McAdams,Corporate,East,Pennsylvania,Philadelphia,2,206.29,19.16,0.2,7/3/2016,Active,1
FM-14215,Filia McAdams,Corporate,South,Kentucky,Richmond,1,782.63,223.98,0.0,3/11/2014,Active,1
FM-14215,Filia McAdams,Corporate,South,North Carolina,Greensboro,1,115.48,-10.0,0.2,9/20/2016,Active,1
FM-14215,Filia McAdams,Corporate,West,California,Bakersfield,1,36.16,14.34,0.1,4/10/2016,Active,1
FM-14215,Filia McAdams,Corporate,West,California,Los Angeles,1,14.52,4.79,0.0,6/13/2014,Active,1
FM-14215,Filia McAdams,Corporate,West,Washington,Seattle,1,23.1,6.93,0.0,3/25/2017,Active,1
FM-14290,Frank Merwin,Home Office,Central,Texas,Bryan,1,65.84,-34.46,0.65,11/4/2017,Active,1
FM-14290,Frank Merwin,Home Office,East,Massachusetts,Quincy,1,283.46,104.75,0.0,7/3/2017,Active,1
FM-14290,Frank Merwin,Home Office,East,Pennsylvania,Philadelphia,2,1519.67,-371.28,0.267,4/7/2015,Active,1
FM-14290,Frank Merwin,Home Office,South,Kentucky,Richmond,1,1446.84,376.84,0.0,11/24/2017,Active,1
FM-14290,Frank Merwin,Home Office,West,California,Bakersfield,1,9.51,3.87,0.1,6/7/2016,Active,1
FM-14290,Frank Merwin,Home Office,West,California,Los Angeles,1,176.8,22.98,0.0,8/26/2014,Active,1
FM-14290,Frank Merwin,Home Office,West,California,San Francisco,1,190.05,83.96,0.0,11/6/2017,Active,1
FM-14290,Frank Merwin,Home Office,West,Washington,Vancouver,1,44.02,11.45,0.0,11/13/2016,Active,1
FM-14380,Fred McMath,Consumer,Central,Illinois,Bolingbrook,1,148.48,16.7,0.2,6/25/2017,Active,1
FM-14380,Fred McMath,Consumer,Central,Michigan,Detroit,1,659.88,89.08,0.05,10/9/2015,Active,1
FM-14380,Fred McMath,Consumer,Central,Texas,Amarillo,1,307.17,30.72,0.2,7/12/2015,Active,1
FM-14380,Fred McMath,Consumer,East,Massachusetts,Lawrence,1,125.81,57.91,0.0,12/9/2016,Active,1
FM-14380,Fred McMath,Consumer,East,New York,New York City,1,40.74,0.41,0.0,6/17/2016,Active,1
FM-14380,Fred McMath,Consumer,South,Florida,Miami,1,233.06,-102.32,0.45,11/13/2015,Active,1
FM-14380,Fred McMath,Consumer,South,Mississippi,Jackson,1,264.18,68.69,0.0,2/14/2016,Active,1
FM-14380,Fred McMath,Consumer,South,North Carolina,Jacksonville,1,79.99,22.0,0.2,8/7/2017,Active,1
FM-14380,Fred McMath,Consumer,West,Colorado,Aurora,1,663.95,8.31,0.2,12/11/2016,Active,1
FO-14305,Frank Olsen,Consumer,Central,Illinois,Chicago,1,8.57,-14.57,0.8,3/8/2015,Active,1
FO-14305,Frank Olsen,Consumer,Central,Texas,Dallas,1,164.77,-31.8,0.2,6/19/2017,Active,1
FO-14305,Frank Olsen,Consumer,Central,Texas,Houston,1,35.71,2.23,0.2,11/22/2017,Active,1
FO-14305,Frank Olsen,Consumer,East,New York,New York City,1,8.64,3.02,0.2,11/14/2017,Active,1
FO-14305,Frank Olsen,Consumer,East,Pennsylvania,Philadelphia,1,673.58,-1.47,0.2,9/22/2015,Active,1
FO-14305,Frank Olsen,Consumer,South,Florida,Hollywood,1,32.06,11.22,0.2,10/31/2016,Active,1
FO-14305,Frank Olsen,Consumer,South,Georgia,Columbus,1,74.52,35.02,0.0,2/3/2015,Active,1
FO-14305,Frank Olsen,Consumer,South,Virginia,Harrisonburg,1,1441.3,245.02,0.0,6/9/2014,Active,1
FO-14305,Frank Olsen,Consumer,West,Arizona,Glendale,1,197.3,-44.43,0.367,6/8/2017,Active,1
FO-14305,Frank Olsen,Consumer,West,California,Sacramento,1,41.99,11.34,0.0,12/29/2016,Active,1
FP-14320,Frank Preis,Consumer,Central,Texas,Huntsville,1,1061.33,-140.58,0.267,4/13/2015,Active,1
FP-14320,Frank Preis,Consumer,East,New York,New York City,2,1392.8,314.93,0.075,4/1/2016,Active,1
FP-14320,Frank Preis,Consumer,East,Pennsylvania,Philadelphia,1,1110.65,135.58,0.3,12/9/2014,Active,1
FP-14320,Frank Preis,Consumer,West,California,Los Angeles,2,383.02,49.22,0.1,12/7/2017,Active,1
FP-14320,Frank Preis,Consumer,West,California,San Diego,1,65.05,31.7,0.0,1/22/2016,Active,1
FP-14320,Frank Preis,Consumer,West,Washington,Seattle,1,33.9,15.59,0.0,12/26/2016,Active,1
FW-14395,Fred Wasserman,Corporate,East,New York,New York City,1,43.6,12.21,0.0,9/5/2016,Active,1
FW-14395,Fred Wasserman,Corporate,South,Alabama,Huntsville,1,19.56,5.48,0.0,3/22/2015,Active,1
FW-14395,Fred Wasserman,Corporate,West,California,Los Angeles,1,16.59,5.81,0.0,1/2/2017,Active,1
GA-14515,George Ashbrook,Consumer,Central,Texas,Dallas,2,661.54,50.76,0.2,5/18/2014,Active,1
GA-14515,George Ashbrook,Consumer,Central,Texas,El Paso,1,17.86,4.24,0.2,11/26/2016,Active,1
GA-14515,George Ashbrook,Consumer,East,New York,New York City,1,449.45,82.44,0.05,6/24/2017,Active,1
GA-14515,George Ashbrook,Consumer,South,Georgia,Columbus,1,43.68,20.97,0.0,11/6/2014,Active,1
GA-14515,George Ashbrook,Consumer,West,California,Los Angeles,1,99.87,23.97,0.0,8/3/2017,Active,1
GA-14515,George Ashbrook,Consumer,West,California,San Francisco,2,2647.38,658.52,0.029,6/19/2017,Active,1
GA-14725,Guy Armstrong,Consumer,Central,Michigan,Mount Pleasant,1,17.14,6.17,0.0,10/15/2015,Active,1
GA-14725,Guy Armstrong,Consumer,Central,Missouri,Columbia,1,535.27,106.79,0.0,2/11/2014,Active,1
GA-14725,Guy Armstrong,Consumer,Central,Texas,Dallas,1,160.16,-122.6,0.56,12/25/2017,Active,1
GA-14725,Guy Armstrong,Consumer,East,Ohio,Lorain,1,48.9,8.56,0.2,1/1/2017,Active,1
GA-14725,Guy Armstrong,Consumer,East,Pennsylvania,Philadelphia,1,27.97,6.99,0.2,12/30/2014,Active,1
GA-14725,Guy Armstrong,Consumer,South,Arkansas,Rogers,1,40.41,18.59,0.0,3/12/2017,Active,1
GA-14725,Guy Armstrong,Consumer,South,North Carolina,Charlotte,1,192.16,67.26,0.2,8/25/2017,Active,1
GA-14725,Guy Armstrong,Consumer,West,California,Lancaster,1,10.9,3.6,0.0,3/19/2015,Active,1
GA-14725,Guy Armstrong,Consumer,West,California,Los Angeles,1,151.93,51.68,0.067,11/11/2017,Active,1
GA-14725,Guy Armstrong,Consumer,West,California,San Francisco,1,205.67,-12.1,0.15,3/30/2014,Active,1
GA-14725,Guy Armstrong,Consumer,West,Oregon,Salem,1,7.88,1.77,0.2,11/1/2015,Active,1
GB-14530,George Bell,Corporate,Central,Texas,Fort Worth,1,18.72,4.1,0.2,12/9/2016,Active,1
GB-14530,George Bell,Corporate,East,Delaware,Dover,1,211.96,42.39,0.0,5/8/2016,Active,1
GB-14530,George Bell,Corporate,East,New York,Auburn,1,46.96,22.54,0.0,10/29/2017,Active,1
GB-14530,George Bell,Corporate,East,Ohio,Newark,1,211.58,-33.2,0.2,4/28/2014,Active,1
GB-14530,George Bell,Corporate,East,Pennsylvania,Philadelphia,1,419.87,-143.56,0.45,8/29/2016,Active,1
GB-14530,George Bell,Corporate,South,North Carolina,Monroe,1,207.0,25.88,0.2,11/5/2015,Active,1
GB-14530,George Bell,Corporate,South,South Carolina,Florence,1,127.95,21.75,0.0,4/1/2017,Active,1
GB-14530,George Bell,Corporate,West,California,Los Angeles,3,299.76,63.92,0.033,9/18/2015,Active,1
GB-14530,George Bell,Corporate,West,Colorado,Aurora,1,24.64,4.0,0.2,9/11/2015,Active,1
GB-14575,Giulietta Baptist,Consumer,Central,Kansas,Wichita,1,279.9,137.15,0.0,1/28/2017,Active,1
GB-14575,Giulietta Baptist,Consumer,East,New York,New York City,1,196.02,73.23,0.067,3/8/2016,Active,1
GB-14575,Giulietta Baptist,Consumer,East,Pennsylvania,Philadelphia,1,64.03,11.59,0.2,6/12/2015,Active,1
GB-14575,Giulietta Baptist,Consumer,South,South Carolina,Columbia,1,3631.96,756.0,0.0,9/21/2015,Active,1
GB-14575,Giulietta Baptist,Consumer,South,Virginia,Arlington,1,544.38,157.87,0.0,12/17/2017,Active,1
GD-14590,Giulietta Dortch,Corporate,East,Pennsylvania,Philadelphia,1,737.39,-155.3,0.3,9/11/2016,Active,1
GD-14590,Giulietta Dortch,Corporate,South,Virginia,Arlington,1,47.32,22.0,0.0,5/5/2014,Active,1
GD-14590,Giulietta Dortch,Corporate,West,Washington,Bellingham,1,1099.5,362.84,0.0,6/3/2017,Active,1
GD-14590,Giulietta Dortch,Corporate,West,Washington,Everett,1,3.86,1.4,0.2,12/25/2017,Active,1
GG-14650,Greg Guthrie,Corporate,Central,Illinois,Bloomington,1,54.34,5.43,0.2,11/2/2017,Active,1
GG-14650,Greg Guthrie,Corporate,Central,Illinois,Chicago,1,160.38,-5.0,0.2,11/27/2016,Active,1
GG-14650,Greg Guthrie,Corporate,East,New York,New York City,1,39.99,11.6,0.0,8/18/2016,Active,1
GG-14650,Greg Guthrie,Corporate,East,Ohio,Columbus,1,17.1,-5.97,0.45,4/23/2017,Active,1
GG-14650,Greg Guthrie,Corporate,South,Tennessee,Bristol,1,157.79,-115.72,0.7,4/5/2015,Active,1
GG-14650,Greg Guthrie,Corporate,West,California,Antioch,1,19.44,9.33,0.0,12/6/2016,Active,1
GG-14650,Greg Guthrie,Corporate,West,California,Chico,1,753.11,-14.04,0.1,10/5/2017,Active,1
GG-14650,Greg Guthrie,Corporate,West,California,Los Angeles,1,1007.94,122.54,0.067,10/31/2014,Active,1
GG-14650,Greg Guthrie,Corporate,West,Washington,Seattle,1,13.9,4.52,0.2,11/17/2017,Active,1
GH-14410,Gary Hansen,Home Office,Central,Illinois,Chicago,1,1584.87,-63.96,0.367,6/30/2017,Active,1
GH-14410,Gary Hansen,Home Office,Central,Minnesota,Lakeville,1,155.88,38.97,0.0,7/30/2015,Active,1
GH-14410,Gary Hansen,Home Office,Central,Texas,Houston,1,91.23,-162.13,0.5,9/5/2016,Active,1
GH-14410,Gary Hansen,Home Office,East,New Jersey,Perth Amboy,1,178.21,45.71,0.0,2/17/2017,Active,1
GH-14410,Gary Hansen,Home Office,South,Tennessee,Hendersonville,1,16.22,-10.96,0.7,8/9/2016,Active,1
GH-14410,Gary Hansen,Home Office,West,Arizona,Glendale,1,93.02,33.72,0.2,8/3/2014,Active,1
GH-14410,Gary Hansen,Home Office,West,Arizona,Yuma,1,599.98,-479.99,0.7,10/16/2017,Active,1
GH-14410,Gary Hansen,Home Office,West,California,Los Angeles,1,68.7,19.62,0.067,7/9/2014,Active,1
GH-14410,Gary Hansen,Home Office,West,California,San Francisco,1,31.35,2.18,0.0,6/6/2017,Active,1
GH-14425,Gary Hwang,Consumer,South,Florida,Jacksonville,1,12.83,-8.98,0.7,12/11/2015,Active,1
GH-14425,Gary Hwang,Consumer,West,Arizona,Tucson,1,757.71,68.66,0.2,12/6/2015,Active,1
GH-14425,Gary Hwang,Consumer,West,California,Modesto,1,111.79,43.6,0.0,11/10/2017,Active,1
GH-14425,Gary Hwang,Consumer,West,Washington,Seattle,1,3290.52,1073.14,0.067,6/17/2014,Active,1
GH-14485,Gene Hale,Corporate,Central,Texas,Dallas,1,72.78,-70.96,0.6,10/8/2015,Active,1
GH-14485,Gene Hale,Corporate,Central,Texas,Richardson,1,1288.46,-24.49,0.4,12/8/2016,Active,1
GH-14665,Greg Hansen,Consumer,Central,Illinois,Chicago,1,40.92,3.07,0.2,11/17/2015,Active,1
GH-14665,Greg Hansen,Consumer,Central,Texas,Round Rock,1,106.02,-8.88,0.26,12/28/2017,Active,1
GK-14620,Grace Kelly,Corporate,Central,Texas,Dallas,1,479.99,56.0,0.4,11/20/2015,Active,1
GK-14620,Grace Kelly,Corporate,Central,Texas,Plano,1,9.86,3.45,0.2,9/9/2017,Active,1
GK-14620,Grace Kelly,Corporate,East,New Jersey,Morristown,1,1793.98,843.17,0.0,12/18/2016,Active,1
GK-14620,Grace Kelly,Corporate,South,North Carolina,Greensboro,1,64.68,8.09,0.2,8/13/2015,Active,1
GK-14620,Grace Kelly,Corporate,West,California,Hesperia,1,351.51,116.74,0.1,4/23/2016,Active,1
GK-14620,Grace Kelly,Corporate,West,California,Los Angeles,3,3452.34,382.59,0.12,7/13/2014,Active,1
GK-14620,Grace Kelly,Corporate,West,Oregon,Salem,1,344.92,38.52,0.2,6/25/2014,Active,1
GM-14440,Gary McGarr,Consumer,East,New York,New York City,2,523.29,7.85,0.1,3/26/2017,Active,1
GM-14440,Gary McGarr,Consumer,East,New York,Troy,1,60.12,22.24,0.0,7/29/2017,Active,1
GM-14440,Gary McGarr,Consumer,South,Tennessee,Knoxville,1,310.53,17.87,0.2,3/21/2014,Active,1
GM-14440,Gary McGarr,Consumer,West,California,Los Angeles,1,772.68,108.18,0.0,12/3/2016,Active,1
GM-14440,Gary McGarr,Consumer,West,California,San Diego,1,1897.92,184.91,0.2,12/21/2014,Active,1
GM-14440,Gary McGarr,Consumer,West,California,San Francisco,1,18.28,6.22,0.0,4/22/2017,Active,1
GM-14455,Gary Mitchum,Home Office,Central,Illinois,Chicago,1,282.69,46.93,0.333,12/14/2017,Active,1
GM-14455,Gary Mitchum,Home Office,Central,Texas,Austin,1,758.35,265.42,0.2,4/11/2014,Active,1
GM-14455,Gary Mitchum,Home Office,Central,Texas,Houston,1,158.37,13.86,0.2,4/5/2016,Active,1
GM-14455,Gary Mitchum,Home Office,East,Massachusetts,Franklin,1,177.17,50.74,0.0,12/31/2014,Active,1
GM-14455,Gary Mitchum,Home Office,East,New Hampshire,Concord,1,1077.47,327.68,0.0,8/6/2017,Active,1
GM-14455,Gary Mitchum,Home Office,East,Ohio,Columbus,1,624.58,88.66,0.3,4/19/2016,Active,1
GM-14500,Gene McClure,Consumer,Central,Illinois,Chicago,1,7.07,2.39,0.2,5/10/2016,Active,1
GM-14500,Gene McClure,Consumer,Central,Texas,Pharr,1,124.4,-21.33,0.3,7/21/2017,Active,1
GM-14500,Gene McClure,Consumer,East,New York,Oceanside,1,743.43,340.91,0.067,9/26/2015,Active,1
GM-14500,Gene McClure,Consumer,East,Pennsylvania,Philadelphia,1,56.81,17.54,0.2,3/26/2015,Active,1
GM-14500,Gene McClure,Consumer,East,Rhode Island,Providence,1,14.9,1.04,0.0,6/26/2016,Active,1
GM-14500,Gene McClure,Consumer,South,Florida,Hollywood,1,9.95,1.0,0.2,10/22/2015,Active,1
GM-14500,Gene McClure,Consumer,West,California,Bakersfield,1,41.6,14.14,0.0,5/6/2016,Active,1
GM-14500,Gene McClure,Consumer,West,California,Fresno,2,245.1,80.4,0.1,8/9/2014,Active,1
GM-14500,Gene McClure,Consumer,West,Washington,Seattle,1,12.42,5.22,0.0,9/15/2017,Active,1
GM-14680,Greg Matthias,Consumer,East,New York,New York City,2,854.51,-141.9,0.3,9/30/2016,Active,1
GM-14680,Greg Matthias,Consumer,East,Pennsylvania,Philadelphia,1,285.58,-57.12,0.4,7/31/2017,Active,1
GM-14680,Greg Matthias,Consumer,West,California,Los Angeles,1,177.48,19.97,0.2,6/9/2016,Active,1
GM-14680,Greg Matthias,Consumer,West,California,San Jose,1,1769.78,187.66,0.1,5/10/2014,Active,1
GM-14680,Greg Matthias,Consumer,West,Washington,Seattle,1,76.28,26.88,0.0,8/11/2014,Active,1
GM-14695,Greg Maxwell,Corporate,South,Virginia,Alexandria,1,4251.92,112.27,0.0,4/5/2014,Active,1
GM-14695,Greg Maxwell,Corporate,West,California,Los Angeles,1,1322.35,-99.18,0.2,9/4/2017,Active,1
GM-14695,Greg Maxwell,Corporate,West,California,San Francisco,1,475.69,175.63,0.08,9/20/2016,Active,1
GP-14740,Guy Phonely,Corporate,East,Massachusetts,Leominster,1,191.62,67.77,0.0,11/26/2015,Active,1
GP-14740,Guy Phonely,Corporate,East,Pennsylvania,Lancaster,1,44.91,-35.93,0.7,4/6/2014,Active,1
GR-14560,Georgia Rosenberg,Corporate,East,Delaware,Wilmington,1,1271.42,353.61,0.0,11/19/2014,Active,1
GR-14560,Georgia Rosenberg,Corporate,West,California,San Francisco,1,12.96,6.22,0.0,11/21/2014,Active,1
GT-14635,Grant Thornton,Corporate,East,New York,Long Beach,1,1158.45,-292.19,0.2,6/6/2014,Active,1
GT-14635,Grant Thornton,Corporate,East,New York,New York City,1,25.34,8.87,0.2,11/5/2015,Active,1
GT-14635,Grant Thornton,Corporate,South,North Carolina,Burlington,1,8167.42,-3825.34,0.35,11/4/2017,Active,1
GT-14710,Greg Tran,Consumer,Central,Minnesota,Lakeville,1,87.52,35.09,0.0,8/21/2017,Active,1
GT-14710,Greg Tran,Consumer,Central,Nebraska,Omaha,1,20.07,9.23,0.0,6/27/2017,Active,1
GT-14710,Greg Tran,Consumer,Central,Texas,Houston,2,1089.26,39.28,0.217,5/14/2017,Active,1
GT-14710,Greg Tran,Consumer,East,District of Columbia,Washington,1,2670.19,974.31,0.0,4/27/2015,Active,1
GT-14710,Greg Tran,Consumer,East,New York,Buffalo,1,6160.62,676.46,0.2,11/17/2014,Active,1
GT-14710,Greg Tran,Consumer,East,New York,New York City,3,552.13,98.33,0.067,6/13/2016,Active,1
GT-14710,Greg Tran,Consumer,West,California,San Francisco,1,70.88,33.31,0.0,2/19/2016,Active,1
GT-14710,Greg Tran,Consumer,West,Washington,Seattle,1,1169.45,297.41,0.114,12/6/2016,Active,1
GT-14755,Guy Thornton,Consumer,Central,Illinois,Rockford,1,33.57,-53.71,0.8,11/26/2017,Active,1
GT-14755,Guy Thornton,Consumer,Central,Texas,Harlingen,1,79.34,14.07,0.2,5/29/2017,Active,1
GT-14755,Guy Thornton,Consumer,West,California,Long Beach,1,96.6,27.2,0.1,2/18/2015,Active,1
GT-14755,Guy Thornton,Consumer,West,California,Los Angeles,1,16.92,6.3,0.0,7/3/2016,Active,1
GW-14605,Giulietta Weimer,Consumer,Central,Texas,Houston,1,513.86,-34.45,0.25,3/1/2014,Active,1
GW-14605,Giulietta Weimer,Consumer,East,New York,New York City,1,279.86,134.33,0.0,9/19/2015,Active,1
GW-14605,Giulietta Weimer,Consumer,East,Pennsylvania,Philadelphia,1,631.18,-462.86,0.7,12/2/2017,Active,1
GW-14605,Giulietta Weimer,Consumer,South,Kentucky,Henderson,1,323.88,37.6,0.0,2/16/2016,Active,1
GW-14605,Giulietta Weimer,Consumer,South,Tennessee,Jackson,1,111.67,6.98,0.2,10/21/2016,Active,1
GW-14605,Giulietta Weimer,Consumer,West,California,San Francisco,1,238.0,38.08,0.0,7/27/2014,Active,1
GW-14605,Giulietta Weimer,Consumer,West,Washington,Seattle,1,90.57,11.77,0.0,7/29/2017,Active,1
GZ-14470,Gary Zandusky,Consumer,Central,Minnesota,Rochester,1,23.92,11.72,0.0,12/1/2016,Active,1
GZ-14470,Gary Zandusky,Consumer,Central,Texas,Texas City,1,489.23,41.93,0.3,8/5/2014,Active,1
GZ-14470,Gary Zandusky,Consumer,East,Maryland,Columbia,1,2073.35,640.19,0.0,3/17/2016,Active,1
GZ-14470,Gary Zandusky,Consumer,East,New Jersey,Morristown,1,514.05,235.13,0.0,9/17/2017,Active,1
GZ-14470,Gary Zandusky,Consumer,South,Virginia,Arlington,1,54.66,18.04,0.0,5/6/2017,Active,1
GZ-14470,Gary Zandusky,Consumer,West,Arizona,Bullhead City,1,22.29,6.72,0.2,12/20/2015,Active,1
GZ-14470,Gary Zandusky,Consumer,West,California,San Francisco,2,63.46,14.43,0.0,9/8/2014,Active,1
GZ-14470,Gary Zandusky,Consumer,West,New Mexico,Rio Rancho,1,1114.19,119.59,0.2,11/14/2015,Active,1
GZ-14545,George Zrebassa,Corporate,East,Massachusetts,Lawrence,1,46.26,12.49,0.0,9/28/2014,Active,1
GZ-14545,George Zrebassa,Corporate,West,California,Los Angeles,2,2393.66,812.05,0.067,7/26/2017,Active,1
GZ-14545,George Zrebassa,Corporate,West,California,Thousand Oaks,1,14.7,4.12,0.0,6/10/2017,Active,1
HA-14905,Helen Abelman,Consumer,Central,Illinois,Chicago,1,17.5,-7.44,0.6,11/13/2015,Active,1
HA-14905,Helen Abelman,Consumer,East,Massachusetts,Franklin,1,11.65,3.38,0.0,11/8/2015,Active,1
HA-14905,Helen Abelman,Consumer,East,New York,New York City,2,728.02,238.57,0.1,9/20/2016,Active,1
HA-14905,Helen Abelman,Consumer,East,Ohio,Springfield,1,296.95,-47.51,0.3,9/10/2017,Active,1
HA-14905,Helen Abelman,Consumer,West,California,San Jose,1,526.88,115.34,0.0,12/12/2015,Active,1
HA-14905,Helen Abelman,Consumer,West,Colorado,Fort Collins,1,582.3,-31.49,0.45,10/22/2017,Active,1
HA-14920,Helen Andreada,Consumer,Central,Illinois,Chicago,1,31.07,9.71,0.2,9/11/2017,Active,1
HA-14920,Helen Andreada,Consumer,Central,Texas,Laredo,1,362.34,-133.22,0.4,10/13/2016,Active,1
HA-14920,Helen Andreada,Consumer,East,Pennsylvania,Philadelphia,1,14.2,3.37,0.2,12/10/2017,Active,1
HA-14920,Helen Andreada,Consumer,South,North Carolina,Fayetteville,1,645.14,78.18,0.2,8/9/2016,Active,1
HA-14920,Helen Andreada,Consumer,West,California,Pasadena,2,1137.42,-36.58,0.067,9/7/2015,Active,1
HA-14920,Helen Andreada,Consumer,West,California,San Francisco,2,393.99,177.68,0.05,7/30/2015,Active,1
HD-14785,Harold Dahlen,Home Office,Central,Illinois,Chicago,1,122.05,-166.88,0.5,5/11/2014,Active,1
HD-14785,Harold Dahlen,Home Office,East,Massachusetts,Cambridge,1,77.06,33.14,0.0,11/22/2015,Active,1
HD-14785,Harold Dahlen,Home Office,East,Pennsylvania,Philadelphia,1,52.25,-2.13,0.367,6/7/2015,Active,1
HE-14800,Harold Engle,Corporate,Central,Illinois,Chicago,1,156.51,52.82,0.2,1/30/2016,Active,1
HE-14800,Harold Engle,Corporate,Central,Wisconsin,Milwaukee,1,129.29,33.84,0.0,12/18/2017,Active,1
HE-14800,Harold Engle,Corporate,East,Delaware,Newark,2,597.73,187.74,0.0,7/8/2017,Active,1
HF-14995,Herbert Flentye,Consumer,Central,Indiana,Indianapolis,1,43.85,20.48,0.0,12/9/2017,Active,1
HF-14995,Herbert Flentye,Consumer,East,Maryland,Baltimore,1,430.94,68.68,0.0,9/3/2016,Active,1
HF-14995,Herbert Flentye,Consumer,South,Florida,Fort Lauderdale,1,447.78,-99.76,0.325,11/27/2016,Active,1
HF-14995,Herbert Flentye,Consumer,South,Tennessee,Memphis,1,377.35,-142.79,0.433,5/1/2016,Active,1
HF-14995,Herbert Flentye,Consumer,West,California,Los Angeles,2,781.96,29.08,0.175,5/26/2014,Active,1
HF-14995,Herbert Flentye,Consumer,West,California,San Francisco,1,451.28,110.43,0.033,9/21/2014,Active,1
HG-14845,Harry Greene,Consumer,Central,Texas,Dallas,1,18.16,1.82,0.2,11/6/2017,Active,1
HG-14845,Harry Greene,Consumer,Central,Texas,Houston,1,330.77,121.91,0.2,3/20/2017,Active,1
HG-14845,Harry Greene,Consumer,East,New York,New York City,1,364.39,3.68,0.15,10/9/2017,Active,1
HG-14845,Harry Greene,Consumer,East,Pennsylvania,Philadelphia,1,2.41,-2.01,0.7,9/13/2015,Active,1
HG-14845,Harry Greene,Consumer,South,Louisiana,Lake Charles,1,69.9,21.6,0.0,4/29/2014,Active,1
HG-14965,Henry Goldwyn,Corporate,Central,Illinois,Chicago,1,1889.99,-2929.48,0.8,12/7/2017,Active,1
HG-14965,Henry Goldwyn,Corporate,Central,Texas,Mesquite,1,0.88,-1.4,0.8,9/26/2014,Active,1
HG-14965,Henry Goldwyn,Corporate,East,Ohio,Lancaster,1,265.07,-49.92,0.2,11/4/2017,Active,1
HG-14965,Henry Goldwyn,Corporate,East,Pennsylvania,Philadelphia,1,24.59,-18.03,0.7,5/21/2015,Active,1
HG-14965,Henry Goldwyn,Corporate,South,Kentucky,Florence,1,53.28,18.25,0.0,8/21/2015,Active,1
HG-14965,Henry Goldwyn,Corporate,South,Mississippi,Gulfport,1,31.36,15.68,0.0,1/24/2016,Active,1
HG-14965,Henry Goldwyn,Corporate,West,California,Los Angeles,3,871.4,128.47,0.0,3/31/2017,Active,1
HG-14965,Henry Goldwyn,Corporate,West,California,San Diego,1,8.56,3.85,0.0,9/20/2014,Active,1
HG-14965,Henry Goldwyn,Corporate,West,California,San Francisco,1,86.82,29.52,0.0,9/28/2015,Active,1
HG-14965,Henry Goldwyn,Corporate,West,Colorado,Colorado Springs,1,15.7,5.1,0.2,12/8/2015,Active,1
HG-15025,Hunter Glantz,Consumer,Central,Minnesota,Lakeville,1,22.0,9.68,0.0,11/20/2017,Active,1
HG-15025,Hunter Glantz,Consumer,Central,Texas,Amarillo,1,107.86,30.44,0.2,10/1/2016,Active,1
HG-15025,Hunter Glantz,Consumer,Central,Texas,Fort Worth,1,2003.12,616.46,0.5,10/14/2014,Active,1
HG-15025,Hunter Glantz,Consumer,East,New York,Oceanside,1,286.14,53.17,0.15,12/24/2017,Active,1
HG-15025,Hunter Glantz,Consumer,East,Ohio,Marion,1,63.92,19.18,0.2,6/12/2017,Active,1
HG-15025,Hunter Glantz,Consumer,South,Louisiana,Kenner,1,89.32,19.8,0.0,8/13/2016,Active,1
HG-15025,Hunter Glantz,Consumer,West,California,Los Angeles,1,1117.92,55.9,0.0,5/14/2015,Active,1
HH-15010,Hilary Holden,Corporate,West,California,San Francisco,2,218.67,86.73,0.033,8/29/2014,Active,1
HJ-14875,Heather Jas,Home Office,Central,Michigan,Detroit,1,53.72,13.97,0.0,8/26/2017,Active,1
HJ-14875,Heather Jas,Home Office,South,Florida,Jacksonville,1,5.08,1.65,0.2,11/25/2016,Active,1
HJ-14875,Heather Jas,Home Office,West,Arizona,Mesa,1,85.92,28.7,0.2,4/13/2015,Active,1
HJ-14875,Heather Jas,Home Office,West,California,San Francisco,1,49.5,13.36,0.0,11/17/2016,Active,1
HJ-14875,Heather Jas,Home Office,West,Washington,Seattle,1,163.88,40.97,0.0,9/20/2016,Active,1
HK-14890,Heather Kirkland,Corporate,Central,Illinois,Chicago,1,70.97,5.7,0.4,10/23/2016,Active,1
HK-14890,Heather Kirkland,Corporate,Central,Michigan,Detroit,1,491.55,240.86,0.0,6/10/2014,Active,1
HK-14890,Heather Kirkland,Corporate,Central,Texas,Houston,1,2737.67,370.81,0.32,3/26/2017,Active,1
HK-14890,Heather Kirkland,Corporate,East,Delaware,Newark,1,450.09,117.02,0.0,10/25/2015,Active,1
HK-14890,Heather Kirkland,Corporate,South,North Carolina,Charlotte,1,36.24,11.32,0.2,4/23/2016,Active,1
HK-14890,Heather Kirkland,Corporate,South,Tennessee,Franklin,1,35.17,9.67,0.2,6/3/2017,Active,1
HK-14890,Heather Kirkland,Corporate,West,California,Salinas,1,54.9,18.53,0.2,8/1/2017,Active,1
HK-14890,Heather Kirkland,Corporate,West,Idaho,Boise,1,1001.2,183.03,0.1,11/16/2015,Active,1
HL-15040,Hunter Lopez,Consumer,Central,Indiana,Richmond,1,440.91,123.45,0.0,6/24/2016,Active,1
HL-15040,Hunter Lopez,Consumer,Central,Texas,Houston,1,15.65,5.09,0.2,10/3/2016,Active,1
HL-15040,Hunter Lopez,Consumer,Central,Wisconsin,Milwaukee,1,34.79,10.78,0.0,5/12/2014,Active,1
HL-15040,Hunter Lopez,Consumer,East,Delaware,Newark,1,10499.97,5039.99,0.0,11/17/2017,Active,1
HL-15040,Hunter Lopez,Consumer,East,New York,Rochester,1,22.58,5.87,0.0,10/3/2017,Active,1
HL-15040,Hunter Lopez,Consumer,South,Arkansas,Jonesboro,1,1859.4,437.25,0.0,1/20/2014,Active,1
HM-14860,Harry Marie,Corporate,Central,Missouri,Springfield,1,4909.61,2306.74,0.0,12/24/2015,Active,1
HM-14860,Harry Marie,Corporate,Central,Texas,Carrollton,1,3.32,-5.64,0.8,8/4/2017,Active,1
HM-14860,Harry Marie,Corporate,Central,Texas,Dallas,1,751.89,-79.12,0.525,7/21/2014,Active,1
HM-14860,Harry Marie,Corporate,Central,Texas,Huntsville,1,956.66,-225.1,0.32,9/27/2016,Active,1
HM-14860,Harry Marie,Corporate,East,New Jersey,Morristown,1,74.45,20.1,0.0,4/14/2017,Active,1
HM-14860,Harry Marie,Corporate,East,New York,New York City,1,641.98,307.75,0.0,5/12/2016,Active,1
HM-14860,Harry Marie,Corporate,East,Pennsylvania,Philadelphia,1,456.51,-40.11,0.267,10/19/2017,Active,1
HM-14860,Harry Marie,Corporate,West,California,Los Angeles,1,418.19,144.26,0.067,12/4/2015,Active,1
HM-14860,Harry Marie,Corporate,West,Colorado,Loveland,1,16.75,6.07,0.2,8/4/2017,Active,1
HM-14860,Harry Marie,Corporate,West,Washington,Seattle,1,7.4,3.03,0.0,12/28/2017,Active,1
HM-14980,Henry MacAllister,Consumer,East,New York,New York City,1,4.62,1.73,0.2,9/18/2016,Active,1
HM-14980,Henry MacAllister,Consumer,South,North Carolina,Burlington,1,22.74,2.51,0.2,4/11/2017,Active,1
HM-14980,Henry MacAllister,Consumer,West,California,Los Angeles,1,569.34,73.95,0.2,10/2/2015,Active,1
HM-14980,Henry MacAllister,Consumer,West,Washington,Seattle,1,139.58,39.08,0.0,4/27/2017,Active,1
HP-14815,Harold Pawlan,Home Office,Central,Michigan,Jackson,1,70.12,21.04,0.0,10/31/2015,Active,1
HP-14815,Harold Pawlan,Home Office,Central,Texas,Fort Worth,1,71.35,-127.67,0.8,11/22/2015,Active,1
HP-14815,Harold Pawlan,Home Office,East,New Hampshire,Concord,1,184.66,84.94,0.0,12/3/2015,Active,1
HP-14815,Harold Pawlan,Home Office,East,New York,New York City,1,1311.37,285.5,0.15,11/30/2017,Active,1
HP-14815,Harold Pawlan,Home Office,South,Virginia,Virginia Beach,1,111.15,48.91,0.0,11/24/2014,Active,1
HP-14815,Harold Pawlan,Home Office,West,Arizona,Tucson,1,100.92,8.38,0.45,1/23/2017,Active,1
HP-14815,Harold Pawlan,Home Office,West,California,Los Angeles,1,140.74,52.78,0.2,5/6/2014,Active,1
HR-14770,Hallie Redmond,Home Office,Central,Indiana,Richmond,1,358.7,111.18,0.0,1/14/2017,Active,1
HR-14770,Hallie Redmond,Home Office,Central,Wisconsin,Milwaukee,1,687.4,48.12,0.0,8/9/2015,Active,1
HR-14770,Hallie Redmond,Home Office,East,New York,New York City,1,5.94,1.6,0.0,3/1/2014,Active,1
HR-14770,Hallie Redmond,Home Office,South,Florida,Jacksonville,1,235.44,20.4,0.2,4/7/2017,Active,1
HR-14770,Hallie Redmond,Home Office,West,California,Los Angeles,1,11.81,4.28,0.2,12/17/2017,Active,1
HR-14830,Harold Ryan,Corporate,East,New York,New York City,2,773.69,172.54,0.02,3/24/2017,Active,1
HR-14830,Harold Ryan,Corporate,East,Pennsylvania,Philadelphia,1,456.19,1.68,0.25,12/22/2015,Active,1
HR-14830,Harold Ryan,Corporate,South,Florida,Miami,1,13.63,3.58,0.2,6/18/2015,Active,1
HR-14830,Harold Ryan,Corporate,West,Arizona,Gilbert,1,883.84,99.43,0.2,12/24/2015,Active,1
HR-14830,Harold Ryan,Corporate,West,California,Huntington Beach,1,2399.96,839.99,0.2,7/24/2017,Active,1
HR-14830,Harold Ryan,Corporate,West,Washington,Seattle,1,721.48,79.74,0.05,11/24/2014,Active,1
HW-14935,Helen Wasserman,Corporate,Central,Illinois,Chicago,1,849.85,-111.47,0.233,9/4/2017,Active,1
HW-14935,Helen Wasserman,Corporate,Central,Indiana,Indianapolis,1,4472.32,1372.37,0.0,6/1/2017,Active,1
HW-14935,Helen Wasserman,Corporate,Central,Michigan,Detroit,1,42.32,17.2,0.0,9/27/2015,Active,1
HW-14935,Helen Wasserman,Corporate,Central,Oklahoma,Tulsa,1,736.26,100.78,0.0,10/31/2016,Active,1
HW-14935,Helen Wasserman,Corporate,East,New York,New York City,1,355.32,99.49,0.0,8/18/2016,Active,1
HW-14935,Helen Wasserman,Corporate,West,California,San Diego,1,238.2,26.23,0.1,2/20/2017,Active,1
HW-14935,Helen Wasserman,Corporate,West,Washington,Seattle,2,2605.99,659.56,0.0,8/18/2017,Active,1
HZ-14950,Henia Zydlo,Consumer,Central,Texas,Houston,2,120.6,-64.75,0.4,5/29/2017,Active,1
HZ-14950,Henia Zydlo,Consumer,East,New York,New York City,1,20.12,9.52,0.0,9/14/2017,Active,1
HZ-14950,Henia Zydlo,Consumer,East,Ohio,Columbus,1,21.88,6.29,0.2,3/14/2016,Active,1
HZ-14950,Henia Zydlo,Consumer,South,Florida,Fort Lauderdale,1,723.92,-81.44,0.2,11/25/2017,Active,1
IG-15085,Ivan Gibson,Consumer,East,Connecticut,Norwich,1,370.14,144.35,0.0,4/9/2015,Active,1
IG-15085,Ivan Gibson,Consumer,South,Arkansas,Little Rock,1,199.17,92.93,0.0,10/20/2017,Active,1
IG-15085,Ivan Gibson,Consumer,West,California,San Diego,1,111.96,54.86,0.0,6/17/2016,Active,1
IG-15085,Ivan Gibson,Consumer,West,Washington,Seattle,1,63.3,28.35,0.1,10/18/2014,Active,1
IL-15100,Ivan Liston,Consumer,Central,Indiana,Columbus,1,1645.87,438.68,0.0,8/10/2017,Active,1
IL-15100,Ivan Liston,Consumer,Central,Texas,Houston,2,181.42,19.56,0.2,9/4/2016,Active,1
IL-15100,Ivan Liston,Consumer,East,Delaware,Wilmington,1,1558.42,350.55,0.0,2/6/2015,Active,1
IL-15100,Ivan Liston,Consumer,East,Ohio,Columbus,1,288.0,57.6,0.2,10/5/2015,Active,1
IL-15100,Ivan Liston,Consumer,West,California,San Francisco,1,19.75,6.91,0.2,8/1/2014,Active,1
IL-15100,Ivan Liston,Consumer,West,Nevada,North Las Vegas,1,1347.27,248.64,0.0,12/6/2015,Active,1
IM-15055,Ionia McGrath,Consumer,West,California,Roseville,1,8.32,2.81,0.2,11/16/2016,Active,1
IM-15055,Ionia McGrath,Consumer,West,California,San Francisco,1,2824.23,953.72,0.1,9/4/2016,Active,1
IM-15055,Ionia McGrath,Consumer,West,Nevada,Las Vegas,1,40.08,19.24,0.0,1/23/2014,Active,1
IM-15070,Irene Maddox,Consumer,Central,Wisconsin,Milwaukee,1,1099.96,285.99,0.0,7/4/2015,Active,1
IM-15070,Irene Maddox,Consumer,East,New York,New York City,1,616.16,174.26,0.0,6/23/2016,Active,1
IM-15070,Irene Maddox,Consumer,East,Pennsylvania,Philadelphia,1,11.61,-9.29,0.7,11/22/2015,Active,1
IM-15070,Irene Maddox,Consumer,South,Alabama,Florence,1,1979.89,240.6,0.0,12/19/2014,Active,1
IM-15070,Irene Maddox,Consumer,West,California,San Diego,1,84.84,22.91,0.0,11/6/2016,Active,1
IM-15070,Irene Maddox,Consumer,West,Colorado,Colorado Springs,1,730.04,-332.41,0.289,12/11/2015,Active,1
IM-15070,Irene Maddox,Consumer,West,Washington,Seattle,1,407.98,132.59,0.2,12/5/2016,Active,1
JA-15970,Joseph Airdo,Consumer,Central,Michigan,Detroit,1,477.5,114.66,0.017,9/1/2016,Active,1
JA-15970,Joseph Airdo,Consumer,East,New York,Mount Vernon,1,74.89,35.2,0.0,9/29/2017,Active,1
JA-15970,Joseph Airdo,Consumer,East,Ohio,Cuyahoga Falls,1,18.53,-12.35,0.7,3/2/2017,Active,1
JA-15970,Joseph Airdo,Consumer,East,Pennsylvania,Philadelphia,1,4749.33,-1030.64,0.367,9/22/2017,Active,1
JA-15970,Joseph Airdo,Consumer,West,Arizona,Phoenix,1,49.9,5.06,0.367,5/15/2017,Active,1
JA-15970,Joseph Airdo,Consumer,West,California,Los Angeles,1,641.02,37.31,0.1,11/12/2014,Active,1
JA-15970,Joseph Airdo,Consumer,West,California,Modesto,1,161.57,-28.27,0.2,9/7/2017,Active,1
JA-15970,Joseph Airdo,Consumer,West,Oregon,Springfield,1,318.29,59.62,0.283,9/17/2014,Active,1
JB-15400,Jennifer Braxton,Corporate,Central,Illinois,Chicago,1,72.61,-124.57,0.5,9/14/2014,Active,1
JB-15400,Jennifer Braxton,Corporate,Central,Illinois,Rockford,1,189.71,41.61,0.5,12/23/2017,Active,1
JB-15400,Jennifer Braxton,Corporate,Central,Wisconsin,Milwaukee,1,60.72,29.92,0.0,10/21/2017,Active,1
JB-15400,Jennifer Braxton,Corporate,East,Connecticut,Bristol,1,238.11,85.68,0.0,9/3/2015,Active,1
JB-15400,Jennifer Braxton,Corporate,East,Massachusetts,Lawrence,1,387.99,182.36,0.0,8/19/2017,Active,1
JB-15400,Jennifer Braxton,Corporate,East,New York,New York City,1,120.33,31.29,0.0,9/3/2015,Active,1
JB-15400,Jennifer Braxton,Corporate,South,Florida,Tampa,1,324.39,-102.34,0.3,7/23/2016,Active,1
JB-15400,Jennifer Braxton,Corporate,West,California,Los Angeles,2,181.77,14.81,0.1,5/1/2015,Active,1
JB-15400,Jennifer Braxton,Corporate,West,California,Sunnyvale,1,215.98,-2.7,0.2,11/9/2017,Active,1
JB-15925,Joni Blumstein,Consumer,Central,Texas,Austin,1,22.37,6.43,0.2,12/12/2015,Active,1
JB-15925,Joni Blumstein,Consumer,East,Ohio,Dublin,1,627.92,-365.99,0.367,12/24/2015,Active,1
JB-15925,Joni Blumstein,Consumer,West,California,Los Angeles,1,250.26,72.58,0.0,12/5/2014,Active,1
JB-16000,Joy Bell-,Consumer,Central,Michigan,Roseville,1,17.48,8.22,0.0,9/9/2017,Active,1
JB-16000,Joy Bell-,Consumer,Central,Texas,Brownsville,1,327.73,-14.46,0.32,11/17/2017,Active,1
JB-16000,Joy Bell-,Consumer,East,Maryland,Columbia,1,174.3,81.92,0.0,3/13/2017,Active,1
JB-16000,Joy Bell-,Consumer,East,Pennsylvania,Philadelphia,1,23.62,7.97,0.2,6/10/2016,Active,1
JB-16000,Joy Bell-,Consumer,West,California,Los Angeles,1,56.7,26.08,0.0,9/14/2017,Active,1
JB-16000,Joy Bell-,Consumer,West,Utah,Salt Lake City,1,19.44,9.33,0.0,11/2/2017,Active,1
JB-16000,Joy Bell-,Consumer,West,Washington,Longview,1,24.85,7.7,0.0,1/10/2016,Active,1
JB-16045,Julia Barnett,Home Office,East,Connecticut,Danbury,1,27.46,9.89,0.0,12/23/2017,Active,1
JB-16045,Julia Barnett,Home Office,East,Ohio,Columbus,1,10.58,3.44,0.2,12/8/2016,Active,1
JB-16045,Julia Barnett,Home Office,East,Pennsylvania,Philadelphia,1,502.22,-86.0,0.5,3/6/2016,Active,1
JB-16045,Julia Barnett,Home Office,South,Georgia,Columbus,1,1311.97,167.65,0.0,5/25/2016,Active,1
JB-16045,Julia Barnett,Home Office,West,California,Chula Vista,1,665.88,106.54,0.0,5/3/2015,Active,1
JC-15340,Jasper Cacioppo,Consumer,East,New York,New York City,1,3.93,1.33,0.2,1/28/2014,Active,1
JC-15340,Jasper Cacioppo,Consumer,East,Pennsylvania,Philadelphia,1,9.56,-7.33,0.7,9/5/2016,Active,1
JC-15340,Jasper Cacioppo,Consumer,West,California,Los Angeles,1,47.94,2.4,0.0,9/7/2017,Active,1
JC-15340,Jasper Cacioppo,Consumer,West,California,Riverside,1,9.84,3.25,0.0,12/13/2016,Active,1
JC-15385,Jenna Caffey,Consumer,West,Washington,Kent,1,1058.11,502.92,0.05,7/8/2017,Active,1
JC-15775,John Castell,Consumer,Central,Texas,San Antonio,1,470.38,47.04,0.2,3/25/2017,Active,1
JC-15775,John Castell,Consumer,East,Delaware,Newark,1,17.28,7.95,0.0,12/21/2014,Active,1
JC-15775,John Castell,Consumer,East,New York,New York City,1,42.93,19.32,0.0,4/1/2017,Active,1
JC-15775,John Castell,Consumer,East,Pennsylvania,Philadelphia,1,477.09,-46.12,0.24,7/25/2017,Active,1
JC-15775,John Castell,Consumer,South,Florida,Tallahassee,1,705.54,70.55,0.2,8/15/2016,Active,1
JC-15775,John Castell,Consumer,South,Georgia,Atlanta,1,195.64,91.95,0.0,5/19/2017,Active,1
JC-15775,John Castell,Consumer,South,Georgia,Macon,1,149.56,56.12,0.0,9/14/2014,Active,1
JC-15775,John Castell,Consumer,West,California,Los Angeles,1,436.0,5.13,0.15,6/30/2017,Active,1
JC-15775,John Castell,Consumer,West,Washington,Seattle,1,277.63,27.62,0.067,10/18/2015,Active,1
JC-16105,Julie Creighton,Corporate,Central,Minnesota,Minneapolis,1,67.15,16.79,0.0,11/18/2014,Active,1
JC-16105,Julie Creighton,Corporate,East,New York,Rochester,1,142.92,56.6,0.0,10/23/2017,Active,1
JC-16105,Julie Creighton,Corporate,South,Georgia,Atlanta,1,12.39,5.7,0.0,11/3/2017,Active,1
JC-16105,Julie Creighton,Corporate,South,North Carolina,Durham,1,200.98,62.81,0.2,9/3/2015,Active,1
JC-16105,Julie Creighton,Corporate,West,California,Los Angeles,1,435.13,59.7,0.1,12/24/2014,Active,1
JD-15790,John Dryer,Consumer,Central,Texas,Coppell,1,40.1,6.75,0.2,9/4/2017,Active,1
JD-15790,John Dryer,Consumer,Central,Texas,Houston,1,10.69,3.74,0.2,6/2/2017,Active,1
JD-15790,John Dryer,Consumer,East,New Jersey,Belleville,1,227.96,36.47,0.0,2/16/2016,Active,1
JD-15790,John Dryer,Consumer,South,Florida,Jacksonville,1,1801.63,-337.81,0.2,10/10/2015,Active,1
JD-15790,John Dryer,Consumer,West,California,Los Angeles,1,71.98,24.29,0.2,4/2/2015,Active,1
JD-15895,Jonathan Doherty,Corporate,East,New Jersey,Belleville,1,1263.67,98.29,0.0,10/28/2016,Active,1
JD-15895,Jonathan Doherty,Corporate,East,New York,New York City,2,1404.79,10.97,0.117,7/9/2016,Active,1
JD-15895,Jonathan Doherty,Corporate,East,Pennsylvania,Philadelphia,2,713.55,-378.05,0.34,9/5/2016,Active,1
JD-15895,Jonathan Doherty,Corporate,South,South Carolina,Columbia,1,199.18,71.72,0.0,7/16/2016,Active,1
JD-15895,Jonathan Doherty,Corporate,South,Virginia,Richmond,1,2145.25,706.3,0.0,12/1/2016,Active,1
JD-15895,Jonathan Doherty,Corporate,West,California,Los Angeles,2,1151.72,290.83,0.0,3/26/2014,Active,1
JD-15895,Jonathan Doherty,Corporate,West,California,Riverside,1,602.43,185.39,0.0,7/20/2014,Active,1
JD-15895,Jonathan Doherty,Corporate,West,Nevada,Las Vegas,1,130.28,64.82,0.0,12/12/2015,Active,1
JD-16015,Joy Daniels,Consumer,Central,Illinois,Chicago,2,110.84,12.22,0.32,5/15/2017,Active,1
JD-16015,Joy Daniels,Consumer,East,New York,New York City,1,132.6,17.24,0.0,7/11/2017,Active,1
JD-16015,Joy Daniels,Consumer,East,Ohio,Toledo,1,28.83,-2.8,0.533,9/9/2017,Active,1
JD-16015,Joy Daniels,Consumer,East,Pennsylvania,Philadelphia,1,83.92,-13.64,0.2,10/6/2014,Active,1
JD-16015,Joy Daniels,Consumer,West,Washington,Seattle,1,29.24,13.74,0.0,10/4/2014,Active,1
JD-16060,Julia Dunbar,Consumer,Central,Minnesota,Rochester,1,375.71,131.89,0.0,3/5/2017,Active,1
JD-16060,Julia Dunbar,Consumer,Central,Texas,Houston,1,107.77,-29.25,0.3,3/23/2015,Active,1
JD-16060,Julia Dunbar,Consumer,West,California,San Francisco,1,211.96,8.48,0.0,9/24/2014,Active,1
JD-16150,Justin Deggeller,Corporate,Central,Minnesota,Minneapolis,1,18.84,6.03,0.0,12/18/2016,Active,1
JD-16150,Justin Deggeller,Corporate,Central,Wisconsin,Milwaukee,1,1986.52,482.58,0.0,3/25/2017,Active,1
JD-16150,Justin Deggeller,Corporate,East,Delaware,Newark,1,188.94,30.86,0.0,11/27/2015,Active,1
JD-16150,Justin Deggeller,Corporate,East,New York,New York City,1,2521.48,634.55,0.0,11/19/2017,Active,1
JD-16150,Justin Deggeller,Corporate,East,Pennsylvania,Philadelphia,1,547.14,-68.39,0.2,12/25/2015,Active,1
JD-16150,Justin Deggeller,Corporate,West,California,Los Angeles,1,730.85,17.55,0.117,11/16/2014,Active,1
JD-16150,Justin Deggeller,Corporate,West,California,San Diego,1,1685.46,250.17,0.067,3/22/2015,Active,1
JD-16150,Justin Deggeller,Corporate,West,Idaho,Twin Falls,1,1148.81,266.16,0.1,9/15/2016,Active,1
JE-15475,Jeremy Ellison,Consumer,Central,Texas,Houston,1,60.44,-13.63,0.44,11/22/2016,Active,1
JE-15475,Jeremy Ellison,Consumer,East,New York,New Rochelle,1,201.26,33.6,0.1,6/20/2017,Active,1
JE-15475,Jeremy Ellison,Consumer,East,New York,New York City,1,29.79,12.51,0.0,11/27/2015,Active,1
JE-15475,Jeremy Ellison,Consumer,East,New York,Troy,1,40.2,19.3,0.0,10/27/2016,Active,1
JE-15475,Jeremy Ellison,Consumer,West,California,San Diego,1,885.03,179.74,0.0,12/18/2016,Active,1
JE-15475,Jeremy Ellison,Consumer,West,Washington,Seattle,1,171.96,44.71,0.0,3/16/2015,Active,1
JE-15610,Jim Epp,Corporate,Central,Wisconsin,Milwaukee,1,438.01,158.29,0.0,9/22/2017,Active,1
JE-15610,Jim Epp,Corporate,East,New Hampshire,Concord,1,292.82,27.2,0.0,10/14/2014,Active,1
JE-15610,Jim Epp,Corporate,South,Florida,Lakeland,1,3165.74,-129.59,0.325,6/11/2015,Active,1
JE-15610,Jim Epp,Corporate,South,Georgia,Atlanta,1,3098.61,1488.02,0.0,3/31/2017,Active,1
JE-15610,Jim Epp,Corporate,West,California,Los Angeles,2,236.4,27.14,0.2,5/22/2016,Active,1
JE-15610,Jim Epp,Corporate,West,California,San Diego,1,523.39,52.34,0.2,11/9/2017,Active,1
JE-15715,Joe Elijah,Consumer,Central,Texas,Houston,2,224.74,-31.88,0.5,8/25/2014,Active,1
JE-15715,Joe Elijah,Consumer,East,New York,New York City,1,2563.06,313.26,0.1,12/25/2016,Active,1
JE-15715,Joe Elijah,Consumer,East,Ohio,Cleveland,1,25.7,1.93,0.2,8/25/2017,Active,1
JE-15715,Joe Elijah,Consumer,South,North Carolina,Charlotte,1,1854.24,162.2,0.4,9/2/2016,Active,1
JE-15715,Joe Elijah,Consumer,South,North Carolina,Monroe,1,776.08,48.49,0.2,6/15/2017,Active,1
JE-15715,Joe Elijah,Consumer,West,California,Los Angeles,1,34.24,9.93,0.0,11/14/2017,Active,1
JE-15715,Joe Elijah,Consumer,West,Colorado,Broomfield,1,725.07,53.89,0.45,7/8/2016,Active,1
JE-15715,Joe Elijah,Consumer,West,New Mexico,Las Cruces,1,49.12,23.09,0.0,2/21/2015,Active,1
JE-15715,Joe Elijah,Consumer,West,Washington,Seattle,1,2445.6,681.39,0.1,12/25/2016,Active,1
JE-15745,Joel Eaton,Consumer,Central,Illinois,Frankfort,1,20.77,-52.96,0.8,5/21/2015,Active,1
JE-15745,Joel Eaton,Consumer,Central,Texas,Amarillo,1,2717.31,-307.61,0.25,10/15/2015,Active,1
JE-15745,Joel Eaton,Consumer,Central,Texas,Houston,1,19.3,-14.48,0.6,11/26/2014,Active,1
JE-15745,Joel Eaton,Consumer,East,Maryland,Rockville,1,352.47,96.74,0.0,12/1/2016,Active,1
JE-15745,Joel Eaton,Consumer,East,Ohio,Newark,1,412.68,-15.11,0.25,11/21/2015,Active,1
JE-15745,Joel Eaton,Consumer,South,Arkansas,Fayetteville,1,726.91,333.68,0.0,9/22/2017,Active,1
JE-15745,Joel Eaton,Consumer,South,Kentucky,Florence,1,740.59,210.16,0.0,6/16/2017,Active,1
JE-15745,Joel Eaton,Consumer,South,Tennessee,Memphis,1,1001.76,-131.37,0.2,4/26/2015,Active,1
JE-15745,Joel Eaton,Consumer,West,California,Los Angeles,1,61.96,27.88,0.0,10/8/2016,Active,1
JE-15745,Joel Eaton,Consumer,West,California,Oceanside,1,47.12,20.73,0.0,11/9/2017,Active,1
JE-15745,Joel Eaton,Consumer,West,California,San Diego,1,154.44,1.54,0.0,10/21/2016,Active,1
JE-15745,Joel Eaton,Consumer,West,California,San Jose,1,308.75,-3.99,0.075,4/16/2017,Active,1
JE-15745,Joel Eaton,Consumer,West,Colorado,Louisville,1,196.75,56.57,0.2,6/22/2014,Active,1
JE-16165,Justin Ellison,Corporate,Central,Wisconsin,Franklin,1,2657.81,775.98,0.0,12/5/2016,Active,1
JE-16165,Justin Ellison,Corporate,South,South Carolina,North Charleston,1,14.76,4.28,0.0,12/10/2017,Active,1
JE-16165,Justin Ellison,Corporate,West,California,Woodland,1,24.68,9.39,0.1,10/20/2017,Active,1
JF-15190,Jamie Frazer,Consumer,East,Connecticut,Manchester,1,847.46,262.19,0.0,7/9/2017,Active,1
JF-15190,Jamie Frazer,Consumer,East,New York,New York City,2,545.35,191.3,0.1,9/24/2015,Active,1
JF-15190,Jamie Frazer,Consumer,East,Pennsylvania,Philadelphia,1,166.69,-2.98,0.433,10/26/2017,Active,1
JF-15190,Jamie Frazer,Consumer,South,Tennessee,Johnson City,1,362.18,37.4,0.2,11/15/2014,Active,1
JF-15190,Jamie Frazer,Consumer,West,California,Long Beach,1,332.8,80.69,0.0,1/7/2017,Active,1
JF-15190,Jamie Frazer,Consumer,West,California,Los Angeles,1,25.11,6.53,0.0,4/2/2017,Active,1
JF-15295,Jason Fortune-,Consumer,Central,Michigan,Sterling Heights,1,11.68,3.5,0.0,10/30/2016,Active,1
JF-15295,Jason Fortune-,Consumer,Central,Texas,Plano,1,109.21,13.89,0.2,5/19/2017,Active,1
JF-15295,Jason Fortune-,Consumer,West,California,Los Angeles,1,250.42,-13.38,0.133,4/12/2016,Active,1
JF-15295,Jason Fortune-,Consumer,West,Utah,Logan,1,280.28,46.96,0.08,3/14/2014,Active,1
JF-15295,Jason Fortune-,Consumer,West,Washington,Seattle,1,303.54,46.3,0.133,5/15/2017,Active,1
JF-15355,Jay Fein,Consumer,Central,Texas,Austin,1,73.56,11.97,0.2,9/16/2017,Active,1
JF-15355,Jay Fein,Consumer,East,Maryland,Baltimore,1,89.95,43.18,0.0,7/30/2017,Active,1
JF-15355,Jay Fein,Consumer,East,New York,Rochester,1,32.67,8.49,0.0,2/4/2017,Active,1
JF-15355,Jay Fein,Consumer,South,South Carolina,Columbia,1,85.5,40.76,0.0,7/1/2016,Active,1
JF-15355,Jay Fein,Consumer,West,California,Pasadena,1,183.38,64.7,0.067,4/23/2017,Active,1
JF-15355,Jay Fein,Consumer,West,California,San Diego,1,1446.78,161.11,0.1,10/23/2015,Active,1
JF-15415,Jennifer Ferguson,Consumer,Central,Illinois,Chicago,1,62.02,22.48,0.2,6/17/2014,Active,1
JF-15415,Jennifer Ferguson,Consumer,Central,Missouri,Saint Charles,1,11.56,5.66,0.0,8/22/2014,Active,1
JF-15415,Jennifer Ferguson,Consumer,East,New York,New York City,1,134.52,56.43,0.05,12/28/2017,Active,1
JF-15415,Jennifer Ferguson,Consumer,West,Nevada,Sparks,1,79.36,23.81,0.0,10/25/2015,Active,1
JF-15415,Jennifer Ferguson,Consumer,West,Washington,Seattle,1,1820.21,494.42,0.12,9/11/2017,Active,1
JF-15415,Jennifer Ferguson,Consumer,West,Washington,Spokane,1,263.78,32.83,0.0,4/5/2015,Active,1
JF-15490,Jeremy Farry,Consumer,Central,Illinois,Chicago,1,191.97,28.8,0.2,5/6/2017,Active,1
JF-15490,Jeremy Farry,Consumer,East,Connecticut,Waterbury,1,3.52,1.02,0.0,1/20/2017,Active,1
JF-15490,Jeremy Farry,Consumer,East,New York,New York City,1,205.16,13.68,0.1,11/1/2015,Active,1
JF-15490,Jeremy Farry,Consumer,East,Ohio,Columbus,1,10.37,3.63,0.2,4/30/2017,Active,1
JF-15490,Jeremy Farry,Consumer,South,Georgia,Athens,1,14.73,7.22,0.0,5/22/2016,Active,1
JF-15490,Jeremy Farry,Consumer,West,Arizona,Tempe,1,19.12,3.53,0.2,8/31/2017,Active,1
JF-15490,Jeremy Farry,Consumer,West,California,Los Angeles,1,13.44,6.59,0.0,10/19/2014,Active,1
JF-15490,Jeremy Farry,Consumer,West,California,San Francisco,2,260.58,34.7,0.133,12/27/2014,Active,1
JF-15490,Jeremy Farry,Consumer,West,Oregon,Portland,1,357.46,-118.42,0.45,10/5/2015,Active,1
JF-15490,Jeremy Farry,Consumer,West,Washington,Seattle,1,6.57,1.2,0.0,12/7/2015,Active,1
JF-15565,Jill Fjeld,Consumer,Central,Illinois,Decatur,1,479.95,89.99,0.2,2/9/2015,Active,1
JF-15565,Jill Fjeld,Consumer,Central,Texas,Dallas,1,65.12,21.16,0.2,8/8/2016,Active,1
JF-15565,Jill Fjeld,Consumer,Central,Texas,San Antonio,1,106.08,-9.28,0.2,10/21/2016,Active,1
JF-15565,Jill Fjeld,Consumer,East,New York,New York City,1,416.62,79.51,0.05,2/16/2016,Active,1
JF-15565,Jill Fjeld,Consumer,East,Pennsylvania,Philadelphia,1,483.34,78.55,0.2,10/11/2014,Active,1
JF-15565,Jill Fjeld,Consumer,South,North Carolina,Fayetteville,1,831.37,-1.48,0.3,11/6/2017,Active,1
JF-15565,Jill Fjeld,Consumer,South,Virginia,Newport News,1,1611.01,757.4,0.0,9/11/2016,Active,1
JF-15565,Jill Fjeld,Consumer,West,California,San Francisco,1,204.85,57.36,0.0,6/25/2015,Active,1
JG-15115,Jack Garza,Consumer,South,North Carolina,Charlotte,1,23.47,4.99,0.2,10/8/2014,Active,1
JG-15115,Jack Garza,Consumer,South,North Carolina,Jacksonville,1,288.85,-50.5,0.325,12/3/2015,Active,1
JG-15115,Jack Garza,Consumer,West,Washington,Des Moines,1,2046.35,729.71,0.1,9/21/2014,Active,1
JG-15160,James Galang,Consumer,Central,Texas,Houston,1,769.02,95.3,0.333,5/12/2015,Active,1
JG-15160,James Galang,Consumer,East,New Jersey,Plainfield,1,97.84,25.44,0.0,8/15/2017,Active,1
JG-15160,James Galang,Consumer,East,New York,Long Beach,1,1214.85,352.31,0.0,6/21/2014,Active,1
JG-15160,James Galang,Consumer,East,New York,New York City,2,535.55,147.33,0.1,5/30/2014,Active,1
JG-15160,James Galang,Consumer,South,Georgia,Atlanta,1,31.83,13.37,0.0,9/27/2016,Active,1
JG-15160,James Galang,Consumer,South,Kentucky,Murray,1,191.82,74.81,0.0,12/5/2016,Active,1
JG-15160,James Galang,Consumer,South,Louisiana,Lafayette,1,73.2,21.23,0.0,7/24/2016,Active,1
JG-15160,James Galang,Consumer,West,California,Los Angeles,2,2637.75,619.87,0.15,12/29/2017,Active,1
JG-15160,James Galang,Consumer,West,Idaho,Pocatello,1,814.53,66.01,0.067,5/27/2017,Active,1
JG-15310,Jason Gross,Corporate,Central,Texas,Odessa,2,619.98,-65.61,0.433,3/3/2016,Active,1
JG-15310,Jason Gross,Corporate,East,Ohio,Newark,1,195.92,6.14,0.325,7/21/2016,Active,1
JG-15310,Jason Gross,Corporate,East,Rhode Island,Providence,1,916.14,85.58,0.0,12/22/2017,Active,1
JG-15310,Jason Gross,Corporate,West,California,Long Beach,1,340.7,-34.07,0.2,12/28/2017,Active,1
JG-15310,Jason Gross,Corporate,West,California,Los Angeles,1,167.84,11.75,0.0,5/30/2016,Active,1
JG-15805,John Grady,Corporate,Central,Illinois,Decatur,1,101.73,7.63,0.2,4/5/2014,Active,1
JG-15805,John Grady,Corporate,Central,Texas,Dallas,1,107.44,10.74,0.2,10/7/2014,Active,1
JG-15805,John Grady,Corporate,East,New York,Auburn,1,538.02,78.02,0.0,5/21/2017,Active,1
JG-15805,John Grady,Corporate,East,New York,New York City,1,718.95,91.12,0.0,6/26/2016,Active,1
JG-15805,John Grady,Corporate,West,California,San Diego,1,18.9,8.69,0.0,11/16/2015,Active,1
JG-15805,John Grady,Corporate,West,Utah,Provo,1,21.98,9.89,0.0,11/18/2014,Active,1
JH-15430,Jennifer Halladay,Consumer,East,Ohio,Cleveland,1,59.91,-45.93,0.7,11/19/2017,Active,1
JH-15430,Jennifer Halladay,Consumer,South,Florida,Hialeah,1,141.0,-1.42,0.35,12/25/2017,Active,1
JH-15430,Jennifer Halladay,Consumer,South,North Carolina,Burlington,1,52.7,4.49,0.2,11/20/2017,Active,1
JH-15430,Jennifer Halladay,Consumer,West,Oregon,Medford,1,55.67,18.79,0.2,2/24/2014,Active,1
JH-15820,John Huston,Consumer,Central,Illinois,Chicago,1,228.92,14.31,0.2,7/9/2017,Active,1
JH-15820,John Huston,Consumer,Central,Michigan,Holland,1,7.5,3.6,0.0,9/3/2015,Active,1
JH-15820,John Huston,Consumer,Central,Michigan,Midland,1,57.42,26.41,0.0,5/19/2014,Active,1
JH-15820,John Huston,Consumer,East,New York,New York City,1,22.92,11.23,0.0,3/28/2015,Active,1
JH-15820,John Huston,Consumer,East,Ohio,Kent,1,193.97,-34.24,0.267,1/27/2017,Active,1
JH-15820,John Huston,Consumer,South,North Carolina,Monroe,1,18.18,4.77,0.2,11/21/2015,Active,1
JH-15910,Jonathan Howell,Consumer,Central,Illinois,Chicago,1,219.08,-131.44,0.5,11/19/2017,Active,1
JH-15910,Jonathan Howell,Consumer,Central,Oklahoma,Tulsa,1,28.85,14.42,0.0,10/6/2016,Active,1
JH-15910,Jonathan Howell,Consumer,Central,Texas,Houston,1,54.37,4.08,0.2,5/28/2017,Active,1
JH-15910,Jonathan Howell,Consumer,East,Ohio,Cincinnati,1,5.9,1.99,0.2,5/12/2017,Active,1
JH-15910,Jonathan Howell,Consumer,South,Florida,West Palm Beach,1,55.98,4.2,0.2,6/12/2015,Active,1
JH-15910,Jonathan Howell,Consumer,South,Georgia,Atlanta,1,199.86,44.46,0.0,9/13/2015,Active,1
JH-15910,Jonathan Howell,Consumer,West,California,Los Angeles,1,395.44,48.74,0.1,10/28/2016,Active,1
JH-15985,Joseph Holt,Consumer,Central,Michigan,Saginaw,1,376.1,68.88,0.0,12/1/2017,Active,1
JH-15985,Joseph Holt,Consumer,South,North Carolina,Concord,1,4297.64,-1862.31,0.4,1/28/2015,Active,1
JH-15985,Joseph Holt,Consumer,West,California,Redondo Beach,1,112.12,51.85,0.067,9/5/2016,Active,1
JH-15985,Joseph Holt,Consumer,West,California,San Francisco,1,53.25,19.97,0.2,11/5/2016,Active,1
JH-15985,Joseph Holt,Consumer,West,Washington,Seattle,2,3115.89,1076.92,0.1,8/9/2014,Active,1
JH-16180,Justin Hirsh,Consumer,East,New York,New York City,1,327.56,21.84,0.1,11/1/2015,Active,1
JH-16180,Justin Hirsh,Consumer,East,Pennsylvania,Philadelphia,1,887.97,-191.17,0.3,4/5/2016,Active,1
JH-16180,Justin Hirsh,Consumer,West,Colorado,Pueblo,1,845.73,84.57,0.2,5/25/2015,Active,1
JH-16180,Justin Hirsh,Consumer,West,Oregon,Gresham,1,195.14,-12.2,0.2,11/21/2016,Active,1
JJ-15445,Jennifer Jackson,Consumer,Central,Illinois,Chicago,1,7.1,2.49,0.2,3/5/2015,Active,1
JJ-15445,Jennifer Jackson,Consumer,Central,Wisconsin,Waukesha,1,54.5,14.17,0.0,9/3/2016,Active,1
JJ-15445,Jennifer Jackson,Consumer,East,Delaware,Newark,1,9.45,4.54,0.0,6/16/2016,Active,1
JJ-15445,Jennifer Jackson,Consumer,East,New York,New York City,1,601.5,165.63,0.0,9/28/2015,Active,1
JJ-15445,Jennifer Jackson,Consumer,West,California,Los Angeles,1,36.62,13.73,0.2,6/13/2015,Active,1
JJ-15760,Joel Jenkins,Home Office,Central,Texas,Houston,1,119.96,12.0,0.2,12/8/2015,Active,1
JJ-15760,Joel Jenkins,Home Office,South,Virginia,Springfield,1,75.04,22.45,0.0,10/5/2015,Active,1
JK-15205,Jamie Kunitz,Consumer,East,New York,Niagara Falls,1,164.85,47.81,0.0,7/11/2014,Active,1
JK-15205,Jamie Kunitz,Consumer,East,Ohio,Marion,1,205.38,-16.97,0.2,11/20/2015,Active,1
JK-15205,Jamie Kunitz,Consumer,South,Florida,Hialeah,1,36.36,0.54,0.45,10/1/2016,Active,1
JK-15205,Jamie Kunitz,Consumer,South,Virginia,Arlington,1,2026.78,631.27,0.0,9/27/2015,Active,1
JK-15205,Jamie Kunitz,Consumer,West,California,San Francisco,1,1993.77,557.33,0.067,10/30/2017,Active,1
JK-15325,Jason Klamczynski,Corporate,Central,Texas,Dallas,1,269.59,17.3,0.2,11/21/2014,Active,1
JK-15325,Jason Klamczynski,Corporate,East,New Jersey,Atlantic City,1,23.36,11.68,0.0,1/31/2016,Active,1
JK-15325,Jason Klamczynski,Corporate,West,California,Los Angeles,1,90.86,26.35,0.0,3/18/2017,Active,1
JK-15370,Jay Kimmel,Consumer,East,New York,New York City,1,573.17,63.69,0.1,8/21/2016,Active,1
JK-15370,Jay Kimmel,Consumer,East,Pennsylvania,Philadelphia,1,526.74,51.65,0.2,12/19/2015,Active,1
JK-15370,Jay Kimmel,Consumer,South,Alabama,Huntsville,1,73.36,19.81,0.0,11/25/2016,Active,1
JK-15370,Jay Kimmel,Consumer,South,Florida,Miami,1,737.2,129.55,0.2,4/11/2014,Active,1
JK-15370,Jay Kimmel,Consumer,West,California,Fresno,1,48.86,0.98,0.0,11/16/2017,Active,1
JK-15370,Jay Kimmel,Consumer,West,California,Long Beach,1,369.91,-13.87,0.2,4/9/2015,Active,1
JK-15370,Jay Kimmel,Consumer,West,California,San Diego,1,173.72,22.64,0.2,8/7/2017,Active,1
JK-15370,Jay Kimmel,Consumer,West,California,San Francisco,1,206.67,55.84,0.0,8/13/2017,Active,1
JK-15625,Jim Karlsson,Consumer,East,New York,New York City,2,1307.39,432.38,0.133,6/29/2014,Active,1
JK-15625,Jim Karlsson,Consumer,East,Ohio,Columbus,1,10.72,1.74,0.2,8/19/2014,Active,1
JK-15625,Jim Karlsson,Consumer,East,Pennsylvania,Philadelphia,1,106.8,10.68,0.2,8/7/2015,Active,1
JK-15625,Jim Karlsson,Consumer,South,Mississippi,Jackson,1,773.7,230.97,0.0,5/31/2014,Active,1
JK-15625,Jim Karlsson,Consumer,West,Washington,Olympia,1,649.6,66.31,0.1,12/8/2014,Active,1
JK-15625,Jim Karlsson,Consumer,West,Washington,Seattle,1,911.82,8.86,0.133,10/30/2017,Active,1
JK-15640,Jim Kriz,Home Office,East,New York,New York City,3,435.76,132.21,0.0,3/16/2015,Active,1
JK-15640,Jim Kriz,Home Office,East,Ohio,Cleveland,1,20.74,7.26,0.2,12/18/2015,Active,1
JK-15640,Jim Kriz,Home Office,East,Ohio,Lakewood,1,28.8,10.08,0.2,9/23/2014,Active,1
JK-15640,Jim Kriz,Home Office,East,Pennsylvania,Philadelphia,1,7.97,2.89,0.2,4/29/2015,Active,1
JK-15640,Jim Kriz,Home Office,West,California,San Bernardino,1,110.53,38.68,0.2,12/11/2015,Active,1
JK-15640,Jim Kriz,Home Office,West,California,San Francisco,1,5.67,0.11,0.0,9/19/2014,Active,1
JK-15640,Jim Kriz,Home Office,West,Washington,Seattle,1,4150.97,981.3,0.1,7/3/2017,Active,1
JK-15730,Joe Kamberova,Consumer,Central,Illinois,Chicago,1,3.04,-5.01,0.8,6/22/2017,Active,1
JK-15730,Joe Kamberova,Consumer,Central,Illinois,Des Plaines,1,1109.37,-284.75,0.48,11/18/2014,Active,1
JK-15730,Joe Kamberova,Consumer,Central,Texas,Carrollton,1,21.38,1.73,0.5,3/20/2015,Active,1
JK-15730,Joe Kamberova,Consumer,Central,Texas,Houston,1,4.24,-6.36,0.8,10/7/2017,Active,1
JK-15730,Joe Kamberova,Consumer,East,Ohio,Columbus,1,1614.12,72.14,0.275,12/1/2014,Active,1
JK-15730,Joe Kamberova,Consumer,South,Alabama,Mobile,1,298.83,109.38,0.0,9/29/2016,Active,1
JK-15730,Joe Kamberova,Consumer,South,North Carolina,Asheville,1,1363.96,85.25,0.2,5/20/2016,Active,1
JK-15730,Joe Kamberova,Consumer,South,North Carolina,Jacksonville,1,115.3,40.35,0.2,11/13/2015,Active,1
JK-15730,Joe Kamberova,Consumer,West,California,Concord,1,239.67,14.1,0.15,9/3/2017,Active,1
JK-15730,Joe Kamberova,Consumer,West,California,Lodi,1,97.3,28.22,0.0,9/29/2017,Active,1
JK-16090,Juliana Krohn,Consumer,Central,Nebraska,Omaha,1,2479.96,743.99,0.0,12/2/2017,Active,1
JK-16090,Juliana Krohn,Consumer,South,Kentucky,Louisville,1,893.09,228.89,0.0,4/21/2015,Active,1
JK-16090,Juliana Krohn,Consumer,West,Oregon,Springfield,1,374.62,-386.22,0.45,10/2/2017,Active,1
JK-16120,Julie Kriz,Home Office,Central,Illinois,Aurora,1,83.95,-90.25,0.6,9/3/2016,Active,1
JK-16120,Julie Kriz,Home Office,Central,Illinois,Chicago,1,605.75,-258.42,0.35,2/17/2017,Active,1
JK-16120,Julie Kriz,Home Office,Central,Minnesota,Eagan,1,74.94,34.18,0.0,8/10/2015,Active,1
JK-16120,Julie Kriz,Home Office,Central,Texas,Austin,1,94.51,-19.15,0.3,5/11/2017,Active,1
JK-16120,Julie Kriz,Home Office,Central,Texas,Garland,1,30.38,3.8,0.2,9/4/2017,Active,1
JK-16120,Julie Kriz,Home Office,East,New York,New York City,2,1013.65,129.79,0.1,12/18/2016,Active,1
JK-16120,Julie Kriz,Home Office,East,Pennsylvania,Philadelphia,1,85.68,13.75,0.2,10/4/2015,Active,1
JK-16120,Julie Kriz,Home Office,South,Florida,Fort Lauderdale,1,799.92,239.98,0.2,11/2/2014,Active,1
JK-16120,Julie Kriz,Home Office,West,California,San Diego,1,143.7,68.98,0.0,4/15/2016,Active,1
JL-15130,Jack Lebron,Consumer,Central,Texas,Houston,1,34.75,4.87,0.5,9/1/2014,Active,1
JL-15130,Jack Lebron,Consumer,East,New York,New Rochelle,1,13.9,4.52,0.2,7/18/2014,Active,1
JL-15130,Jack Lebron,Consumer,East,Ohio,Lancaster,1,43.89,-3.28,0.2,4/11/2017,Active,1
JL-15130,Jack Lebron,Consumer,South,North Carolina,Wilmington,1,28.08,5.26,0.2,4/28/2017,Active,1
JL-15130,Jack Lebron,Consumer,South,Tennessee,Jackson,1,1090.35,-220.56,0.24,12/22/2017,Active,1
JL-15130,Jack Lebron,Consumer,West,California,Riverside,1,3.98,1.39,0.2,4/24/2016,Active,1
JL-15175,James Lanier,Home Office,South,Tennessee,Chattanooga,1,91.48,-1.83,0.5,6/16/2016,Active,1
JL-15175,James Lanier,Home Office,South,Tennessee,Columbia,1,9.66,3.26,0.2,11/4/2017,Active,1
JL-15175,James Lanier,Home Office,West,Arizona,Chandler,1,850.92,107.22,0.2,12/24/2017,Active,1
JL-15175,James Lanier,Home Office,West,California,San Francisco,1,143.52,41.14,0.1,1/5/2015,Active,1
JL-15175,James Lanier,Home Office,West,Nevada,Reno,1,475.94,59.49,0.2,12/31/2014,Active,1
JL-15235,Janet Lee,Consumer,Central,Illinois,Chicago,1,104.92,-190.51,0.7,5/25/2014,Active,1
JL-15235,Janet Lee,Consumer,East,Delaware,Newark,1,386.48,103.36,0.0,6/5/2016,Active,1
JL-15235,Janet Lee,Consumer,East,New York,New York City,1,705.07,53.47,0.1,11/30/2015,Active,1
JL-15235,Janet Lee,Consumer,South,Florida,Kissimmee,1,751.98,84.6,0.2,4/28/2017,Active,1
JL-15235,Janet Lee,Consumer,West,California,Los Angeles,1,255.25,3.6,0.2,9/2/2017,Active,1
JL-15505,Jeremy Lonsdale,Consumer,Central,Michigan,Midland,1,24.24,12.0,0.0,11/14/2014,Active,1
JL-15505,Jeremy Lonsdale,Consumer,Central,South Dakota,Aberdeen,1,25.5,6.63,0.0,11/11/2017,Active,1
JL-15505,Jeremy Lonsdale,Consumer,Central,Texas,Houston,1,50.14,-11.28,0.2,5/25/2017,Active,1
JL-15505,Jeremy Lonsdale,Consumer,East,New York,Mount Vernon,1,62.28,29.27,0.0,11/30/2014,Active,1
JL-15505,Jeremy Lonsdale,Consumer,East,New York,New York City,1,448.4,21.75,0.05,4/8/2016,Active,1
JL-15505,Jeremy Lonsdale,Consumer,West,California,Westminster,1,2563.31,533.34,0.1,8/7/2017,Active,1
JL-15835,John Lee,Consumer,Central,Michigan,Detroit,1,1233.61,252.89,0.0,12/17/2015,Active,1
JL-15835,John Lee,Consumer,East,New York,New York City,2,18.76,5.78,0.1,4/30/2016,Active,1
JL-15835,John Lee,Consumer,East,Ohio,Columbus,1,2610.73,-201.05,0.233,7/14/2017,Active,1
JL-15835,John Lee,Consumer,East,Pennsylvania,Philadelphia,1,241.19,-34.66,0.25,7/7/2014,Active,1
JL-15835,John Lee,Consumer,South,Kentucky,Richmond,1,1827.51,764.88,0.0,12/9/2017,Active,1
JL-15835,John Lee,Consumer,South,North Carolina,Charlotte,1,2692.33,-937.42,0.35,9/19/2014,Active,1
JL-15835,John Lee,Consumer,West,California,Los Angeles,2,595.56,192.78,0.029,4/18/2014,Active,1
JL-15835,John Lee,Consumer,West,California,Mission Viejo,1,356.65,98.5,0.0,7/30/2017,Active,1
JL-15835,John Lee,Consumer,West,California,San Francisco,1,223.58,87.2,0.0,11/24/2017,Active,1
JL-15850,John Lucas,Consumer,Central,Texas,Houston,1,26.63,1.33,0.2,7/22/2014,Active,1
JL-15850,John Lucas,Consumer,East,New York,New York City,1,206.43,90.83,0.0,4/25/2015,Active,1
JL-15850,John Lucas,Consumer,East,Pennsylvania,Philadelphia,1,108.42,-37.94,0.6,4/25/2016,Active,1
JL-15850,John Lucas,Consumer,West,Arizona,Mesa,1,87.8,32.92,0.2,4/2/2015,Active,1
JL-15850,John Lucas,Consumer,West,California,San Francisco,1,1555.24,473.75,0.1,3/6/2015,Active,1
JL-15850,John Lucas,Consumer,West,Washington,Seattle,1,740.73,219.01,0.067,5/29/2015,Active,1
JM-15250,Janet Martin,Consumer,Central,Texas,Huntsville,1,954.9,-390.96,0.529,1/1/2017,Active,1
JM-15250,Janet Martin,Consumer,East,Maryland,Baltimore,1,908.82,227.2,0.0,4/21/2017,Active,1
JM-15250,Janet Martin,Consumer,East,New York,New York City,1,498.61,155.23,0.1,3/29/2016,Active,1
JM-15250,Janet Martin,Consumer,South,North Carolina,Charlotte,1,105.41,20.77,0.2,11/23/2017,Active,1
JM-15250,Janet Martin,Consumer,South,North Carolina,Fayetteville,1,273.09,2.34,0.2,10/28/2017,Active,1
JM-15250,Janet Martin,Consumer,West,California,Los Angeles,1,418.3,5.23,0.2,8/14/2017,Active,1
JM-15265,Janet Molinari,Corporate,Central,Illinois,Chicago,1,234.52,-11.9,0.45,5/31/2015,Active,1
JM-15265,Janet Molinari,Corporate,Central,Michigan,Canton,1,316.32,149.28,0.0,11/23/2017,Active,1
JM-15265,Janet Molinari,Corporate,East,New York,New York City,1,1045.21,304.94,0.0,12/11/2016,Active,1
JM-15265,Janet Molinari,Corporate,West,California,Los Angeles,1,176.14,58.7,0.0,8/25/2014,Active,1
JM-15265,Janet Molinari,Corporate,West,Washington,Seattle,1,31.96,1.6,0.0,11/19/2016,Active,1
JM-15535,Jessica Myrick,Consumer,East,New York,New York City,3,1004.57,284.1,0.04,9/19/2017,Active,1
JM-15535,Jessica Myrick,Consumer,East,Pennsylvania,Philadelphia,1,267.55,58.99,0.2,9/13/2014,Active,1
JM-15535,Jessica Myrick,Consumer,West,California,Bakersfield,1,195.47,-13.8,0.15,7/17/2015,Active,1
JM-15535,Jessica Myrick,Consumer,West,California,Lakewood,1,257.5,24.24,0.15,4/17/2016,Active,1
JM-15535,Jessica Myrick,Consumer,West,California,Los Angeles,1,8.36,3.01,0.0,9/12/2017,Active,1
JM-15580,Jill Matthias,Consumer,East,Maryland,Baltimore,1,25.06,11.78,0.0,4/14/2016,Active,1
JM-15580,Jill Matthias,Consumer,South,North Carolina,Monroe,1,99.87,31.81,0.2,9/8/2016,Active,1
JM-15580,Jill Matthias,Consumer,West,California,Los Angeles,1,121.09,43.24,0.1,8/14/2016,Active,1
JM-15580,Jill Matthias,Consumer,West,Colorado,Loveland,1,3.02,-0.6,0.2,12/30/2017,Active,1
JM-15580,Jill Matthias,Consumer,West,Washington,Seattle,1,54.9,26.9,0.0,5/12/2016,Active,1
JM-15655,Jim Mitchum,Corporate,East,New Jersey,Bridgeton,1,52.41,3.44,0.0,10/29/2016,Active,1
JM-15655,Jim Mitchum,Corporate,East,Ohio,Lorain,1,402.64,62.46,0.45,12/12/2016,Active,1
JM-15655,Jim Mitchum,Corporate,West,Arizona,Glendale,1,21.38,7.72,0.2,4/8/2014,Active,1
JM-15655,Jim Mitchum,Corporate,West,California,Los Angeles,1,261.54,16.67,0.2,10/27/2017,Active,1
JM-15655,Jim Mitchum,Corporate,West,New Mexico,Carlsbad,1,126.98,26.91,0.05,12/22/2017,Active,1
JM-15865,John Murray,Consumer,Central,Texas,San Angelo,1,345.32,-49.83,0.467,12/1/2016,Active,1
JM-15865,John Murray,Consumer,East,New York,Jamestown,1,4548.81,1228.18,0.0,11/19/2014,Active,1
JM-15865,John Murray,Consumer,East,Ohio,Akron,1,221.02,-55.26,0.2,5/16/2017,Active,1
JM-15865,John Murray,Consumer,South,Virginia,Arlington,1,36.27,10.88,0.0,12/20/2015,Active,1
JM-15865,John Murray,Consumer,West,Arizona,Phoenix,1,2200.33,319.16,0.2,8/16/2015,Active,1
JM-15865,John Murray,Consumer,West,California,Los Angeles,1,166.44,79.89,0.0,9/12/2017,Active,1
JM-15865,John Murray,Consumer,West,Nevada,Las Vegas,1,106.88,41.59,0.0,11/30/2015,Active,1
JM-16195,Justin MacKendrick,Consumer,East,Delaware,Newark,1,36.37,14.14,0.0,11/14/2016,Active,1
JM-16195,Justin MacKendrick,Consumer,East,New York,Watertown,1,90.61,13.9,0.0,9/2/2014,Active,1
JM-16195,Justin MacKendrick,Consumer,East,Ohio,Hamilton,1,123.92,9.29,0.2,5/30/2016,Active,1
JM-16195,Justin MacKendrick,Consumer,South,Kentucky,Louisville,1,1000.95,260.25,0.0,4/30/2014,Active,1
JM-16195,Justin MacKendrick,Consumer,South,North Carolina,Wilmington,1,16.27,5.29,0.2,11/3/2017,Active,1
JM-16195,Justin MacKendrick,Consumer,West,California,Lake Forest,1,597.86,171.79,0.0,8/12/2017,Active,1
JM-16195,Justin MacKendrick,Consumer,West,California,Los Angeles,1,627.48,189.98,0.08,2/15/2015,Active,1
JM-16195,Justin MacKendrick,Consumer,West,California,San Francisco,1,62.8,15.7,0.0,11/5/2015,Active,1
JM-16195,Justin MacKendrick,Consumer,West,Colorado,Aurora,1,125.94,15.74,0.2,6/20/2015,Active,1
JM-16195,Justin MacKendrick,Consumer,West,Utah,Draper,1,151.72,58.03,0.1,9/7/2017,Active,1
JO-15145,Jack O'Briant,Corporate,Central,Wisconsin,Franklin,1,1671.93,456.97,0.0,1/8/2016,Active,1
JO-15145,Jack O'Briant,Corporate,East,New York,Buffalo,1,199.9,39.98,0.0,11/27/2014,Active,1
JO-15145,Jack O'Briant,Corporate,East,Pennsylvania,Philadelphia,1,84.78,-16.96,0.2,7/29/2016,Active,1
JO-15145,Jack O'Briant,Corporate,South,Georgia,Athens,1,12.78,5.24,0.0,1/6/2014,Active,1
JO-15145,Jack O'Briant,Corporate,South,Kentucky,Richmond,1,75.16,21.1,0.0,11/1/2014,Active,1
JO-15145,Jack O'Briant,Corporate,West,California,Los Angeles,1,427.59,-6.89,0.1,1/16/2017,Active,1
JO-15145,Jack O'Briant,Corporate,West,California,San Francisco,1,652.5,41.29,0.175,10/27/2017,Active,1
JO-15145,Jack O'Briant,Corporate,West,Utah,Draper,1,111.93,34.7,0.0,7/26/2014,Active,1
JO-15145,Jack O'Briant,Corporate,West,Washington,Seattle,1,18.37,5.97,0.2,11/3/2017,Active,1
JO-15280,Jas O'Carroll,Consumer,East,Pennsylvania,Philadelphia,1,0.85,-0.6,0.7,3/31/2014,Active,1
JO-15280,Jas O'Carroll,Consumer,South,Tennessee,Memphis,1,243.92,-54.88,0.2,9/29/2017,Active,1
JO-15280,Jas O'Carroll,Consumer,West,California,Los Angeles,2,1195.36,103.15,0.114,4/19/2016,Active,1
JO-15280,Jas O'Carroll,Consumer,West,California,San Diego,1,6.16,1.97,0.0,12/15/2014,Active,1
JO-15280,Jas O'Carroll,Consumer,West,Montana,Missoula,1,487.98,152.5,0.2,12/31/2015,Active,1
JO-15550,Jesus Ocampo,Home Office,Central,Nebraska,Omaha,1,23.55,1.18,0.0,5/29/2017,Active,1
JO-15550,Jesus Ocampo,Home Office,East,Pennsylvania,Chester,1,570.49,113.42,0.343,5/14/2015,Active,1
JO-15550,Jesus Ocampo,Home Office,West,California,Roseville,1,2.48,1.17,0.0,11/9/2015,Active,1
JO-15550,Jesus Ocampo,Home Office,West,California,San Francisco,1,40.74,12.22,0.0,4/16/2017,Active,1
JO-15550,Jesus Ocampo,Home Office,West,Washington,Seattle,1,453.58,39.69,0.2,3/19/2015,Active,1
JP-15460,Jennifer Patt,Corporate,Central,Texas,Dallas,1,248.48,1.88,0.375,11/23/2017,Active,1
JP-15460,Jennifer Patt,Corporate,Central,Texas,Houston,1,15.55,5.44,0.2,10/24/2016,Active,1
JP-15460,Jennifer Patt,Corporate,East,New Jersey,Lakewood,1,235.97,100.93,0.0,10/2/2015,Active,1
JP-15460,Jennifer Patt,Corporate,East,New York,New York City,2,1109.38,306.46,0.0,8/23/2016,Active,1
JP-15460,Jennifer Patt,Corporate,East,New York,Oceanside,1,25.95,10.81,0.1,8/24/2014,Active,1
JP-15460,Jennifer Patt,Corporate,West,Arizona,Glendale,1,33.8,4.22,0.2,7/18/2016,Active,1
JP-15520,Jeremy Pistek,Consumer,Central,Texas,Houston,1,14.3,5.01,0.2,1/30/2015,Active,1
JP-15520,Jeremy Pistek,Consumer,Central,Wisconsin,Madison,1,1816.36,419.33,0.0,12/8/2017,Active,1
JP-15520,Jeremy Pistek,Consumer,South,Arkansas,Jonesboro,1,239.5,114.96,0.0,9/4/2016,Active,1
JP-15520,Jeremy Pistek,Consumer,South,Florida,North Miami,1,7.63,-1.81,0.2,8/22/2014,Active,1
JP-15520,Jeremy Pistek,Consumer,South,Florida,Port Orange,1,7.82,2.93,0.2,12/22/2017,Active,1
JP-15520,Jeremy Pistek,Consumer,West,California,Davis,1,32.4,15.55,0.0,8/16/2016,Active,1
JP-15520,Jeremy Pistek,Consumer,West,California,San Francisco,1,1517.57,201.21,0.058,11/9/2014,Active,1
JP-16135,Julie Prescott,Home Office,Central,Oklahoma,Muskogee,1,19.67,5.31,0.0,2/20/2017,Active,1
JP-16135,Julie Prescott,Home Office,East,New York,New York City,1,18.46,6.92,0.2,9/23/2014,Active,1
JP-16135,Julie Prescott,Home Office,East,Ohio,Columbus,1,12.96,-9.5,0.7,12/8/2016,Active,1
JP-16135,Julie Prescott,Home Office,East,Ohio,Springfield,1,10.27,1.16,0.2,5/12/2017,Active,1
JP-16135,Julie Prescott,Home Office,East,Pennsylvania,Philadelphia,1,542.16,0.97,0.25,11/3/2016,Active,1
JP-16135,Julie Prescott,Home Office,South,Georgia,Columbus,2,593.64,170.13,0.0,9/19/2017,Active,1
JP-16135,Julie Prescott,Home Office,West,California,Los Angeles,1,487.7,127.3,0.1,12/30/2016,Active,1
JP-16135,Julie Prescott,Home Office,West,California,San Diego,1,22.85,7.43,0.2,7/4/2015,Active,1
JR-15670,Jim Radford,Consumer,East,Connecticut,Middletown,1,552.56,0.0,0.0,5/16/2016,Active,1
JR-15670,Jim Radford,Consumer,West,Colorado,Colorado Springs,1,604.1,-785.16,0.45,12/24/2015,Active,1
JR-15700,Jocasta Rupert,Consumer,South,Florida,Jacksonville,1,863.88,107.98,0.2,10/23/2017,Active,1
JR-16210,Justin Ritter,Corporate,Central,Indiana,Columbus,1,656.22,296.88,0.0,11/27/2017,Active,1
JR-16210,Justin Ritter,Corporate,East,Ohio,Springfield,1,8.9,-6.53,0.7,4/10/2016,Active,1
JR-16210,Justin Ritter,Corporate,South,Florida,Jacksonville,1,717.12,152.39,0.2,9/18/2015,Active,1
JR-16210,Justin Ritter,Corporate,West,California,San Francisco,1,121.83,50.74,0.0,2/9/2016,Active,1
JR-16210,Justin Ritter,Corporate,West,Oregon,Springfield,1,697.61,-41.1,0.325,9/19/2017,Active,1
JS-15595,Jill Stevenson,Corporate,Central,Illinois,Chicago,1,257.51,-53.72,0.4,9/2/2017,Active,1
JS-15595,Jill Stevenson,Corporate,East,Ohio,Columbus,1,362.24,-204.75,0.3,3/3/2014,Active,1
JS-15595,Jill Stevenson,Corporate,South,Florida,Miami,1,783.96,78.4,0.2,10/25/2016,Active,1
JS-15595,Jill Stevenson,Corporate,West,California,Los Angeles,1,13.94,4.53,0.2,4/25/2015,Active,1
JS-15685,Jim Sink,Corporate,East,New York,New York City,1,140.87,10.22,0.1,6/19/2017,Active,1
JS-15685,Jim Sink,Corporate,East,Pennsylvania,Philadelphia,1,337.18,-118.01,0.4,6/14/2016,Active,1
JS-15685,Jim Sink,Corporate,South,Florida,Miramar,1,552.86,34.9,0.3,11/18/2017,Active,1
JS-15685,Jim Sink,Corporate,West,California,Los Angeles,1,100.16,18.02,0.067,9/17/2016,Active,1
JS-15880,John Stevenson,Consumer,Central,Texas,Harlingen,1,392.06,4.06,0.24,3/14/2016,Active,1
JS-15880,John Stevenson,Consumer,Central,Texas,Irving,1,219.84,79.69,0.2,7/14/2016,Active,1
JS-15880,John Stevenson,Consumer,East,Ohio,Toledo,1,172.11,-94.66,0.4,4/8/2014,Active,1
JS-15880,John Stevenson,Consumer,South,Georgia,Atlanta,1,1366.04,183.0,0.0,2/12/2016,Active,1
JS-15880,John Stevenson,Consumer,West,Washington,Seattle,1,1717.97,392.89,0.0,12/21/2015,Active,1
JS-15940,Joni Sundaresam,Home Office,Central,Illinois,Park Ridge,1,254.74,-312.06,0.6,1/17/2015,Active,1
JS-15940,Joni Sundaresam,Home Office,Central,Texas,Garland,1,8.54,-7.48,0.6,9/21/2014,Active,1
JS-15940,Joni Sundaresam,Home Office,Central,Wisconsin,Appleton,1,21.56,10.35,0.0,5/3/2014,Active,1
JS-15940,Joni Sundaresam,Home Office,East,Ohio,Lancaster,1,52.15,1.97,0.367,9/23/2016,Active,1
JS-15940,Joni Sundaresam,Home Office,East,Pennsylvania,Philadelphia,1,132.17,-20.72,0.2,6/5/2016,Active,1
JS-16030,Joy Smith,Consumer,Central,Illinois,Decatur,1,705.0,-10.71,0.3,2/16/2017,Active,1
JS-16030,Joy Smith,Consumer,Central,Michigan,Trenton,1,338.54,88.49,0.0,10/20/2016,Active,1
JS-16030,Joy Smith,Consumer,Central,Texas,Houston,1,303.37,-769.73,0.7,12/2/2017,Active,1
JS-16030,Joy Smith,Consumer,East,Ohio,Columbus,1,19.46,3.4,0.2,2/27/2014,Active,1
JS-16030,Joy Smith,Consumer,South,Mississippi,Hattiesburg,1,1110.5,363.42,0.0,7/19/2016,Active,1
JS-16030,Joy Smith,Consumer,West,California,San Francisco,1,39.62,13.87,0.2,10/19/2017,Active,1
JW-15220,Jane Waco,Corporate,East,Massachusetts,Lawrence,1,281.16,89.2,0.0,4/30/2015,Active,1
JW-15220,Jane Waco,Corporate,East,Ohio,Lakewood,1,38.86,7.77,0.2,11/18/2017,Active,1
JW-15220,Jane Waco,Corporate,South,Alabama,Montgomery,1,10.16,3.45,0.0,10/2/2017,Active,1
JW-15220,Jane Waco,Corporate,West,California,Sacramento,1,5325.88,1938.38,0.133,10/13/2017,Active,1
JW-15220,Jane Waco,Corporate,West,California,San Diego,1,2056.01,131.24,0.133,9/18/2016,Active,1
JW-15220,Jane Waco,Corporate,West,Washington,Vancouver,1,9.64,3.66,0.0,10/30/2017,Active,1
JW-15955,Joni Wasserman,Consumer,East,New York,Long Beach,1,116.48,31.69,0.0,8/7/2017,Active,1
JW-15955,Joni Wasserman,Consumer,East,Pennsylvania,Philadelphia,1,346.16,-201.65,0.35,8/16/2015,Active,1
JW-15955,Joni Wasserman,Consumer,South,Kentucky,Louisville,2,403.0,86.91,0.0,12/27/2016,Active,1
JW-15955,Joni Wasserman,Consumer,South,North Carolina,Raleigh,1,194.85,12.18,0.2,7/27/2017,Active,1
JW-15955,Joni Wasserman,Consumer,West,California,Oakland,1,9.46,3.69,0.0,10/14/2017,Active,1
JW-15955,Joni Wasserman,Consumer,West,Washington,Seattle,1,174.14,37.61,0.0,4/21/2017,Active,1
JW-16075,Julia West,Consumer,Central,Illinois,Chicago,1,53.09,-108.83,0.8,12/10/2015,Active,1
JW-16075,Julia West,Consumer,East,Pennsylvania,Philadelphia,1,88.7,13.42,0.2,5/9/2016,Active,1
JW-16075,Julia West,Consumer,South,North Carolina,Jacksonville,1,1270.38,242.51,0.367,3/21/2015,Active,1
JW-16075,Julia West,Consumer,West,California,San Francisco,1,16.56,6.96,0.0,9/25/2016,Active,1
KA-16525,Kelly Andreada,Consumer,Central,Illinois,Aurora,1,186.05,67.44,0.2,12/29/2016,Active,1
KA-16525,Kelly Andreada,Consumer,East,New Jersey,Perth Amboy,1,286.79,74.57,0.0,2/20/2015,Active,1
KA-16525,Kelly Andreada,Consumer,East,New York,New York City,2,627.79,125.47,0.04,3/11/2014,Active,1
KA-16525,Kelly Andreada,Consumer,West,California,Ontario,1,283.92,-46.14,0.2,11/20/2017,Active,1
KA-16525,Kelly Andreada,Consumer,West,California,San Diego,1,35.1,10.18,0.0,5/30/2017,Active,1
KA-16525,Kelly Andreada,Consumer,West,Washington,Seattle,1,99.86,3.4,0.0,10/12/2015,Active,1
KB-16240,Karen Bern,Corporate,Central,Minnesota,Saint Cloud,1,1331.82,469.61,0.0,9/24/2017,Active,1
KB-16240,Karen Bern,Corporate,Central,Texas,Odessa,1,16.03,5.61,0.2,12/26/2017,Active,1
KB-16240,Karen Bern,Corporate,East,Pennsylvania,Philadelphia,1,24.4,7.93,0.2,11/7/2015,Active,1
KB-16240,Karen Bern,Corporate,South,Florida,Miami,1,1.87,-1.31,0.7,3/31/2014,Active,1
KB-16240,Karen Bern,Corporate,South,Tennessee,Chattanooga,1,132.22,-18.18,0.2,2/6/2016,Active,1
KB-16240,Karen Bern,Corporate,West,California,Los Angeles,2,1646.27,300.24,0.067,7/11/2017,Active,1
KB-16315,Karl Braun,Consumer,Central,Indiana,Indianapolis,1,12.39,5.7,0.0,5/29/2015,Active,1
KB-16315,Karl Braun,Consumer,Central,Minnesota,Minneapolis,1,99.26,38.91,0.0,1/31/2015,Active,1
KB-16315,Karl Braun,Consumer,East,Delaware,Newark,1,31.4,14.11,0.0,8/26/2014,Active,1
KB-16315,Karl Braun,Consumer,East,New York,Freeport,1,60.87,20.35,0.0,5/28/2015,Active,1
KB-16315,Karl Braun,Consumer,East,Ohio,Akron,1,427.55,-92.84,0.44,2/14/2015,Active,1
KB-16315,Karl Braun,Consumer,East,Ohio,Cleveland,1,300.51,-43.34,0.2,12/27/2014,Active,1
KB-16315,Karl Braun,Consumer,South,Florida,Hollywood,1,27.5,9.67,0.2,7/2/2015,Active,1
KB-16315,Karl Braun,Consumer,South,North Carolina,Thomasville,1,99.16,27.53,0.45,9/6/2016,Active,1
KB-16315,Karl Braun,Consumer,West,California,Los Angeles,1,510.82,69.64,0.2,3/9/2017,Active,1
KB-16405,Katrina Bavinger,Home Office,East,New York,New York City,1,697.52,209.58,0.05,9/3/2017,Active,1
KB-16405,Katrina Bavinger,Home Office,West,California,Apple Valley,1,56.14,21.33,0.1,9/4/2017,Active,1
KB-16405,Katrina Bavinger,Home Office,West,Washington,Seattle,1,155.16,43.38,0.0,11/20/2015,Active,1
KB-16585,Ken Black,Corporate,Central,Nebraska,Fremont,1,79.8,20.75,0.0,12/9/2016,Active,1
KB-16585,Ken Black,Corporate,Central,Texas,Dallas,1,130.33,27.89,0.2,9/8/2016,Active,1
KB-16585,Ken Black,Corporate,Central,Texas,Houston,1,15.55,5.44,0.2,8/17/2014,Active,1
KB-16585,Ken Black,Corporate,East,Maryland,Clinton,1,89.82,25.15,0.0,3/10/2015,Active,1
KB-16585,Ken Black,Corporate,East,Massachusetts,Lowell,1,69.93,32.17,0.0,3/12/2017,Active,1
KB-16585,Ken Black,Corporate,South,Florida,Hialeah,1,1015.82,102.05,0.2,12/16/2014,Active,1
KB-16585,Ken Black,Corporate,South,Louisiana,Lafayette,1,364.93,67.97,0.0,4/4/2014,Active,1
KB-16585,Ken Black,Corporate,West,California,San Francisco,1,54.45,11.43,0.1,4/30/2015,Active,1
KB-16585,Ken Black,Corporate,West,Oregon,Medford,1,9.76,-6.83,0.7,9/4/2015,Active,1
KB-16585,Ken Black,Corporate,West,Oregon,Springfield,1,259.86,36.84,0.2,11/14/2015,Active,1
KB-16585,Ken Black,Corporate,West,Washington,Seattle,2,654.49,256.48,0.0,5/14/2017,Active,1
KB-16600,Ken Brennan,Corporate,Central,Illinois,Chicago,1,0.84,-1.34,0.8,6/21/2016,Active,1
KB-16600,Ken Brennan,Corporate,Central,Indiana,Columbus,1,34.02,16.67,0.0,12/9/2015,Active,1
KB-16600,Ken Brennan,Corporate,Central,Michigan,Grand Rapids,1,209.7,100.66,0.0,12/29/2017,Active,1
KB-16600,Ken Brennan,Corporate,Central,Michigan,Taylor,1,9.84,2.85,0.0,12/30/2014,Active,1
KB-16600,Ken Brennan,Corporate,Central,Texas,Houston,1,38.2,-5.04,0.533,12/9/2017,Active,1
KB-16600,Ken Brennan,Corporate,East,New York,New York City,1,629.95,163.79,0.0,11/13/2017,Active,1
KB-16600,Ken Brennan,Corporate,West,Washington,Seattle,1,61.38,15.96,0.0,6/5/2016,Active,1
KC-16255,Karen Carlisle,Corporate,East,New York,New York City,1,5.76,1.61,0.0,7/18/2015,Active,1
KC-16255,Karen Carlisle,Corporate,East,Pennsylvania,Philadelphia,1,64.78,-12.96,0.2,6/2/2016,Active,1
KC-16255,Karen Carlisle,Corporate,South,Alabama,Huntsville,1,1319.96,527.98,0.0,11/18/2016,Active,1
KC-16255,Karen Carlisle,Corporate,South,Georgia,Macon,1,116.85,43.06,0.0,9/8/2014,Active,1
KC-16255,Karen Carlisle,Corporate,South,Kentucky,Henderson,1,596.48,278.38,0.0,12/31/2015,Active,1
KC-16255,Karen Carlisle,Corporate,West,California,San Francisco,1,17.12,8.05,0.0,6/19/2016,Active,1
KC-16540,Kelly Collister,Consumer,Central,Texas,Houston,1,2.3,-3.9,0.8,11/14/2016,Active,1
KC-16540,Kelly Collister,Consumer,East,Ohio,Newark,1,103.06,24.48,0.2,9/24/2017,Active,1
KC-16540,Kelly Collister,Consumer,West,California,San Diego,1,3354.98,639.58,0.0,9/11/2016,Active,1
KC-16540,Kelly Collister,Consumer,West,Washington,Seattle,1,447.93,49.27,0.0,11/2/2015,Active,1
KC-16675,Kimberly Carter,Corporate,South,Florida,Tallahassee,1,452.46,-4.96,0.2,5/28/2016,Active,1
KC-16675,Kimberly Carter,Corporate,South,Kentucky,Henderson,1,12.39,5.82,0.0,12/13/2014,Active,1
KC-16675,Kimberly Carter,Corporate,South,Kentucky,Louisville,1,234.2,63.3,0.0,5/26/2017,Active,1
KC-16675,Kimberly Carter,Corporate,West,Washington,Seattle,1,447.0,92.61,0.1,11/3/2017,Active,1
KD-16270,Karen Daniels,Consumer,Central,Texas,Houston,1,1639.5,-1340.5,0.371,11/11/2014,Active,1
KD-16270,Karen Daniels,Consumer,East,New York,New York City,1,115.46,29.62,0.0,9/2/2016,Active,1
KD-16270,Karen Daniels,Consumer,East,New York,Yonkers,1,6125.82,2253.43,0.1,3/1/2016,Active,1
KD-16270,Karen Daniels,Consumer,South,Virginia,Springfield,1,75.88,35.66,0.0,6/4/2016,Active,1
KD-16270,Karen Daniels,Consumer,West,California,Los Angeles,1,325.7,129.49,0.0,12/12/2015,Active,1
KD-16345,Katherine Ducich,Consumer,Central,Illinois,Chicago,1,775.01,-8.62,0.233,12/20/2015,Active,1
KD-16345,Katherine Ducich,Consumer,East,New York,New York City,2,940.43,275.35,0.05,9/2/2014,Active,1
KD-16345,Katherine Ducich,Consumer,West,California,Los Angeles,1,90.24,41.51,0.0,12/13/2014,Active,1
KD-16345,Katherine Ducich,Consumer,West,California,San Francisco,1,51.31,17.96,0.2,6/17/2017,Active,1
KD-16345,Katherine Ducich,Consumer,West,California,Westminster,1,31.97,2.4,0.2,11/19/2017,Active,1
KD-16495,Keith Dawkins,Corporate,Central,Michigan,Jackson,1,1000.43,235.84,0.0,12/10/2015,Active,1
KD-16495,Keith Dawkins,Corporate,Central,Texas,Deer Park,1,6.92,-10.39,0.8,12/30/2016,Active,1
KD-16495,Keith Dawkins,Corporate,East,New York,New York City,2,5854.19,2510.89,0.017,12/16/2016,Active,1
KD-16495,Keith Dawkins,Corporate,East,Pennsylvania,Philadelphia,1,17.54,5.92,0.2,8/13/2017,Active,1
KD-16495,Keith Dawkins,Corporate,South,Mississippi,Jackson,1,62.46,17.74,0.0,12/14/2015,Active,1
KD-16495,Keith Dawkins,Corporate,South,North Carolina,Fayetteville,1,106.94,35.02,0.2,9/28/2014,Active,1
KD-16495,Keith Dawkins,Corporate,South,Virginia,Chesapeake,1,125.64,47.35,0.0,12/1/2015,Active,1
KD-16495,Keith Dawkins,Corporate,West,California,Los Angeles,1,99.87,23.97,0.0,9/9/2017,Active,1
KD-16495,Keith Dawkins,Corporate,West,California,San Jose,3,907.25,172.27,0.106,9/16/2016,Active,1
KD-16615,Ken Dana,Corporate,East,New York,New York City,1,146.69,45.84,0.2,8/26/2016,Active,1
KD-16615,Ken Dana,Corporate,West,Arizona,Scottsdale,1,111.89,22.38,0.2,4/30/2016,Active,1
KD-16615,Ken Dana,Corporate,West,California,Anaheim,1,1336.35,272.58,0.067,9/13/2015,Active,1
KD-16615,Ken Dana,Corporate,West,California,Los Angeles,2,648.58,198.92,0.12,3/2/2017,Active,1
KE-16420,Katrina Edelman,Corporate,Central,Texas,Dallas,1,267.79,-21.09,0.26,11/13/2017,Active,1
KE-16420,Katrina Edelman,Corporate,Central,Texas,San Antonio,1,47.97,4.04,0.5,6/1/2015,Active,1
KE-16420,Katrina Edelman,Corporate,East,New York,New York City,1,680.78,231.6,0.0,7/16/2015,Active,1
KE-16420,Katrina Edelman,Corporate,East,Pennsylvania,Philadelphia,1,11.35,2.7,0.2,12/4/2017,Active,1
KE-16420,Katrina Edelman,Corporate,South,Tennessee,Bristol,1,170.35,10.65,0.2,6/8/2014,Active,1
KE-16420,Katrina Edelman,Corporate,West,California,Los Angeles,1,233.45,85.6,0.0,4/3/2014,Active,1
KE-16420,Katrina Edelman,Corporate,West,Colorado,Aurora,1,209.97,65.38,0.2,7/4/2014,Active,1
KE-16420,Katrina Edelman,Corporate,West,Oregon,Tigard,1,65.07,19.0,0.45,9/25/2016,Active,1
KF-16285,Karen Ferguson,Home Office,Central,Indiana,Indianapolis,1,639.83,103.95,0.0,7/1/2017,Active,1
KF-16285,Karen Ferguson,Home Office,East,New Jersey,Plainfield,1,2633.51,632.46,0.0,4/8/2017,Active,1
KF-16285,Karen Ferguson,Home Office,South,Georgia,Sandy Springs,1,148.16,45.28,0.0,9/24/2017,Active,1
KF-16285,Karen Ferguson,Home Office,West,California,Long Beach,1,2089.41,273.87,0.067,9/11/2017,Active,1
KF-16285,Karen Ferguson,Home Office,West,California,Los Angeles,1,4173.81,371.06,0.1,3/10/2016,Active,1
KF-16285,Karen Ferguson,Home Office,West,California,Manteca,1,314.55,150.98,0.0,3/13/2017,Active,1
KF-16285,Karen Ferguson,Home Office,West,California,San Diego,1,604.99,82.53,0.1,9/26/2014,Active,1
KH-16330,Katharine Harms,Corporate,Central,Illinois,Freeport,1,45.25,3.96,0.2,5/5/2014,Active,1
KH-16330,Katharine Harms,Corporate,Central,Illinois,Highland Park,1,577.12,4.47,0.25,6/27/2016,Active,1
KH-16330,Katharine Harms,Corporate,East,Massachusetts,Revere,1,73.2,5.74,0.0,4/1/2014,Active,1
KH-16330,Katharine Harms,Corporate,East,New York,New York City,2,1531.49,432.68,0.029,11/20/2017,Active,1
KH-16330,Katharine Harms,Corporate,East,Ohio,Newark,1,921.23,-34.63,0.233,6/19/2017,Active,1
KH-16330,Katharine Harms,Corporate,South,Kentucky,Bowling Green,1,140.81,39.43,0.0,7/18/2016,Active,1
KH-16330,Katharine Harms,Corporate,West,Oregon,Hillsboro,1,23.77,3.15,0.45,11/17/2017,Active,1
KH-16360,Katherine Hughes,Consumer,Central,Illinois,Chicago,1,1045.87,54.95,0.2,7/30/2016,Active,1
KH-16360,Katherine Hughes,Consumer,Central,Texas,Houston,1,186.91,-37.61,0.375,5/21/2014,Active,1
KH-16360,Katherine Hughes,Consumer,East,Delaware,Dover,1,19.98,5.19,0.0,4/29/2014,Active,1
KH-16360,Katherine Hughes,Consumer,East,Pennsylvania,Philadelphia,1,25.47,7.64,0.2,4/3/2017,Active,1
KH-16360,Katherine Hughes,Consumer,South,Kentucky,Louisville,1,1814.68,494.86,0.0,12/29/2017,Active,1
KH-16360,Katherine Hughes,Consumer,South,Virginia,Arlington,1,7.7,3.16,0.0,7/2/2016,Active,1
KH-16510,Keith Herrera,Consumer,Central,Texas,Dallas,1,30.96,-52.63,0.8,8/15/2014,Active,1
KH-16510,Keith Herrera,Consumer,Central,Texas,Houston,1,65.73,-0.53,0.2,10/28/2017,Active,1
KH-16510,Keith Herrera,Consumer,South,Virginia,Arlington,1,1046.47,250.82,0.0,6/18/2015,Active,1
KH-16510,Keith Herrera,Consumer,West,California,Pomona,1,99.98,34.99,0.0,10/5/2014,Active,1
KH-16510,Keith Herrera,Consumer,West,California,San Bernardino,1,723.16,-23.26,0.117,11/13/2015,Active,1
KH-16510,Keith Herrera,Consumer,West,California,San Francisco,1,3955.51,431.82,0.083,12/8/2017,Active,1
KH-16510,Keith Herrera,Consumer,West,Washington,Seattle,1,31.05,14.9,0.0,12/20/2014,Active,1
KH-16630,Ken Heidel,Corporate,Central,Oklahoma,Norman,1,63.88,24.91,0.0,12/13/2016,Active,1
KH-16630,Ken Heidel,Corporate,Central,Texas,Houston,1,15.71,5.7,0.2,7/25/2016,Active,1
KH-16630,Ken Heidel,Corporate,Central,Texas,San Antonio,1,6.67,0.5,0.2,10/1/2017,Active,1
KH-16630,Ken Heidel,Corporate,East,Maryland,Clinton,1,2503.82,497.44,0.0,9/18/2015,Active,1
KH-16630,Ken Heidel,Corporate,East,Ohio,Akron,1,85.06,28.71,0.2,9/10/2017,Active,1
KH-16630,Ken Heidel,Corporate,South,North Carolina,Charlotte,1,1044.44,127.97,0.2,11/1/2014,Active,1
KH-16630,Ken Heidel,Corporate,West,California,Santa Ana,1,163.39,27.33,0.1,9/11/2017,Active,1
KH-16630,Ken Heidel,Corporate,West,Utah,Pleasant Grove,1,12.14,4.1,0.2,2/3/2015,Active,1
KH-16630,Ken Heidel,Corporate,West,Washington,Seattle,1,23.85,10.73,0.0,11/2/2017,Active,1
KH-16690,Kristen Hastings,Corporate,East,Rhode Island,Woonsocket,1,51.45,13.89,0.0,5/23/2015,Active,1
KH-16690,Kristen Hastings,Corporate,South,Virginia,Springfield,1,3769.56,1038.58,0.0,3/21/2014,Active,1
KH-16690,Kristen Hastings,Corporate,West,California,Los Angeles,2,215.72,14.68,0.2,7/12/2016,Active,1
KH-16690,Kristen Hastings,Corporate,West,California,Riverside,1,12.96,6.22,0.0,12/7/2015,Active,1
KH-16690,Kristen Hastings,Corporate,West,California,San Francisco,1,725.84,210.49,0.0,12/28/2017,Active,1
KH-16690,Kristen Hastings,Corporate,West,Oregon,Springfield,1,1215.27,-56.35,0.3,10/26/2015,Active,1
KL-16555,Kelly Lampkin,Corporate,Central,Illinois,Aurora,1,97.06,-169.42,0.8,7/21/2017,Active,1
KL-16555,Kelly Lampkin,Corporate,Central,Texas,San Antonio,1,906.43,-90.12,0.467,6/15/2014,Active,1
KL-16555,Kelly Lampkin,Corporate,East,Ohio,Fairfield,1,537.62,-26.33,0.2,9/23/2016,Active,1
KL-16555,Kelly Lampkin,Corporate,South,Arkansas,Fayetteville,1,204.55,78.81,0.0,12/14/2017,Active,1
KL-16555,Kelly Lampkin,Corporate,South,Florida,Jacksonville,1,368.43,20.89,0.2,11/6/2016,Active,1
KL-16555,Kelly Lampkin,Corporate,South,North Carolina,Greensboro,1,1883.72,-73.05,0.3,11/4/2017,Active,1
KL-16555,Kelly Lampkin,Corporate,West,Colorado,Colorado Springs,1,855.27,20.87,0.3,12/26/2014,Active,1
KL-16555,Kelly Lampkin,Corporate,West,Nevada,Reno,1,163.41,55.56,0.1,12/31/2016,Active,1
KL-16645,Ken Lonsdale,Consumer,Central,Illinois,Chicago,2,2657.88,-314.46,0.387,6/4/2016,Active,1
KL-16645,Ken Lonsdale,Consumer,Central,Michigan,Detroit,2,1789.27,521.04,0.02,7/31/2016,Active,1
KL-16645,Ken Lonsdale,Consumer,Central,Texas,Houston,1,70.15,-59.65,0.5,5/23/2017,Active,1
KL-16645,Ken Lonsdale,Consumer,East,Delaware,Newark,1,810.2,214.55,0.0,11/13/2015,Active,1
KL-16645,Ken Lonsdale,Consumer,East,New York,New York City,1,375.34,18.77,0.0,8/11/2014,Active,1
KL-16645,Ken Lonsdale,Consumer,West,California,Dublin,1,22.0,1.38,0.2,11/13/2017,Active,1
KL-16645,Ken Lonsdale,Consumer,West,California,San Francisco,1,8319.29,376.83,0.0,7/25/2014,Active,1
KL-16645,Ken Lonsdale,Consumer,West,Oregon,Springfield,1,27.79,10.42,0.2,12/29/2016,Active,1
KL-16645,Ken Lonsdale,Consumer,West,Utah,Layton,1,4.96,2.33,0.0,6/22/2015,Active,1
KL-16645,Ken Lonsdale,Consumer,West,Washington,Seattle,1,98.35,35.65,0.2,11/5/2015,Active,1
KM-16225,Kalyca Meade,Corporate,Central,Kansas,Overland Park,1,46.02,18.29,0.0,11/2/2017,Active,1
KM-16225,Kalyca Meade,Corporate,Central,Missouri,Springfield,1,119.26,56.5,0.0,11/10/2016,Active,1
KM-16225,Kalyca Meade,Corporate,East,Maryland,Baltimore,1,776.44,220.17,0.0,12/10/2015,Active,1
KM-16225,Kalyca Meade,Corporate,East,New York,New York City,1,896.38,229.52,0.0,7/6/2015,Active,1
KM-16225,Kalyca Meade,Corporate,East,Pennsylvania,Philadelphia,1,2.62,0.43,0.2,12/9/2017,Active,1
KM-16225,Kalyca Meade,Corporate,West,California,Sunnyvale,1,420.23,110.21,0.04,12/16/2017,Active,1
KM-16375,Katherine Murray,Home Office,Central,Texas,Dallas,1,1340.98,-115.85,0.367,7/20/2014,Active,1
KM-16375,Katherine Murray,Home Office,Central,Texas,Houston,1,228.92,14.31,0.2,6/19/2015,Active,1
KM-16375,Katherine Murray,Home Office,East,Rhode Island,Providence,1,2846.22,1071.73,0.0,12/31/2014,Active,1
KM-16375,Katherine Murray,Home Office,South,Arkansas,Springdale,1,4.3,1.42,0.0,11/4/2017,Active,1
KM-16375,Katherine Murray,Home Office,South,Virginia,Arlington,1,10.44,4.8,0.0,7/25/2016,Active,1
KM-16375,Katherine Murray,Home Office,South,Virginia,Salem,1,273.59,124.45,0.0,11/1/2016,Active,1
KM-16375,Katherine Murray,Home Office,West,Arizona,Gilbert,1,882.99,-142.12,0.25,2/20/2017,Active,1
KM-16375,Katherine Murray,Home Office,West,California,Thousand Oaks,1,32.75,15.06,0.0,12/6/2015,Active,1
KM-16660,Khloe Miller,Consumer,East,Pennsylvania,Philadelphia,1,19.31,3.14,0.2,8/1/2016,Active,1
KM-16660,Khloe Miller,Consumer,South,Georgia,Roswell,1,129.64,34.35,0.0,12/10/2015,Active,1
KM-16660,Khloe Miller,Consumer,West,California,Inglewood,1,273.93,41.78,0.067,12/15/2017,Active,1
KM-16660,Khloe Miller,Consumer,West,California,Los Angeles,1,18.9,8.69,0.0,7/28/2016,Active,1
KM-16660,Khloe Miller,Consumer,West,California,San Jose,1,11.76,3.18,0.0,12/22/2014,Active,1
KM-16720,Kunst Miller,Consumer,Central,Texas,Houston,1,697.07,61.79,0.225,4/18/2014,Active,1
KM-16720,Kunst Miller,Consumer,East,Massachusetts,Lowell,1,1271.17,364.68,0.0,12/2/2017,Active,1
KM-16720,Kunst Miller,Consumer,East,New York,Long Beach,1,49.65,20.85,0.0,3/30/2014,Active,1
KM-16720,Kunst Miller,Consumer,East,New York,New York City,1,633.04,54.91,0.029,4/19/2016,Active,1
KM-16720,Kunst Miller,Consumer,West,Arizona,Avondale,1,54.24,5.67,0.2,9/24/2015,Active,1
KM-16720,Kunst Miller,Consumer,West,California,Los Angeles,1,266.29,106.81,0.05,11/24/2015,Active,1
KM-16720,Kunst Miller,Consumer,West,California,Vallejo,1,46.69,20.35,0.1,4/1/2014,Active,1
KM-16720,Kunst Miller,Consumer,West,Nevada,North Las Vegas,1,1891.32,110.7,0.1,7/26/2014,Active,1
KN-16390,Katherine Nockton,Corporate,Central,Texas,Houston,1,68.71,15.65,0.2,4/21/2017,Active,1
KN-16390,Katherine Nockton,Corporate,East,Maryland,Clinton,1,272.97,43.68,0.0,11/7/2017,Active,1
KN-16390,Katherine Nockton,Corporate,East,Massachusetts,New Bedford,1,128.85,3.87,0.0,12/11/2017,Active,1
KN-16390,Katherine Nockton,Corporate,East,New York,New York City,1,508.79,-57.02,0.133,6/3/2017,Active,1
KN-16390,Katherine Nockton,Corporate,East,Ohio,Columbus,1,119.8,29.95,0.2,12/2/2014,Active,1
KN-16390,Katherine Nockton,Corporate,East,Ohio,Springfield,1,637.27,-55.62,0.4,8/21/2015,Active,1
KN-16390,Katherine Nockton,Corporate,East,Pennsylvania,Philadelphia,1,479.03,-96.31,0.433,3/5/2015,Active,1
KN-16390,Katherine Nockton,Corporate,West,California,Los Angeles,1,8.67,4.07,0.0,7/11/2017,Active,1
KN-16390,Katherine Nockton,Corporate,West,California,Santa Barbara,1,393.19,-39.42,0.1,10/10/2015,Active,1
KN-16450,Kean Nguyen,Corporate,Central,Texas,Dallas,1,48.63,-121.58,0.8,7/9/2015,Active,1
KN-16450,Kean Nguyen,Corporate,East,Maryland,Baltimore,1,274.2,112.42,0.0,11/8/2017,Active,1
KN-16450,Kean Nguyen,Corporate,South,Florida,Jacksonville,1,1.17,-0.86,0.7,12/16/2014,Active,1
KN-16450,Kean Nguyen,Corporate,West,California,Redondo Beach,1,1840.04,120.84,0.188,4/12/2014,Active,1
KN-16450,Kean Nguyen,Corporate,West,California,Visalia,1,7.92,3.48,0.0,12/27/2015,Active,1
KN-16705,Kristina Nunn,Home Office,Central,Texas,Mcallen,1,100.86,-183.11,0.5,10/18/2015,Active,1
KN-16705,Kristina Nunn,Home Office,East,New York,New Rochelle,1,277.57,133.7,0.0,11/11/2014,Active,1
KN-16705,Kristina Nunn,Home Office,East,New York,New York City,1,47.76,22.81,0.0,3/2/2014,Active,1
KN-16705,Kristina Nunn,Home Office,South,Alabama,Auburn,1,3.76,1.09,0.0,6/11/2017,Active,1
KN-16705,Kristina Nunn,Home Office,South,North Carolina,Raleigh,1,471.92,29.5,0.2,3/16/2014,Active,1
KN-16705,Kristina Nunn,Home Office,West,Colorado,Fort Collins,1,14.35,5.2,0.2,9/23/2017,Active,1
KN-16705,Kristina Nunn,Home Office,West,Nevada,Sparks,1,86.2,25.0,0.0,7/22/2016,Active,1
KN-16705,Kristina Nunn,Home Office,West,Washington,Seattle,1,1278.16,295.58,0.1,8/28/2017,Active,1
KS-16300,Karen Seio,Corporate,South,Georgia,Columbus,1,9.82,4.81,0.0,1/13/2015,Active,1
KS-16300,Karen Seio,Corporate,South,North Carolina,Raleigh,1,61.88,-6.38,0.45,3/10/2017,Active,1
KS-16300,Karen Seio,Corporate,West,Utah,Lehi,1,16.78,1.68,0.2,3/15/2015,Active,1
KT-16465,Kean Takahito,Consumer,Central,Illinois,Chicago,1,544.99,-3.25,0.433,3/21/2016,Active,1
KT-16465,Kean Takahito,Consumer,Central,Texas,Houston,1,1166.72,53.92,0.233,9/8/2014,Active,1
KT-16465,Kean Takahito,Consumer,South,North Carolina,Raleigh,1,52.61,14.87,0.2,9/17/2014,Active,1
KT-16465,Kean Takahito,Consumer,West,Arizona,Glendale,1,976.51,109.32,0.2,4/14/2016,Active,1
KT-16465,Kean Takahito,Consumer,West,California,Los Angeles,2,211.42,28.81,0.133,9/26/2014,Active,1
KT-16465,Kean Takahito,Consumer,West,California,San Francisco,1,104.85,50.33,0.0,12/4/2016,Active,1
KT-16480,Kean Thornton,Consumer,Central,Texas,Dallas,1,204.67,-6.02,0.32,5/30/2017,Active,1
KT-16480,Kean Thornton,Consumer,Central,Texas,Houston,1,1020.89,19.6,0.25,9/10/2016,Active,1
KT-16480,Kean Thornton,Consumer,East,Massachusetts,Franklin,1,700.06,-130.01,0.3,5/12/2014,Active,1
KT-16480,Kean Thornton,Consumer,East,New Jersey,Orange,1,4.91,2.41,0.0,4/29/2017,Active,1
KT-16480,Kean Thornton,Consumer,East,New York,Buffalo,1,82.74,36.7,0.0,10/31/2015,Active,1
KT-16480,Kean Thornton,Consumer,East,Pennsylvania,Philadelphia,1,1799.97,240.0,0.4,5/8/2014,Active,1
KT-16480,Kean Thornton,Consumer,South,Georgia,Columbus,1,80.48,24.14,0.0,9/21/2017,Active,1
KT-16480,Kean Thornton,Consumer,West,California,Los Angeles,1,25.92,12.44,0.0,8/20/2017,Active,1
KT-16480,Kean Thornton,Consumer,West,California,San Francisco,1,2.88,1.35,0.0,6/24/2017,Active,1
KT-16480,Kean Thornton,Consumer,West,Colorado,Denver,1,719.58,-6.55,0.2,3/10/2014,Active,1
KW-16435,Katrina Willman,Consumer,Central,Illinois,Chicago,1,36.79,4.14,0.2,7/31/2017,Active,1
KW-16435,Katrina Willman,Consumer,Central,Michigan,Lansing,1,67.0,32.16,0.0,10/29/2016,Active,1
KW-16435,Katrina Willman,Consumer,Central,Texas,Austin,1,2.77,-4.85,0.8,12/6/2015,Active,1
KW-16435,Katrina Willman,Consumer,East,New York,New York City,1,562.03,118.98,0.025,9/25/2017,Active,1
KW-16435,Katrina Willman,Consumer,South,Kentucky,Florence,1,3747.93,1605.7,0.0,8/24/2015,Active,1
KW-16570,Kelly Williams,Consumer,Central,Missouri,Kirkwood,1,241.34,47.13,0.0,8/7/2015,Active,1
KW-16570,Kelly Williams,Consumer,South,Louisiana,Monroe,1,106.5,41.54,0.0,4/18/2015,Active,1
KW-16570,Kelly Williams,Consumer,South,Tennessee,Clarksville,1,69.22,11.25,0.2,9/30/2014,Active,1
KW-16570,Kelly Williams,Consumer,West,California,San Francisco,1,32.04,8.01,0.0,11/20/2015,Active,1
LA-16780,Laura Armstrong,Corporate,Central,Illinois,Tinley Park,1,22.29,-8.92,0.6,5/4/2015,Active,1
LA-16780,Laura Armstrong,Corporate,Central,Michigan,Detroit,1,3963.57,921.14,0.0,5/27/2016,Active,1
LA-16780,Laura Armstrong,Corporate,Central,Michigan,Taylor,1,41.9,8.8,0.0,6/26/2015,Active,1
LA-16780,Laura Armstrong,Corporate,Central,Texas,Austin,1,127.69,16.07,0.2,7/29/2017,Active,1
LA-16780,Laura Armstrong,Corporate,Central,Texas,Houston,1,921.02,104.49,0.28,12/23/2016,Active,1
LA-16780,Laura Armstrong,Corporate,East,Maine,Bangor,1,547.33,165.29,0.0,9/17/2016,Active,1
LA-16780,Laura Armstrong,Corporate,East,Maryland,Baltimore,1,207.76,85.18,0.0,11/24/2016,Active,1
LA-16780,Laura Armstrong,Corporate,East,New Jersey,Hackensack,1,1368.62,413.61,0.0,7/11/2014,Active,1
LA-16780,Laura Armstrong,Corporate,South,Tennessee,Memphis,1,661.5,68.95,0.2,4/29/2014,Active,1
LA-16780,Laura Armstrong,Corporate,West,California,Fresno,1,727.88,260.71,0.1,1/9/2016,Active,1
LA-16780,Laura Armstrong,Corporate,West,California,Los Angeles,1,83.66,23.79,0.0,9/24/2016,Active,1
LB-16735,Larry Blacks,Consumer,Central,Texas,Fort Worth,1,1.99,-1.44,0.6,4/26/2017,Active,1
LB-16735,Larry Blacks,Consumer,South,Florida,Tallahassee,1,26.72,9.35,0.2,11/12/2017,Active,1
LB-16735,Larry Blacks,Consumer,West,California,Los Angeles,1,21.48,10.74,0.0,7/25/2016,Active,1
LB-16795,Laurel Beltran,Home Office,Central,Illinois,Highland Park,1,3.14,-4.7,0.8,11/13/2016,Active,1
LB-16795,Laurel Beltran,Home Office,East,Delaware,Wilmington,1,872.5,401.91,0.0,7/31/2017,Active,1
LB-16795,Laurel Beltran,Home Office,East,Ohio,Columbus,1,592.57,-21.54,0.375,4/23/2014,Active,1
LB-16795,Laurel Beltran,Home Office,South,Florida,Apopka,1,681.43,43.44,0.45,11/11/2016,Active,1
LB-16795,Laurel Beltran,Home Office,West,California,Huntington Beach,1,12.78,5.75,0.0,9/1/2016,Active,1
LB-16795,Laurel Beltran,Home Office,West,California,Oxnard,1,1215.72,258.41,0.0,12/1/2016,Active,1
LB-16795,Laurel Beltran,Home Office,West,Colorado,Pueblo,1,801.55,-961.53,0.575,10/6/2016,Active,1
LB-16795,Laurel Beltran,Home Office,West,Washington,Seattle,1,805.99,226.07,0.04,5/9/2017,Active,1
LC-16870,Lena Cacioppo,Consumer,Central,Illinois,Chicago,2,442.98,-502.47,0.557,9/23/2017,Active,1
LC-16870,Lena Cacioppo,Consumer,Central,Iowa,Des Moines,1,6.48,3.11,0.0,8/12/2016,Active,1
LC-16870,Lena Cacioppo,Consumer,East,Ohio,Newark,1,111.1,8.33,0.2,2/29/2016,Active,1
LC-16870,Lena Cacioppo,Consumer,South,Virginia,Richmond,1,874.8,144.85,0.0,3/27/2017,Active,1
LC-16870,Lena Cacioppo,Consumer,West,California,San Francisco,1,460.84,164.17,0.1,5/3/2015,Active,1
LC-16870,Lena Cacioppo,Consumer,West,Colorado,Aurora,1,378.14,-56.53,0.367,11/13/2015,Active,1
LC-16870,Lena Cacioppo,Consumer,West,Colorado,Thornton,1,306.36,50.29,0.2,12/3/2017,Active,1
LC-16885,Lena Creighton,Consumer,Central,Illinois,Champaign,1,151.96,-182.35,0.6,11/28/2015,Active,1
LC-16885,Lena Creighton,Consumer,Central,Texas,Plano,1,974.99,-97.5,0.3,12/14/2017,Active,1
LC-16885,Lena Creighton,Consumer,East,New York,New York City,2,3209.94,1186.34,0.133,6/16/2015,Active,1
LC-16885,Lena Creighton,Consumer,East,Ohio,Troy,1,10.33,-7.58,0.7,12/11/2015,Active,1
LC-16885,Lena Creighton,Consumer,South,Florida,Saint Petersburg,1,17.09,1.07,0.2,6/12/2017,Active,1
LC-16885,Lena Creighton,Consumer,South,North Carolina,Wilmington,1,302.38,37.8,0.2,4/25/2014,Active,1
LC-16885,Lena Creighton,Consumer,West,California,Los Angeles,1,132.36,28.46,0.0,11/16/2017,Active,1
LC-16885,Lena Creighton,Consumer,West,California,Oakland,1,644.9,20.3,0.2,11/20/2015,Active,1
LC-16885,Lena Creighton,Consumer,West,California,Roseville,1,256.2,97.51,0.029,10/13/2016,Active,1
LC-16885,Lena Creighton,Consumer,West,California,San Francisco,1,1213.49,163.27,0.1,5/27/2014,Active,1
LC-16885,Lena Creighton,Consumer,West,Colorado,Longmont,1,749.49,41.04,0.2,6/17/2016,Active,1
LC-16930,Linda Cazamias,Corporate,Central,Illinois,Naperville,1,147.17,16.56,0.2,9/10/2017,Active,1
LC-16930,Linda Cazamias,Corporate,Central,Indiana,Richmond,1,82.63,29.34,0.0,2/20/2014,Active,1
LC-16930,Linda Cazamias,Corporate,Central,Texas,Pasadena,1,1184.7,14.72,0.25,8/26/2016,Active,1
LC-16930,Linda Cazamias,Corporate,Central,Texas,San Angelo,1,305.31,-8.72,0.3,11/19/2017,Active,1
LC-16930,Linda Cazamias,Corporate,East,New York,New York City,1,8.4,4.2,0.0,6/10/2017,Active,1
LC-16930,Linda Cazamias,Corporate,West,Arizona,Phoenix,1,33.22,11.16,0.2,9/11/2016,Active,1
LC-16930,Linda Cazamias,Corporate,West,California,Sacramento,1,335.12,41.29,0.2,8/4/2016,Active,1
LC-16930,Linda Cazamias,Corporate,West,Nevada,Sparks,1,2396.4,179.73,0.2,5/21/2016,Active,1
LC-16960,Lindsay Castell,Home Office,East,New York,New York City,1,37.78,10.53,0.1,2/23/2015,Active,1
LC-16960,Lindsay Castell,Home Office,South,Florida,Tampa,1,471.08,2.95,0.533,2/21/2016,Active,1
LC-16960,Lindsay Castell,Home Office,South,Virginia,Arlington,1,61.1,18.33,0.0,10/20/2016,Active,1
LC-16960,Lindsay Castell,Home Office,West,California,San Diego,1,2676.67,267.67,0.2,12/1/2015,Active,1
LC-17050,Liz Carlisle,Consumer,Central,Texas,Dallas,1,30.56,-19.86,0.6,11/6/2017,Active,1
LC-17050,Liz Carlisle,Consumer,East,Ohio,Medina,1,609.44,-131.51,0.5,11/2/2014,Active,1
LC-17050,Liz Carlisle,Consumer,South,Kentucky,Richmond,1,866.4,225.26,0.0,2/3/2016,Active,1
LC-17050,Liz Carlisle,Consumer,West,California,Los Angeles,1,298.0,9.47,0.067,9/9/2017,Active,1
LC-17050,Liz Carlisle,Consumer,West,California,Mission Viejo,1,290.67,3.42,0.15,1/31/2014,Active,1
LC-17140,Logan Currie,Consumer,Central,Texas,Dallas,1,66.28,-178.97,0.8,12/17/2017,Active,1
LC-17140,Logan Currie,Consumer,Central,Texas,Houston,1,117.96,-32.26,0.45,6/25/2016,Active,1
LC-17140,Logan Currie,Consumer,East,New York,New York City,1,1083.07,175.34,0.0,9/22/2017,Active,1
LC-17140,Logan Currie,Consumer,East,Ohio,Cleveland,1,92.03,-5.2,0.2,9/9/2017,Active,1
LC-17140,Logan Currie,Consumer,East,Pennsylvania,Philadelphia,1,233.24,-26.01,0.25,9/9/2014,Active,1
LC-17140,Logan Currie,Consumer,South,Virginia,Springfield,1,859.14,249.15,0.0,12/23/2016,Active,1
LC-17140,Logan Currie,Consumer,West,California,Los Angeles,1,97.96,18.44,0.0,4/8/2016,Active,1
LC-17140,Logan Currie,Consumer,West,California,San Francisco,1,28.47,11.23,0.1,12/17/2017,Active,1
LC-17140,Logan Currie,Consumer,West,Washington,Seattle,1,55.42,19.4,0.2,12/1/2015,Active,1
LD-16855,Lela Donovan,Corporate,Central,Illinois,Chicago,1,5.3,0.46,0.2,6/26/2016,Active,1
LD-17005,Lisa DeCherney,Consumer,Central,Michigan,Detroit,1,257.98,74.81,0.0,11/11/2016,Active,1
LD-17005,Lisa DeCherney,Consumer,East,New York,New York City,1,1609.32,445.9,0.0,9/29/2014,Active,1
LD-17005,Lisa DeCherney,Consumer,West,California,San Francisco,2,94.63,36.46,0.1,5/23/2016,Active,1
LE-16810,Laurel Elliston,Consumer,Central,Illinois,Chicago,2,223.38,-85.26,0.525,5/27/2014,Active,1
LE-16810,Laurel Elliston,Consumer,East,Delaware,Newark,1,29.9,5.08,0.0,6/12/2015,Active,1
LE-16810,Laurel Elliston,Consumer,South,Virginia,Arlington,1,641.96,179.75,0.0,5/19/2016,Active,1
LE-16810,Laurel Elliston,Consumer,South,Virginia,Springfield,1,129.44,17.72,0.0,12/16/2014,Active,1
LE-16810,Laurel Elliston,Consumer,West,California,Whittier,1,444.77,44.48,0.2,12/9/2017,Active,1
LF-17185,Luke Foster,Consumer,Central,Texas,Houston,1,23.98,-14.39,0.6,12/6/2014,Active,1
LF-17185,Luke Foster,Consumer,Central,Texas,San Antonio,1,2656.72,-3791.16,0.667,7/26/2014,Active,1
LF-17185,Luke Foster,Consumer,East,New York,New York City,2,1014.29,164.42,0.025,3/5/2015,Active,1
LF-17185,Luke Foster,Consumer,East,Ohio,Newark,1,7.15,0.72,0.2,10/20/2016,Active,1
LF-17185,Luke Foster,Consumer,South,Florida,Miami,1,9.57,3.47,0.2,12/24/2014,Active,1
LF-17185,Luke Foster,Consumer,West,California,Inglewood,1,218.81,52.96,0.0,12/8/2017,Active,1
LH-16750,Larry Hughes,Consumer,East,Pennsylvania,Philadelphia,1,6.57,-5.04,0.7,9/21/2014,Active,1
LH-16750,Larry Hughes,Consumer,South,North Carolina,Charlotte,1,271.96,17.0,0.2,8/1/2017,Active,1
LH-16750,Larry Hughes,Consumer,West,Arizona,Chandler,1,8.9,0.67,0.2,4/25/2017,Active,1
LH-16900,Lena Hernandez,Consumer,Central,Illinois,Park Ridge,1,143.86,48.55,0.2,12/9/2017,Active,1
LH-16900,Lena Hernandez,Consumer,Central,Indiana,Elkhart,1,171.43,16.67,0.0,7/23/2017,Active,1
LH-16900,Lena Hernandez,Consumer,East,Delaware,Dover,1,66.8,11.05,0.0,6/20/2016,Active,1
LH-16900,Lena Hernandez,Consumer,East,New York,New York City,1,380.74,65.43,0.1,9/1/2014,Active,1
LH-16900,Lena Hernandez,Consumer,East,Ohio,Columbus,1,2.5,-2.0,0.7,9/13/2014,Active,1
LH-16900,Lena Hernandez,Consumer,South,Arkansas,Jonesboro,1,638.82,172.48,0.0,8/19/2014,Active,1
LH-16900,Lena Hernandez,Consumer,South,Georgia,Columbus,1,433.78,121.11,0.0,12/25/2015,Active,1
LH-16900,Lena Hernandez,Consumer,South,North Carolina,Greenville,1,334.26,46.59,0.2,12/8/2016,Active,1
LH-16900,Lena Hernandez,Consumer,West,California,San Francisco,1,123.14,46.18,0.2,11/7/2014,Active,1
LH-17020,Lisa Hazard,Consumer,Central,Texas,Tyler,1,51.18,-79.34,0.8,9/8/2014,Active,1
LH-17020,Lisa Hazard,Consumer,East,Ohio,Columbus,1,107.98,-27.0,0.4,2/8/2015,Active,1
LH-17020,Lisa Hazard,Consumer,West,California,San Francisco,1,38.29,16.46,0.0,11/4/2016,Active,1
LH-17020,Lisa Hazard,Consumer,West,Colorado,Louisville,1,120.78,-152.87,0.533,5/5/2017,Active,1
LH-17155,Logan Haushalter,Consumer,Central,Michigan,Jackson,1,132.81,51.64,0.033,12/9/2016,Active,1
LH-17155,Logan Haushalter,Consumer,Central,Texas,Dallas,1,492.28,-16.45,0.2,7/10/2016,Active,1
LH-17155,Logan Haushalter,Consumer,East,Ohio,Cincinnati,1,79.38,29.77,0.2,5/14/2016,Active,1
LH-17155,Logan Haushalter,Consumer,West,California,Los Angeles,3,338.91,113.44,0.067,6/19/2015,Active,1
LH-17155,Logan Haushalter,Consumer,West,California,Oakland,1,30.72,9.58,0.0,12/12/2014,Active,1
LH-17155,Logan Haushalter,Consumer,West,California,San Francisco,1,321.57,28.14,0.2,12/10/2016,Active,1
LH-17155,Logan Haushalter,Consumer,West,California,San Jose,1,344.02,100.41,0.067,11/5/2016,Active,1
LL-16840,Lauren Leatherbury,Consumer,East,New York,Rochester,1,17.46,5.94,0.0,4/29/2014,Active,1
LL-16840,Lauren Leatherbury,Consumer,South,Georgia,Woodstock,1,286.65,104.88,0.0,8/12/2014,Active,1
LL-16840,Lauren Leatherbury,Consumer,South,Louisiana,Lafayette,1,29.16,8.46,0.0,2/17/2017,Active,1
LL-16840,Lauren Leatherbury,Consumer,South,Virginia,Waynesboro,1,2298.9,397.94,0.0,4/16/2015,Active,1
LL-16840,Lauren Leatherbury,Consumer,West,California,Los Angeles,1,92.39,36.27,0.1,4/25/2017,Active,1
LL-16840,Lauren Leatherbury,Consumer,West,Washington,Seattle,1,16.64,6.52,0.0,6/4/2015,Active,1
LM-17065,Liz MacKendrick,Consumer,East,New York,Auburn,1,15.53,5.82,0.2,12/4/2016,Active,1
LM-17065,Liz MacKendrick,Consumer,East,New York,New York City,1,38.34,15.72,0.0,8/6/2016,Active,1
LM-17065,Liz MacKendrick,Consumer,East,Ohio,Springfield,1,646.78,-145.52,0.2,12/18/2015,Active,1
LM-17065,Liz MacKendrick,Consumer,South,Arkansas,Hot Springs,1,29.99,3.0,0.0,2/20/2015,Active,1
LM-17065,Liz MacKendrick,Consumer,South,Mississippi,Southaven,1,616.14,76.11,0.0,6/27/2014,Active,1
LO-17170,Lori Olson,Corporate,Central,Illinois,Peoria,1,125.98,-9.72,0.575,12/28/2017,Active,1
LO-17170,Lori Olson,Corporate,East,New Hampshire,Concord,1,247.44,101.45,0.0,5/28/2017,Active,1
LO-17170,Lori Olson,Corporate,East,New York,New York City,1,47.98,23.99,0.0,10/28/2017,Active,1
LO-17170,Lori Olson,Corporate,South,Virginia,Suffolk,1,176.63,16.39,0.0,2/6/2015,Active,1
LO-17170,Lori Olson,Corporate,West,California,La Quinta,1,46.32,18.06,0.0,9/6/2015,Active,1
LP-17080,Liz Pelletier,Consumer,West,Arizona,Tucson,1,4.27,0.96,0.2,6/24/2014,Active,1
LP-17080,Liz Pelletier,Consumer,West,California,San Francisco,2,651.27,65.87,0.12,11/20/2017,Active,1
LP-17080,Liz Pelletier,Consumer,West,Washington,Seattle,1,101.06,43.95,0.067,5/11/2017,Active,1
LP-17095,Liz Preis,Consumer,Central,Illinois,Aurora,1,2113.57,209.15,0.275,1/30/2017,Active,1
LP-17095,Liz Preis,Consumer,Central,Indiana,Lafayette,1,375.34,18.77,0.0,12/21/2017,Active,1
LP-17095,Liz Preis,Consumer,East,Ohio,Fairfield,1,548.96,34.97,0.2,6/6/2016,Active,1
LP-17095,Liz Preis,Consumer,South,Kentucky,Murray,1,72.8,19.66,0.0,3/3/2017,Active,1
LP-17095,Liz Preis,Consumer,South,Tennessee,Knoxville,1,177.08,11.52,0.2,9/5/2017,Active,1
LP-17095,Liz Preis,Consumer,West,Arizona,Phoenix,1,54.79,-40.18,0.7,10/2/2016,Active,1
LP-17095,Liz Preis,Consumer,West,California,Visalia,1,310.86,84.56,0.0,9/8/2016,Active,1
LR-16915,Lena Radford,Consumer,South,Florida,Homestead,1,85.22,7.46,0.2,12/11/2016,Active,1
LR-16915,Lena Radford,Consumer,South,North Carolina,Durham,1,440.14,30.78,0.367,11/30/2015,Active,1
LR-16915,Lena Radford,Consumer,South,Tennessee,Nashville,1,649.0,-272.58,0.5,12/4/2017,Active,1
LR-16915,Lena Radford,Consumer,West,California,Los Angeles,2,1918.71,165.23,0.086,9/2/2016,Active,1
LR-16915,Lena Radford,Consumer,West,California,San Diego,1,2049.82,604.58,0.1,8/8/2014,Active,1
LR-17035,Lisa Ryan,Corporate,Central,Texas,Houston,1,548.0,-387.68,0.55,9/26/2016,Active,1
LR-17035,Lisa Ryan,Corporate,East,New York,Long Beach,1,41.4,19.87,0.0,7/23/2017,Active,1
LR-17035,Lisa Ryan,Corporate,East,Pennsylvania,Philadelphia,1,806.41,-142.92,0.6,9/7/2015,Active,1
LR-17035,Lisa Ryan,Corporate,West,California,San Francisco,1,351.66,79.39,0.067,8/20/2017,Active,1
LR-17035,Lisa Ryan,Corporate,West,California,Santa Clara,1,131.84,48.52,0.067,9/7/2014,Active,1
LS-16945,Linda Southworth,Corporate,Central,Texas,Dallas,1,396.39,-359.8,0.52,7/5/2017,Active,1
LS-16945,Linda Southworth,Corporate,East,Pennsylvania,Philadelphia,1,15.94,5.18,0.2,9/29/2016,Active,1
LS-16945,Linda Southworth,Corporate,East,Rhode Island,Providence,1,69.98,4.9,0.0,4/24/2017,Active,1
LS-16945,Linda Southworth,Corporate,West,California,Los Angeles,1,21.34,9.82,0.0,4/25/2015,Active,1
LS-16945,Linda Southworth,Corporate,West,California,San Francisco,1,9.78,4.89,0.0,1/12/2017,Active,1
LS-16945,Linda Southworth,Corporate,West,Colorado,Denver,1,2331.84,16.24,0.3,7/18/2016,Active,1
LS-16975,Lindsay Shagiari,Home Office,Central,Illinois,Chicago,1,862.2,97.99,0.32,10/20/2014,Active,1
LS-16975,Lindsay Shagiari,Home Office,Central,Nebraska,Omaha,1,34.5,15.52,0.0,12/10/2017,Active,1
LS-16975,Lindsay Shagiari,Home Office,Central,Texas,Dallas,2,264.78,-72.02,0.4,11/12/2017,Active,1
LS-16975,Lindsay Shagiari,Home Office,Central,Texas,Houston,1,9.26,-13.9,0.8,7/30/2016,Active,1
LS-16975,Lindsay Shagiari,Home Office,East,Maryland,Baltimore,1,1071.74,281.05,0.0,11/28/2017,Active,1
LS-16975,Lindsay Shagiari,Home Office,East,New York,New York City,1,344.22,-103.27,0.4,9/17/2015,Active,1
LS-16975,Lindsay Shagiari,Home Office,West,California,Los Angeles,1,319.98,17.08,0.1,11/6/2016,Active,1
LS-16975,Lindsay Shagiari,Home Office,West,California,San Francisco,1,81.98,40.17,0.0,11/26/2014,Active,1
LS-17200,Luke Schmidt,Corporate,Central,Illinois,Skokie,1,23.89,-15.52,0.6,6/17/2017,Active,1
LS-17200,Luke Schmidt,Corporate,Central,Wisconsin,Milwaukee,1,173.4,62.97,0.0,7/31/2017,Active,1
LS-17200,Luke Schmidt,Corporate,East,Pennsylvania,Philadelphia,1,100.62,18.65,0.2,11/23/2016,Active,1
LS-17200,Luke Schmidt,Corporate,South,Arkansas,Texarkana,1,605.34,145.28,0.0,10/18/2014,Active,1
LS-17200,Luke Schmidt,Corporate,West,California,Fresno,1,67.11,22.44,0.1,11/26/2014,Active,1
LS-17200,Luke Schmidt,Corporate,West,Montana,Helena,1,39.9,10.37,0.0,9/25/2017,Active,1
LS-17230,Lycoris Saunders,Consumer,Central,Texas,Grand Prairie,1,253.34,-6.17,0.233,6/16/2015,Active,1
LS-17230,Lycoris Saunders,Consumer,East,Delaware,Dover,1,96.1,36.03,0.0,11/14/2015,Active,1
LS-17230,Lycoris Saunders,Consumer,West,California,Los Angeles,1,19.44,9.33,0.0,1/6/2014,Active,1
LS-17245,Lynn Smith,Consumer,Central,Missouri,Gladstone,1,164.34,52.59,0.0,11/26/2017,Active,1
LS-17245,Lynn Smith,Consumer,Central,Texas,Houston,1,173.49,54.22,0.2,6/15/2016,Active,1
LS-17245,Lynn Smith,Consumer,East,New York,Utica,1,414.63,139.19,0.08,11/26/2014,Active,1
LS-17245,Lynn Smith,Consumer,South,North Carolina,Jacksonville,1,47.98,4.8,0.2,12/21/2015,Active,1
LS-17245,Lynn Smith,Consumer,West,California,Los Angeles,1,13.38,6.15,0.0,5/27/2016,Active,1
LS-17245,Lynn Smith,Consumer,West,California,San Francisco,1,194.32,91.41,0.1,10/16/2014,Active,1
LT-16765,Larry Tron,Consumer,East,Ohio,Fairfield,1,74.35,23.24,0.2,12/4/2017,Active,1
LT-16765,Larry Tron,Consumer,West,California,Escondido,1,53.94,15.64,0.0,9/1/2014,Active,1
LT-16765,Larry Tron,Consumer,West,Colorado,Louisville,1,201.58,20.16,0.2,5/12/2015,Active,1
LT-17110,Liz Thompson,Consumer,Central,Illinois,Bloomington,1,5.18,-7.76,0.8,10/22/2015,Active,1
LT-17110,Liz Thompson,Consumer,Central,Texas,San Antonio,1,628.94,22.37,0.433,3/13/2016,Active,1
LT-17110,Liz Thompson,Consumer,East,New Jersey,Orange,1,70.95,18.45,0.0,9/14/2017,Active,1
LT-17110,Liz Thompson,Consumer,East,Ohio,Columbus,1,220.75,-40.47,0.4,11/26/2017,Active,1
LT-17110,Liz Thompson,Consumer,South,Arkansas,Little Rock,1,904.13,238.4,0.0,6/1/2014,Active,1
LT-17110,Liz Thompson,Consumer,South,North Carolina,Jacksonville,1,18.48,6.01,0.2,11/19/2016,Active,1
LT-17110,Liz Thompson,Consumer,West,California,Lancaster,1,348.93,34.89,0.2,12/12/2015,Active,1
LT-17110,Liz Thompson,Consumer,West,California,San Diego,1,738.9,49.09,0.138,11/2/2015,Active,1
LW-16825,Laurel Workman,Corporate,Central,Texas,Pasadena,1,20.64,2.32,0.2,10/3/2017,Active,1
LW-16825,Laurel Workman,Corporate,East,New York,New York City,1,765.49,239.36,0.05,5/30/2014,Active,1
LW-16825,Laurel Workman,Corporate,South,Florida,Deltona,1,581.1,68.36,0.45,7/1/2014,Active,1
LW-16825,Laurel Workman,Corporate,West,Arizona,Phoenix,1,499.3,-393.34,0.36,12/25/2016,Active,1
LW-16825,Laurel Workman,Corporate,West,California,Brentwood,1,371.52,115.87,0.0,11/25/2014,Active,1
LW-16990,Lindsay Williams,Corporate,South,North Carolina,Monroe,1,103.97,27.19,0.2,6/4/2017,Active,1
LW-16990,Lindsay Williams,Corporate,West,California,San Francisco,4,1434.73,313.32,0.086,5/4/2017,Active,1
LW-16990,Lindsay Williams,Corporate,West,Nevada,Henderson,1,1691.61,322.32,0.1,5/5/2016,Active,1
LW-17125,Liz Willingham,Consumer,East,Connecticut,Norwich,1,10.36,5.08,0.0,6/8/2017,Active,1
LW-17125,Liz Willingham,Consumer,South,Virginia,Virginia Beach,1,1120.73,165.8,0.0,11/5/2016,Active,1
LW-17125,Liz Willingham,Consumer,West,California,Oxnard,1,127.95,21.75,0.0,9/11/2014,Active,1
LW-17215,Luke Weiss,Consumer,Central,Illinois,Chicago,1,63.92,-2.93,0.45,5/17/2016,Active,1
LW-17215,Luke Weiss,Consumer,Central,Michigan,Grand Rapids,1,54.9,26.9,0.0,12/9/2017,Active,1
LW-17215,Luke Weiss,Consumer,East,New York,New York City,2,4017.69,499.02,0.15,9/17/2016,Active,1
LW-17215,Luke Weiss,Consumer,East,New York,Rochester,1,1030.49,274.08,0.04,11/7/2016,Active,1
LW-17215,Luke Weiss,Consumer,West,California,Pasadena,1,241.81,36.23,0.0,4/11/2017,Active,1
LW-17215,Luke Weiss,Consumer,West,Colorado,Fort Collins,1,11.7,3.95,0.2,9/2/2017,Active,1
MA-17560,Matt Abelman,Home Office,Central,Illinois,Chicago,1,34.24,4.24,0.2,10/27/2017,Active,1
MA-17560,Matt Abelman,Home Office,Central,Michigan,Jackson,1,41.62,19.06,0.0,12/1/2015,Active,1
MA-17560,Matt Abelman,Home Office,Central,Michigan,Trenton,1,1109.72,436.1,0.02,8/8/2014,Active,1
MA-17560,Matt Abelman,Home Office,Central,Texas,Houston,2,44.37,3.99,0.467,8/18/2016,Active,1
MA-17560,Matt Abelman,Home Office,Central,Wisconsin,Sheboygan,1,79.74,34.34,0.0,8/23/2016,Active,1
MA-17560,Matt Abelman,Home Office,East,Massachusetts,Everett,1,1170.92,242.67,0.043,11/27/2015,Active,1
MA-17560,Matt Abelman,Home Office,East,New York,New York City,1,1033.23,357.36,0.05,12/10/2015,Active,1
MA-17560,Matt Abelman,Home Office,East,Pennsylvania,Philadelphia,2,77.69,27.07,0.2,9/21/2014,Active,1
MA-17560,Matt Abelman,Home Office,West,California,Los Angeles,1,707.63,115.38,0.067,11/11/2014,Active,1
MA-17995,Michelle Arnett,Home Office,Central,Indiana,Lawrence,1,196.33,91.46,0.0,11/5/2016,Active,1
MA-17995,Michelle Arnett,Home Office,East,New York,Watertown,1,191.65,31.94,0.1,6/27/2017,Active,1
MA-17995,Michelle Arnett,Home Office,South,Virginia,Richmond,1,389.74,35.27,0.0,10/13/2014,Active,1
MA-17995,Michelle Arnett,Home Office,West,California,Los Angeles,1,64.15,18.43,0.1,9/20/2014,Active,1
MA-17995,Michelle Arnett,Home Office,West,New Mexico,Las Cruces,1,8.28,3.48,0.0,11/28/2015,Active,1
MA-17995,Michelle Arnett,Home Office,West,Wyoming,Cheyenne,1,1603.14,100.2,0.2,11/7/2016,Active,1
MB-17305,Maria Bertelson,Consumer,Central,Texas,League City,1,321.2,-26.79,0.25,10/9/2017,Active,1
MB-17305,Maria Bertelson,Consumer,East,New York,New York City,1,448.45,83.05,0.05,11/14/2016,Active,1
MB-17305,Maria Bertelson,Consumer,East,Ohio,Akron,1,21.74,6.8,0.2,6/24/2017,Active,1
MB-17305,Maria Bertelson,Consumer,East,Ohio,Cincinnati,1,53.04,-4.64,0.2,10/5/2015,Active,1
MB-17305,Maria Bertelson,Consumer,East,Ohio,Columbus,1,97.68,12.6,0.3,9/24/2015,Active,1
MB-17305,Maria Bertelson,Consumer,South,Tennessee,Nashville,1,19.58,6.97,0.2,12/25/2015,Active,1
MB-17305,Maria Bertelson,Consumer,West,Arizona,Glendale,1,217.35,-13.83,0.2,8/8/2014,Active,1
MB-17305,Maria Bertelson,Consumer,West,California,Citrus Heights,1,129.39,54.34,0.0,7/3/2017,Active,1
MB-17305,Maria Bertelson,Consumer,West,California,San Francisco,1,145.9,62.74,0.0,10/8/2015,Active,1
MB-17305,Maria Bertelson,Consumer,West,Washington,Longview,1,94.36,31.19,0.0,11/12/2017,Active,1
MB-18085,Mick Brown,Consumer,Central,Missouri,Springfield,1,296.51,74.97,0.0,9/4/2016,Active,1
MB-18085,Mick Brown,Consumer,Central,Texas,Houston,1,19.14,1.91,0.2,5/9/2016,Active,1
MB-18085,Mick Brown,Consumer,East,New Jersey,Vineland,1,244.01,-31.37,0.3,3/11/2016,Active,1
MB-18085,Mick Brown,Consumer,East,Pennsylvania,Philadelphia,1,19.54,4.88,0.2,1/5/2014,Active,1
MB-18085,Mick Brown,Consumer,South,North Carolina,Charlotte,1,817.83,57.7,0.367,5/6/2017,Active,1
MB-18085,Mick Brown,Consumer,West,California,Los Angeles,1,13.9,4.52,0.2,4/25/2017,Active,1
MB-18085,Mick Brown,Consumer,West,California,Roseville,1,17.31,5.19,0.0,11/16/2017,Active,1
MC-17275,Marc Crier,Consumer,East,New York,New York City,1,41.37,-13.88,0.2,9/7/2015,Active,1
MC-17275,Marc Crier,Consumer,South,Louisiana,Lafayette,1,517.5,155.25,0.0,9/24/2015,Active,1
MC-17275,Marc Crier,Consumer,South,Tennessee,Memphis,1,58.05,16.54,0.45,11/22/2015,Active,1
MC-17275,Marc Crier,Consumer,West,California,Camarillo,1,14.73,7.22,0.0,10/15/2017,Active,1
MC-17275,Marc Crier,Consumer,West,Washington,Pasco,1,1771.52,235.22,0.05,9/8/2014,Active,1
MC-17275,Marc Crier,Consumer,West,Washington,Seattle,3,322.81,60.66,0.067,3/22/2016,Active,1
MC-17425,Mark Cousins,Corporate,Central,Illinois,Chicago,1,719.98,135.0,0.2,5/30/2014,Active,1
MC-17425,Mark Cousins,Corporate,Central,Texas,Houston,1,9.55,-3.82,0.6,7/16/2016,Active,1
MC-17425,Mark Cousins,Corporate,East,New York,New York City,1,130.4,57.2,0.0,11/28/2015,Active,1
MC-17425,Mark Cousins,Corporate,South,Alabama,Mobile,1,3236.41,1556.7,0.0,11/26/2016,Active,1
MC-17425,Mark Cousins,Corporate,West,Oregon,Portland,1,335.8,57.32,0.2,7/15/2016,Active,1
MC-17575,Matt Collins,Consumer,Central,Illinois,Chicago,1,2.39,-6.34,0.8,12/2/2014,Active,1
MC-17575,Matt Collins,Consumer,Central,Nebraska,Fremont,1,33.9,15.59,0.0,12/20/2016,Active,1
MC-17575,Matt Collins,Consumer,East,Ohio,Cincinnati,1,290.78,31.51,0.45,2/3/2017,Active,1
MC-17575,Matt Collins,Consumer,East,Pennsylvania,Philadelphia,1,269.98,40.5,0.4,7/9/2015,Active,1
MC-17575,Matt Collins,Consumer,South,North Carolina,Fayetteville,1,98.45,-7.72,0.367,12/3/2017,Active,1
MC-17575,Matt Collins,Consumer,West,California,Los Angeles,1,9.96,4.58,0.0,12/13/2015,Active,1
MC-17575,Matt Collins,Consumer,West,California,San Jose,1,244.55,114.94,0.0,8/7/2017,Active,1
MC-17575,Matt Collins,Consumer,West,Washington,Seattle,1,353.88,17.69,0.0,9/10/2015,Active,1
MC-17590,Matt Collister,Corporate,Central,Michigan,Grand Rapids,1,24.85,11.68,0.0,12/23/2016,Active,1
MC-17590,Matt Collister,Corporate,Central,Texas,Arlington,1,1273.62,-117.86,0.283,11/25/2014,Active,1
MC-17590,Matt Collister,Corporate,Central,Texas,San Marcos,1,108.44,-19.34,0.3,5/20/2014,Active,1
MC-17590,Matt Collister,Corporate,East,New Jersey,Perth Amboy,1,815.12,352.76,0.0,7/17/2016,Active,1
MC-17590,Matt Collister,Corporate,East,New York,Utica,1,40.48,14.57,0.0,9/12/2016,Active,1
MC-17590,Matt Collister,Corporate,West,California,Coachella,1,163.55,47.17,0.0,11/9/2017,Active,1
MC-17605,Matt Connell,Corporate,Central,Illinois,Chicago,1,295.97,13.08,0.333,11/16/2015,Active,1
MC-17605,Matt Connell,Corporate,Central,Michigan,Detroit,1,210.98,21.1,0.0,1/23/2017,Active,1
MC-17605,Matt Connell,Corporate,Central,Texas,Houston,1,674.06,-19.26,0.3,12/1/2014,Active,1
MC-17605,Matt Connell,Corporate,East,Pennsylvania,Philadelphia,1,15.23,1.5,0.2,4/28/2017,Active,1
MC-17605,Matt Connell,Corporate,South,Florida,Lakeland,1,590.76,68.64,0.271,3/19/2014,Active,1
MC-17605,Matt Connell,Corporate,South,North Carolina,Jacksonville,1,272.23,47.89,0.2,5/9/2017,Active,1
MC-17605,Matt Connell,Corporate,West,California,Los Angeles,2,198.96,62.5,0.0,9/9/2017,Active,1
MC-17635,Matthew Clasen,Corporate,Central,Illinois,Decatur,1,193.27,-317.03,0.5,6/24/2017,Active,1
MC-17635,Matthew Clasen,Corporate,Central,Indiana,Richmond,1,64.02,29.45,0.0,11/28/2014,Active,1
MC-17635,Matthew Clasen,Corporate,Central,Missouri,Saint Louis,1,25.92,12.44,0.0,12/3/2014,Active,1
MC-17635,Matthew Clasen,Corporate,West,California,Los Angeles,1,511.95,27.2,0.1,2/21/2016,Active,1
MC-17845,Michael Chen,Consumer,Central,Texas,Dallas,1,358.55,1.85,0.4,11/7/2016,Active,1
MC-17845,Michael Chen,Consumer,East,New York,New York City,1,6.03,2.95,0.0,12/29/2017,Active,1
MC-17845,Michael Chen,Consumer,South,Mississippi,Jackson,2,647.41,238.08,0.0,7/5/2014,Active,1
MC-17845,Michael Chen,Consumer,West,California,Los Angeles,1,694.53,216.36,0.1,12/20/2014,Active,1
MC-17845,Michael Chen,Consumer,West,Nevada,North Las Vegas,1,1669.6,116.87,0.0,12/10/2017,Active,1
MC-17845,Michael Chen,Consumer,West,Washington,Pasco,1,429.59,122.3,0.1,11/10/2017,Active,1
MC-18100,Mick Crebagga,Consumer,Central,Illinois,Bloomington,1,234.69,-34.01,0.333,12/17/2015,Active,1
MC-18100,Mick Crebagga,Consumer,Central,Illinois,Chicago,1,40.68,-7.12,0.2,9/2/2017,Active,1
MC-18100,Mick Crebagga,Consumer,Central,Texas,El Paso,1,803.96,-30.96,0.25,12/15/2014,Active,1
MC-18100,Mick Crebagga,Consumer,Central,Texas,Houston,1,31.78,-26.6,0.667,8/25/2015,Active,1
MC-18100,Mick Crebagga,Consumer,East,New York,New York City,1,17.94,3.05,0.0,4/9/2015,Active,1
MC-18100,Mick Crebagga,Consumer,East,Ohio,Medina,1,51.59,-15.48,0.4,12/26/2015,Active,1
MC-18100,Mick Crebagga,Consumer,East,Pennsylvania,Philadelphia,1,481.47,-49.57,0.2,10/30/2017,Active,1
MC-18100,Mick Crebagga,Consumer,West,California,Los Angeles,2,463.51,95.59,0.067,6/18/2014,Active,1
MC-18100,Mick Crebagga,Consumer,West,Washington,Marysville,1,93.36,0.93,0.0,10/7/2016,Active,1
MC-18130,Mike Caudle,Corporate,East,Delaware,Newark,1,33.48,3.95,0.0,11/7/2015,Active,1
MC-18130,Mike Caudle,Corporate,South,Louisiana,Monroe,1,12.96,6.22,0.0,3/12/2016,Active,1
MC-18130,Mike Caudle,Corporate,West,California,Los Angeles,2,1443.04,86.6,0.086,3/19/2015,Active,1
MC-18130,Mike Caudle,Corporate,West,Washington,Seattle,1,92.52,24.98,0.0,9/19/2014,Active,1
MD-17350,Maribeth Dona,Consumer,Central,Texas,Dallas,1,933.41,-173.35,0.3,3/10/2017,Active,1
MD-17350,Maribeth Dona,Consumer,East,Ohio,Akron,1,49.7,-19.14,0.45,9/4/2017,Active,1
MD-17350,Maribeth Dona,Consumer,East,Ohio,Columbus,1,47.99,-2.06,0.3,5/8/2017,Active,1
MD-17350,Maribeth Dona,Consumer,East,Ohio,Lancaster,1,103.05,-15.17,0.567,9/5/2016,Active,1
MD-17350,Maribeth Dona,Consumer,East,Pennsylvania,Philadelphia,1,1476.83,-127.15,0.3,11/5/2014,Active,1
MD-17350,Maribeth Dona,Consumer,South,Arkansas,Fayetteville,1,105.42,51.66,0.0,12/27/2015,Active,1
MD-17350,Maribeth Dona,Consumer,West,California,Anaheim,1,1049.97,43.26,0.0,12/28/2014,Active,1
MD-17860,Michael Dominguez,Corporate,Central,Indiana,Indianapolis,1,909.12,9.09,0.0,10/21/2017,Active,1
MD-17860,Michael Dominguez,Corporate,Central,Texas,Corpus Christi,1,114.78,-47.34,0.467,12/2/2014,Active,1
MD-17860,Michael Dominguez,Corporate,East,Maryland,Laurel,1,152.59,46.17,0.0,5/28/2017,Active,1
MD-17860,Michael Dominguez,Corporate,East,Pennsylvania,Philadelphia,1,9.41,0.71,0.2,8/29/2017,Active,1
MD-17860,Michael Dominguez,Corporate,South,North Carolina,Asheville,1,19.01,-12.67,0.7,11/24/2017,Active,1
ME-17320,Maria Etezadi,Home Office,Central,Illinois,Chicago,1,1702.38,40.71,0.233,3/29/2016,Active,1
ME-17320,Maria Etezadi,Home Office,Central,Michigan,Saginaw,1,19.76,8.3,0.0,11/18/2017,Active,1
ME-17320,Maria Etezadi,Home Office,Central,Texas,Dallas,1,5.79,-9.56,0.8,6/19/2015,Active,1
ME-17320,Maria Etezadi,Home Office,Central,Texas,Houston,1,9.32,-24.71,0.8,11/13/2017,Active,1
ME-17320,Maria Etezadi,Home Office,South,Georgia,Columbus,2,603.9,126.63,0.0,6/12/2017,Active,1
ME-17320,Maria Etezadi,Home Office,South,Kentucky,Henderson,1,4374.88,1343.48,0.0,1/6/2014,Active,1
ME-17320,Maria Etezadi,Home Office,South,Virginia,Springfield,1,177.78,19.07,0.0,4/4/2016,Active,1
ME-17320,Maria Etezadi,Home Office,West,California,Los Angeles,1,241.42,-36.21,0.2,11/10/2017,Active,1
ME-17320,Maria Etezadi,Home Office,West,California,Santa Barbara,1,3528.49,391.76,0.133,6/6/2016,Active,1
ME-17725,Max Engle,Consumer,Central,Illinois,Chicago,1,59.7,16.28,0.2,7/12/2014,Active,1
ME-17725,Max Engle,Consumer,Central,Texas,Dallas,1,738.71,-190.53,0.473,6/29/2017,Active,1
ME-17725,Max Engle,Consumer,East,Delaware,Newark,1,155.94,45.22,0.0,11/30/2017,Active,1
ME-17725,Max Engle,Consumer,South,Kentucky,Louisville,1,48.81,23.92,0.0,5/9/2015,Active,1
ME-17725,Max Engle,Consumer,South,Virginia,Salem,1,701.96,168.47,0.0,12/2/2017,Active,1
ME-17725,Max Engle,Consumer,West,Colorado,Aurora,1,141.21,-1.61,0.45,8/15/2016,Active,1
ME-17725,Max Engle,Consumer,West,Washington,Seattle,2,62.13,16.07,0.067,9/24/2015,Active,1
ME-18010,Michelle Ellison,Corporate,Central,Texas,Port Arthur,1,5.18,1.81,0.2,12/23/2014,Active,1
ME-18010,Michelle Ellison,Corporate,East,Ohio,Marion,1,51.17,-6.4,0.2,9/29/2017,Active,1
ME-18010,Michelle Ellison,Corporate,West,California,San Francisco,1,1173.62,103.17,0.133,7/21/2014,Active,1
ME-18010,Michelle Ellison,Corporate,West,Washington,Seattle,1,26.98,8.77,0.2,5/21/2015,Active,1
MF-17665,Maureen Fritzler,Corporate,East,Maryland,Columbia,1,122.34,47.35,0.0,7/22/2016,Active,1
MF-17665,Maureen Fritzler,Corporate,East,Ohio,Toledo,1,15.17,3.79,0.2,1/9/2016,Active,1
MF-17665,Maureen Fritzler,Corporate,South,Alabama,Huntsville,1,197.05,59.12,0.0,8/5/2016,Active,1
MF-17665,Maureen Fritzler,Corporate,South,Florida,Miami,1,50.5,8.21,0.2,11/4/2016,Active,1
MF-17665,Maureen Fritzler,Corporate,West,Arizona,Phoenix,1,551.98,-459.99,0.7,12/30/2014,Active,1
MF-18250,Monica Federle,Corporate,Central,Texas,Houston,1,304.22,61.03,0.2,11/12/2015,Active,1
MF-18250,Monica Federle,Corporate,East,New York,New York City,1,154.14,73.59,0.0,8/9/2015,Active,1
MF-18250,Monica Federle,Corporate,East,Pennsylvania,Philadelphia,1,103.94,16.89,0.2,9/15/2014,Active,1
MF-18250,Monica Federle,Corporate,South,Arkansas,Little Rock,1,1152.87,287.24,0.0,12/23/2017,Active,1
MF-18250,Monica Federle,Corporate,West,California,Los Angeles,1,43.13,18.11,0.0,3/16/2015,Active,1
MG-17650,Matthew Grinstein,Home Office,Central,Michigan,Jackson,1,732.17,203.25,0.0,12/12/2016,Active,1
MG-17650,Matthew Grinstein,Home Office,Central,Texas,Dallas,1,1171.79,160.15,0.2,10/12/2017,Active,1
MG-17650,Matthew Grinstein,Home Office,Central,Wisconsin,Milwaukee,1,113.41,32.45,0.0,8/28/2017,Active,1
MG-17650,Matthew Grinstein,Home Office,East,Ohio,Lakewood,1,445.44,-81.66,0.4,3/16/2017,Active,1
MG-17650,Matthew Grinstein,Home Office,East,Ohio,Marion,1,7.71,1.74,0.2,12/1/2017,Active,1
MG-17650,Matthew Grinstein,Home Office,East,Pennsylvania,Philadelphia,1,4.42,1.6,0.2,11/24/2016,Active,1
MG-17650,Matthew Grinstein,Home Office,West,Washington,Seattle,1,1310.34,24.36,0.2,8/9/2014,Active,1
MG-17680,Maureen Gastineau,Home Office,East,Ohio,Mentor,1,693.13,-123.27,0.25,9/29/2017,Active,1
MG-17680,Maureen Gastineau,Home Office,East,Ohio,Newark,1,93.89,12.91,0.2,10/22/2014,Active,1
MG-17680,Maureen Gastineau,Home Office,East,Pennsylvania,Philadelphia,1,47.98,-1.2,0.2,11/14/2015,Active,1
MG-17680,Maureen Gastineau,Home Office,West,California,Los Angeles,1,1515.19,137.45,0.175,6/8/2017,Active,1
MG-17695,Maureen Gnade,Consumer,Central,Illinois,Chicago,1,145.5,-392.86,0.5,6/8/2015,Active,1
MG-17695,Maureen Gnade,Consumer,East,New York,Buffalo,1,835.17,16.7,0.0,6/23/2016,Active,1
MG-17695,Maureen Gnade,Consumer,East,Pennsylvania,Philadelphia,1,361.61,-22.64,0.2,12/26/2014,Active,1
MG-17875,Michael Grace,Home Office,Central,Illinois,Aurora,1,796.42,-525.64,0.5,6/22/2015,Active,1
MG-17875,Michael Grace,Home Office,Central,Texas,El Paso,1,11.36,-4.52,0.5,2/23/2014,Active,1
MG-17875,Michael Grace,Home Office,East,New York,New York City,1,207.48,62.24,0.0,9/8/2016,Active,1
MG-17875,Michael Grace,Home Office,South,Florida,Fort Lauderdale,1,147.18,-29.44,0.2,9/5/2017,Active,1
MG-17875,Michael Grace,Home Office,South,Virginia,Arlington,1,80.38,26.59,0.0,9/22/2015,Active,1
MG-17890,Michael Granlund,Home Office,Central,Illinois,Saint Charles,1,8.74,-4.8,0.6,12/29/2014,Active,1
MG-17890,Michael Granlund,Home Office,East,Maryland,Baltimore,1,299.75,112.33,0.0,7/16/2015,Active,1
MG-17890,Michael Granlund,Home Office,East,Maryland,Clinton,1,49.08,4.91,0.0,3/7/2017,Active,1
MG-17890,Michael Granlund,Home Office,East,New Hampshire,Concord,1,67.4,17.52,0.0,9/22/2017,Active,1
MG-17890,Michael Granlund,Home Office,West,California,Fresno,1,120.67,21.29,0.15,10/17/2016,Active,1
MG-17890,Michael Granlund,Home Office,West,California,San Diego,1,16.99,4.93,0.0,3/4/2016,Active,1
MG-17890,Michael Granlund,Home Office,West,California,Santa Barbara,1,1.81,0.65,0.0,4/24/2017,Active,1
MG-17890,Michael Granlund,Home Office,West,Oregon,Salem,1,6.21,0.7,0.2,8/31/2017,Active,1
MG-17890,Michael Granlund,Home Office,West,Oregon,Tigard,1,205.74,14.21,0.2,5/30/2017,Active,1
MG-18145,Mike Gockenbach,Consumer,Central,Texas,Plano,1,890.84,-152.72,0.3,3/29/2014,Active,1
MG-18145,Mike Gockenbach,Consumer,East,Pennsylvania,Philadelphia,1,755.1,-137.48,0.2,9/3/2015,Active,1
MG-18145,Mike Gockenbach,Consumer,South,Florida,Jacksonville,1,91.03,-2.28,0.2,7/27/2017,Active,1
MG-18145,Mike Gockenbach,Consumer,West,California,Los Angeles,1,1324.57,198.87,0.133,10/7/2017,Active,1
MG-18205,Mitch Gastineau,Corporate,South,Florida,Jacksonville,1,16.74,-1.25,0.45,4/10/2017,Active,1
MH-17290,Marc Harrigan,Home Office,East,Pennsylvania,Philadelphia,1,987.19,-233.05,0.425,3/11/2017,Active,1
MH-17290,Marc Harrigan,Home Office,South,Florida,Miami,1,62.75,21.96,0.2,12/29/2016,Active,1
MH-17290,Marc Harrigan,Home Office,West,California,Los Angeles,3,1335.68,237.67,0.058,9/2/2017,Active,1
MH-17290,Marc Harrigan,Home Office,West,New Mexico,Santa Fe,1,8.4,2.18,0.0,9/19/2015,Active,1
MH-17440,Mark Haberlin,Corporate,Central,Texas,Houston,1,241.5,0.0,0.3,2/8/2016,Active,1
MH-17440,Mark Haberlin,Corporate,East,New York,New York City,1,37.77,12.58,0.1,12/19/2016,Active,1
MH-17440,Mark Haberlin,Corporate,South,Mississippi,Jackson,1,103.5,42.81,0.0,3/17/2014,Active,1
MH-17440,Mark Haberlin,Corporate,West,California,Escondido,1,17.25,6.04,0.2,2/4/2014,Active,1
MH-17455,Mark Hamilton,Consumer,Central,Illinois,Chicago,1,309.49,33.86,0.2,10/6/2017,Active,1
MH-17455,Mark Hamilton,Consumer,Central,Indiana,Greenwood,1,1424.9,356.22,0.0,12/10/2016,Active,1
MH-17455,Mark Hamilton,Consumer,Central,Minnesota,Minneapolis,1,90.64,38.98,0.0,2/13/2017,Active,1
MH-17455,Mark Hamilton,Consumer,East,New York,New York City,1,67.4,29.48,0.1,7/11/2014,Active,1
MH-17455,Mark Hamilton,Consumer,East,Ohio,Hamilton,1,190.85,-21.47,0.2,12/20/2014,Active,1
MH-17455,Mark Hamilton,Consumer,East,Pennsylvania,Philadelphia,1,130.6,12.08,0.3,7/13/2017,Active,1
MH-17455,Mark Hamilton,Consumer,South,North Carolina,Jacksonville,1,47.95,16.18,0.2,4/6/2015,Active,1
MH-17455,Mark Hamilton,Consumer,West,California,Los Angeles,1,194.35,19.44,0.2,11/25/2016,Active,1
MH-17620,Matt Hagelstein,Corporate,Central,Texas,Houston,1,6.82,-11.59,0.8,9/26/2016,Active,1
MH-17620,Matt Hagelstein,Corporate,East,Ohio,Cincinnati,1,30.96,11.22,0.2,9/3/2016,Active,1
MH-17620,Matt Hagelstein,Corporate,West,California,San Diego,1,44.46,14.67,0.0,12/5/2015,Active,1
MH-17620,Matt Hagelstein,Corporate,West,California,San Francisco,1,1170.56,108.05,0.133,7/28/2017,Active,1
MH-17785,Maya Herman,Corporate,Central,Texas,Lubbock,1,9.25,3.35,0.2,9/23/2017,Active,1
MH-17785,Maya Herman,Corporate,East,New York,Lindenhurst,1,55.48,26.63,0.0,12/20/2015,Active,1
MH-17785,Maya Herman,Corporate,East,New York,New York City,2,240.17,73.26,0.05,9/30/2014,Active,1
MH-17785,Maya Herman,Corporate,West,Arizona,Glendale,1,104.7,6.54,0.2,3/10/2016,Active,1
MH-17785,Maya Herman,Corporate,West,California,San Diego,1,926.44,-21.17,0.1,5/27/2014,Active,1
MH-17785,Maya Herman,Corporate,West,Washington,Seattle,1,867.74,149.94,0.0,11/18/2014,Active,1
MH-18025,Michelle Huthwaite,Consumer,Central,Illinois,Chicago,1,1.79,-3.04,0.8,2/25/2017,Active,1
MH-18025,Michelle Huthwaite,Consumer,East,New York,Buffalo,1,63.88,10.65,0.1,7/8/2014,Active,1
MH-18025,Michelle Huthwaite,Consumer,South,Louisiana,Lafayette,1,1541.51,363.68,0.0,10/13/2017,Active,1
MH-18025,Michelle Huthwaite,Consumer,South,Tennessee,Knoxville,1,88.92,14.45,0.2,11/11/2017,Active,1
MH-18025,Michelle Huthwaite,Consumer,West,Washington,Seattle,1,1288.85,91.16,0.05,7/25/2015,Active,1
MH-18115,Mick Hernandez,Home Office,Central,Michigan,Jackson,1,1239.83,362.31,0.02,1/21/2017,Active,1
MH-18115,Mick Hernandez,Home Office,Central,Texas,Pharr,1,1416.3,-216.23,0.333,8/23/2016,Active,1
MH-18115,Mick Hernandez,Home Office,East,New York,Yonkers,1,52.44,24.12,0.0,11/16/2017,Active,1
MH-18115,Mick Hernandez,Home Office,East,Ohio,Lancaster,1,1169.69,-253.43,0.4,9/24/2017,Active,1
MH-18115,Mick Hernandez,Home Office,East,Pennsylvania,Chester,1,91.73,4.23,0.25,3/10/2017,Active,1
MH-18115,Mick Hernandez,Home Office,East,Pennsylvania,Philadelphia,1,458.43,-124.43,0.3,5/13/2017,Active,1
MH-18115,Mick Hernandez,Home Office,South,Alabama,Huntsville,1,819.28,372.81,0.0,12/25/2017,Active,1
MH-18115,Mick Hernandez,Home Office,South,Florida,Sanford,1,225.55,-11.83,0.45,4/30/2017,Active,1
MH-18115,Mick Hernandez,Home Office,South,Georgia,Columbus,1,29.84,13.43,0.0,5/25/2017,Active,1
MJ-17740,Max Jones,Consumer,Central,Michigan,Detroit,1,895.92,421.08,0.0,3/11/2017,Active,1
MJ-17740,Max Jones,Consumer,East,Ohio,Lancaster,1,242.56,73.57,0.2,4/23/2016,Active,1
MJ-17740,Max Jones,Consumer,East,Pennsylvania,Philadelphia,1,97.24,-17.35,0.3,12/8/2017,Active,1
MJ-17740,Max Jones,Consumer,South,Florida,Miami,1,175.32,-77.93,0.533,6/9/2015,Active,1
MJ-17740,Max Jones,Consumer,West,California,San Diego,1,4823.09,626.4,0.067,6/24/2016,Active,1
MJ-17740,Max Jones,Consumer,West,Utah,Orem,1,58.94,19.1,0.0,7/7/2016,Active,1
MJ-17740,Max Jones,Consumer,West,Washington,Seattle,1,27.68,9.69,0.2,11/7/2016,Active,1
MK-17905,Michael Kennedy,Corporate,Central,Illinois,Chicago,1,5.94,-8.9,0.8,6/16/2017,Active,1
MK-17905,Michael Kennedy,Corporate,Central,Illinois,Rockford,1,442.37,-729.91,0.8,9/24/2016,Active,1
MK-17905,Michael Kennedy,Corporate,Central,Wisconsin,Franklin,1,392.94,43.22,0.0,11/18/2014,Active,1
MK-17905,Michael Kennedy,Corporate,East,Connecticut,Manchester,1,1179.27,311.35,0.0,10/21/2016,Active,1
MK-17905,Michael Kennedy,Corporate,South,Florida,Jacksonville,1,191.02,-37.61,0.414,5/14/2016,Active,1
MK-17905,Michael Kennedy,Corporate,South,Florida,Miami,1,47.96,4.2,0.2,12/2/2017,Active,1
MK-17905,Michael Kennedy,Corporate,West,California,San Diego,1,36.02,11.71,0.2,8/13/2017,Active,1
MK-17905,Michael Kennedy,Corporate,West,Colorado,Louisville,1,6.85,0.6,0.2,12/18/2015,Active,1
MK-18160,Mike Kennedy,Consumer,South,Florida,Jacksonville,1,252.61,-22.27,0.45,12/19/2014,Active,1
MK-18160,Mike Kennedy,Consumer,South,Virginia,Newport News,1,629.86,189.93,0.0,5/4/2017,Active,1
MK-18160,Mike Kennedy,Consumer,West,California,San Francisco,2,149.13,60.17,0.0,5/3/2017,Active,1
ML-17395,Marina Lichtenstein,Corporate,East,Maine,Bangor,1,617.12,256.93,0.0,8/4/2014,Active,1
ML-17395,Marina Lichtenstein,Corporate,East,New Jersey,Lakewood,1,264.92,36.53,0.0,10/13/2014,Active,1
ML-17395,Marina Lichtenstein,Corporate,East,Pennsylvania,Philadelphia,1,64.38,4.55,0.3,10/22/2017,Active,1
ML-17395,Marina Lichtenstein,Corporate,South,Tennessee,Murfreesboro,1,22.55,-4.94,0.575,9/25/2015,Active,1
ML-17395,Marina Lichtenstein,Corporate,West,California,Los Angeles,2,597.35,85.56,0.138,5/26/2014,Active,1
ML-17395,Marina Lichtenstein,Corporate,West,California,San Diego,1,116.0,29.0,0.0,9/5/2016,Active,1
ML-17395,Marina Lichtenstein,Corporate,West,California,San Francisco,1,479.97,163.19,0.0,11/7/2016,Active,1
ML-17395,Marina Lichtenstein,Corporate,West,Washington,Seattle,1,560.55,114.11,0.0,2/14/2014,Active,1
ML-17410,Maris LaWare,Consumer,Central,Illinois,Chicago,1,11.52,4.18,0.2,1/20/2017,Active,1
ML-17410,Maris LaWare,Consumer,Central,Indiana,Columbus,1,522.79,147.52,0.0,5/29/2017,Active,1
ML-17410,Maris LaWare,Consumer,East,Connecticut,Fairfield,1,876.73,254.24,0.0,11/14/2014,Active,1
ML-17410,Maris LaWare,Consumer,East,Pennsylvania,Philadelphia,1,175.32,-14.75,0.25,11/6/2017,Active,1
ML-17410,Maris LaWare,Consumer,West,Arizona,Phoenix,1,1298.9,-482.59,0.36,7/18/2017,Active,1
ML-17410,Maris LaWare,Consumer,West,California,Los Angeles,1,36.24,15.22,0.0,9/29/2016,Active,1
ML-17755,Max Ludwig,Home Office,Central,Illinois,Chicago,1,415.15,77.28,0.2,5/6/2017,Active,1
ML-17755,Max Ludwig,Home Office,Central,Iowa,Marion,1,106.32,49.97,0.0,4/6/2017,Active,1
ML-17755,Max Ludwig,Home Office,East,Ohio,Springfield,1,10.37,3.63,0.2,11/11/2017,Active,1
ML-17755,Max Ludwig,Home Office,East,Ohio,Toledo,1,663.94,82.99,0.2,11/30/2017,Active,1
ML-17755,Max Ludwig,Home Office,South,Virginia,Suffolk,1,158.81,63.35,0.0,8/4/2016,Active,1
ML-17755,Max Ludwig,Home Office,West,California,Stockton,1,629.64,107.04,0.0,12/1/2017,Active,1
ML-17755,Max Ludwig,Home Office,West,Oregon,Springfield,1,87.69,25.26,0.2,6/25/2017,Active,1
ML-18040,Michelle Lonsdale,Corporate,Central,Michigan,Dearborn,1,60.84,23.12,0.0,3/26/2017,Active,1
ML-18040,Michelle Lonsdale,Corporate,Central,Texas,Missouri City,1,6.37,-9.56,0.8,6/4/2017,Active,1
ML-18040,Michelle Lonsdale,Corporate,West,New Mexico,Albuquerque,1,674.87,125.15,0.1,10/12/2017,Active,1
ML-18265,Muhammed Lee,Consumer,South,North Carolina,Fayetteville,1,10.27,1.16,0.2,5/31/2015,Active,1
ML-18265,Muhammed Lee,Consumer,West,Washington,Seattle,1,151.96,41.51,0.0,9/21/2017,Active,1
MM-17260,Magdelene Morse,Consumer,East,Delaware,Wilmington,1,336.99,-35.77,0.15,7/15/2017,Active,1
MM-17260,Magdelene Morse,Consumer,East,New York,New Rochelle,1,692.5,166.51,0.05,9/18/2016,Active,1
MM-17260,Magdelene Morse,Consumer,East,Ohio,Columbus,1,147.57,-3.69,0.2,2/11/2017,Active,1
MM-17260,Magdelene Morse,Consumer,West,Washington,Seattle,1,136.96,51.36,0.2,5/28/2014,Active,1
MM-17920,Michael Moore,Consumer,Central,Illinois,Chicago,1,153.82,38.46,0.2,9/26/2014,Active,1
MM-17920,Michael Moore,Consumer,Central,Indiana,Richmond,1,611.94,112.85,0.0,12/3/2016,Active,1
MM-17920,Michael Moore,Consumer,Central,Texas,College Station,1,57.98,-64.35,0.5,12/23/2017,Active,1
MM-17920,Michael Moore,Consumer,East,New York,New York City,1,1018.1,-373.3,0.4,1/10/2015,Active,1
MM-17920,Michael Moore,Consumer,East,New York,Rome,1,35.01,9.16,0.0,4/22/2016,Active,1
MM-17920,Michael Moore,Consumer,East,Ohio,Newark,1,40.85,10.57,0.45,1/13/2014,Active,1
MM-17920,Michael Moore,Consumer,East,Pennsylvania,Philadelphia,1,19.04,-1.43,0.2,9/4/2017,Active,1
MM-17920,Michael Moore,Consumer,South,Virginia,Chesapeake,1,1678.0,325.84,0.0,9/5/2016,Active,1
MM-17920,Michael Moore,Consumer,South,Virginia,Springfield,1,13.36,6.41,0.0,8/27/2014,Active,1
MM-17920,Michael Moore,Consumer,West,California,San Francisco,2,165.97,17.92,0.1,12/19/2017,Active,1
MM-18055,Michelle Moray,Consumer,Central,Illinois,Chicago,2,1241.41,-560.82,0.3,9/8/2017,Active,1
MM-18055,Michelle Moray,Consumer,East,New York,New York City,2,754.36,118.48,0.017,7/15/2017,Active,1
MM-18055,Michelle Moray,Consumer,West,California,San Francisco,1,81.08,22.7,0.0,5/8/2017,Active,1
MM-18055,Michelle Moray,Consumer,West,Colorado,Aurora,1,160.27,-258.6,0.7,11/20/2015,Active,1
MM-18055,Michelle Moray,Consumer,West,Montana,Great Falls,1,410.1,124.95,0.067,4/11/2014,Active,1
MM-18055,Michelle Moray,Consumer,West,Washington,Seattle,1,102.66,32.95,0.2,10/30/2017,Active,1
MM-18280,Muhammed MacIntyre,Corporate,Central,Illinois,Quincy,1,99.14,30.98,0.2,9/28/2016,Active,1
MM-18280,Muhammed MacIntyre,Corporate,Central,Texas,Haltom City,1,262.72,49.81,0.2,5/25/2015,Active,1
MM-18280,Muhammed MacIntyre,Corporate,East,New York,New York City,3,84.38,33.36,0.0,9/18/2017,Active,1
MM-18280,Muhammed MacIntyre,Corporate,South,Georgia,Columbus,1,3.76,1.8,0.0,12/14/2015,Active,1
MM-18280,Muhammed MacIntyre,Corporate,South,Tennessee,Smyrna,1,67.19,-51.52,0.7,1/20/2014,Active,1
MM-18280,Muhammed MacIntyre,Corporate,West,California,Los Angeles,1,61.44,16.59,0.0,9/22/2015,Active,1
MM-18280,Muhammed MacIntyre,Corporate,West,Washington,Seattle,1,196.78,-22.14,0.2,3/14/2016,Active,1
MN-17935,Michael Nguyen,Consumer,Central,Texas,Dallas,1,9.04,-15.66,0.8,2/16/2014,Active,1
MN-17935,Michael Nguyen,Consumer,Central,Texas,El Paso,1,586.34,46.83,0.2,7/11/2014,Active,1
MN-17935,Michael Nguyen,Consumer,East,Maryland,Clinton,1,23.12,11.33,0.0,2/10/2017,Active,1
MN-17935,Michael Nguyen,Consumer,East,New York,New York City,1,1115.25,302.47,0.0,11/26/2017,Active,1
MN-17935,Michael Nguyen,Consumer,East,Ohio,Springfield,1,15.23,5.52,0.2,5/15/2016,Active,1
MN-17935,Michael Nguyen,Consumer,South,Tennessee,Memphis,1,728.97,-59.67,0.2,11/13/2017,Active,1
MO-17500,Mary O'Rourke,Consumer,Central,Illinois,Chicago,1,91.28,-67.54,0.5,10/19/2017,Active,1
MO-17500,Mary O'Rourke,Consumer,Central,Texas,The Colony,1,59.75,19.42,0.2,10/4/2016,Active,1
MO-17500,Mary O'Rourke,Consumer,East,New York,Freeport,1,17.25,6.04,0.2,11/28/2014,Active,1
MO-17500,Mary O'Rourke,Consumer,East,New York,New York City,1,754.21,101.44,0.1,9/6/2016,Active,1
MO-17800,Meg O'Connel,Home Office,Central,Illinois,Chicago,1,169.25,-74.92,0.433,6/9/2017,Active,1
MO-17800,Meg O'Connel,Home Office,Central,Texas,San Antonio,1,206.96,-32.52,0.3,11/22/2015,Active,1
MO-17800,Meg O'Connel,Home Office,East,New York,New York City,2,57.56,17.59,0.0,9/15/2017,Active,1
MO-17800,Meg O'Connel,Home Office,East,Pennsylvania,Philadelphia,1,254.35,0.0,0.2,4/22/2017,Active,1
MO-17800,Meg O'Connel,Home Office,South,Georgia,Roswell,1,830.24,238.19,0.0,9/17/2017,Active,1
MO-17800,Meg O'Connel,Home Office,West,California,Los Angeles,1,32.4,15.55,0.0,9/17/2015,Active,1
MO-17800,Meg O'Connel,Home Office,West,Washington,Spokane,1,136.26,5.45,0.0,6/3/2017,Active,1
MO-17950,Michael Oakman,Consumer,Central,Texas,Dallas,1,130.29,-79.31,0.4,4/2/2015,Active,1
MO-17950,Michael Oakman,Consumer,South,North Carolina,Jacksonville,1,24.0,-2.7,0.2,7/3/2017,Active,1
MP-17470,Mark Packer,Home Office,Central,Minnesota,Moorhead,1,479.9,81.58,0.0,11/17/2014,Active,1
MP-17470,Mark Packer,Home Office,Central,Texas,Brownsville,1,714.97,192.39,0.233,3/30/2014,Active,1
MP-17470,Mark Packer,Home Office,East,New York,New York City,2,1679.74,214.27,0.1,12/3/2015,Active,1
MP-17470,Mark Packer,Home Office,East,Ohio,Columbus,2,71.22,14.82,0.2,6/4/2014,Active,1
MP-17470,Mark Packer,Home Office,South,Georgia,Smyrna,1,260.31,97.22,0.0,6/28/2015,Active,1
MP-17965,Michael Paige,Corporate,Central,Michigan,Detroit,1,1949.31,311.43,0.0,12/15/2016,Active,1
MP-17965,Michael Paige,Corporate,Central,Texas,Mcallen,1,544.41,22.29,0.344,4/18/2015,Active,1
MP-17965,Michael Paige,Corporate,East,Connecticut,Middletown,1,26.9,13.18,0.0,10/2/2015,Active,1
MP-17965,Michael Paige,Corporate,East,Massachusetts,Lawrence,1,89.26,23.21,0.0,10/19/2017,Active,1
MP-17965,Michael Paige,Corporate,East,New York,New York City,1,824.97,214.49,0.0,10/16/2015,Active,1
MP-17965,Michael Paige,Corporate,East,Ohio,Troy,1,23.98,-15.58,0.4,10/9/2016,Active,1
MP-17965,Michael Paige,Corporate,East,Rhode Island,Warwick,1,252.0,93.24,0.0,7/7/2017,Active,1
MP-17965,Michael Paige,Corporate,South,Florida,Port Saint Lucie,1,231.92,5.8,0.2,7/17/2015,Active,1
MP-17965,Michael Paige,Corporate,South,Tennessee,Bristol,1,40.9,-29.9,0.7,12/29/2016,Active,1
MP-18175,Mike Pelletier,Home Office,Central,Illinois,Chicago,1,3.54,0.31,0.2,12/5/2016,Active,1
MP-18175,Mike Pelletier,Home Office,Central,Wisconsin,Milwaukee,1,2233.02,538.1,0.0,11/16/2015,Active,1
MP-18175,Mike Pelletier,Home Office,East,New York,New York City,1,1393.87,17.95,0.1,11/25/2014,Active,1
MP-18175,Mike Pelletier,Home Office,East,Ohio,Springfield,1,330.59,-143.25,0.4,3/28/2014,Active,1
MP-18175,Mike Pelletier,Home Office,East,Ohio,Troy,1,14.83,-10.38,0.7,12/6/2015,Active,1
MP-18175,Mike Pelletier,Home Office,West,California,Laguna Niguel,1,203.98,16.8,0.15,2/10/2017,Active,1
MP-18175,Mike Pelletier,Home Office,West,California,San Diego,1,134.91,54.3,0.067,12/14/2017,Active,1
MP-18175,Mike Pelletier,Home Office,West,California,San Francisco,1,121.82,48.58,0.133,10/5/2017,Active,1
MP-18175,Mike Pelletier,Home Office,West,Oregon,Springfield,1,651.36,-295.95,0.35,12/15/2016,Active,1
MR-17545,Mathew Reese,Home Office,Central,Texas,Houston,1,7.68,-11.52,0.8,9/3/2014,Active,1
MR-17545,Mathew Reese,Home Office,East,New York,New York City,1,448.82,129.07,0.067,8/27/2017,Active,1
MR-17545,Mathew Reese,Home Office,East,Pennsylvania,Philadelphia,1,129.92,21.11,0.2,10/7/2014,Active,1
MR-17545,Mathew Reese,Home Office,West,Washington,Seattle,1,52.76,24.27,0.0,7/8/2017,Active,1
MS-17365,Maribeth Schnelling,Consumer,Central,Illinois,Chicago,1,257.32,-483.21,0.6,3/5/2015,Active,1
MS-17365,Maribeth Schnelling,Consumer,Central,Michigan,Detroit,1,103.6,51.8,0.0,9/9/2014,Active,1
MS-17365,Maribeth Schnelling,Consumer,Central,Wisconsin,Wausau,1,317.48,90.43,0.0,11/7/2014,Active,1
MS-17365,Maribeth Schnelling,Consumer,East,Maryland,Rockville,1,90.48,23.52,0.0,2/4/2016,Active,1
MS-17365,Maribeth Schnelling,Consumer,East,New York,New York City,1,2201.86,578.6,0.033,12/4/2015,Active,1
MS-17365,Maribeth Schnelling,Consumer,South,Florida,Boca Raton,1,4.61,1.67,0.2,9/22/2014,Active,1
MS-17365,Maribeth Schnelling,Consumer,West,Arizona,Phoenix,1,225.93,50.11,0.2,12/24/2015,Active,1
MS-17365,Maribeth Schnelling,Consumer,West,California,Los Angeles,1,4104.17,487.9,0.038,11/26/2016,Active,1
MS-17365,Maribeth Schnelling,Consumer,West,California,San Francisco,1,127.46,40.74,0.1,4/1/2017,Active,1
MS-17365,Maribeth Schnelling,Consumer,West,New Mexico,Carlsbad,1,10.78,3.37,0.2,11/17/2016,Active,1
MS-17530,MaryBeth Skach,Consumer,East,Ohio,Fairfield,1,21.4,-10.74,0.55,11/18/2014,Active,1
MS-17530,MaryBeth Skach,Consumer,South,Arkansas,Conway,1,301.96,45.29,0.0,11/1/2015,Active,1
MS-17530,MaryBeth Skach,Consumer,West,California,San Diego,1,35.34,13.43,0.0,11/4/2014,Active,1
MS-17530,MaryBeth Skach,Consumer,West,Washington,Seattle,1,116.96,36.04,0.0,10/22/2016,Active,1
MS-17710,Maurice Satty,Consumer,Central,Michigan,Detroit,1,84.83,26.16,0.0,4/4/2014,Active,1
MS-17710,Maurice Satty,Consumer,Central,Texas,Fort Worth,1,477.14,-87.15,0.225,5/26/2016,Active,1
MS-17710,Maurice Satty,Consumer,East,Ohio,Bowling Green,1,469.4,55.55,0.267,8/24/2015,Active,1
MS-17710,Maurice Satty,Consumer,South,Alabama,Auburn,1,498.93,244.25,0.0,3/16/2015,Active,1
MS-17710,Maurice Satty,Consumer,West,Arizona,Mesa,1,42.62,-5.95,0.533,11/12/2016,Active,1
MS-17710,Maurice Satty,Consumer,West,California,Fresno,1,40.48,14.57,0.0,3/24/2014,Active,1
MS-17770,Maxwell Schwartz,Consumer,Central,Texas,Houston,1,279.94,48.99,0.2,11/10/2016,Active,1
MS-17770,Maxwell Schwartz,Consumer,East,New York,New York City,2,28.32,12.86,0.0,11/27/2014,Active,1
MS-17770,Maxwell Schwartz,Consumer,East,New York,Rochester,1,632.86,197.79,0.05,5/28/2015,Active,1
MS-17770,Maxwell Schwartz,Consumer,East,Ohio,Columbus,1,85.96,-57.71,0.45,8/19/2014,Active,1
MS-17770,Maxwell Schwartz,Consumer,East,Pennsylvania,Lancaster,1,286.34,-64.43,0.2,11/3/2014,Active,1
MS-17770,Maxwell Schwartz,Consumer,South,Virginia,Richmond,1,37.44,18.56,0.0,7/4/2014,Active,1
MS-17770,Maxwell Schwartz,Consumer,West,California,San Francisco,1,193.95,9.7,0.0,8/31/2017,Active,1
MS-17770,Maxwell Schwartz,Consumer,West,Washington,Seattle,1,1599.86,115.1,0.067,8/23/2016,Active,1
MS-17830,Melanie Seite,Consumer,Central,Texas,Laredo,1,40.54,10.92,0.2,1/9/2014,Active,1
MS-17830,Melanie Seite,Consumer,East,Maryland,Baltimore,1,239.37,-23.94,0.3,10/4/2016,Active,1
MS-17830,Melanie Seite,Consumer,East,New York,Rochester,1,10.51,3.68,0.2,7/23/2015,Active,1
MS-17830,Melanie Seite,Consumer,West,California,Los Angeles,1,79.92,28.77,0.0,12/7/2015,Active,1
MS-17980,Michael Stewart,Corporate,Central,Missouri,Springfield,1,85.96,40.4,0.0,12/4/2015,Active,1
MS-17980,Michael Stewart,Corporate,Central,Texas,Dallas,1,20.8,6.5,0.2,2/9/2015,Active,1
MS-17980,Michael Stewart,Corporate,Central,Texas,Houston,2,74.45,26.13,0.2,8/6/2015,Active,1
MS-17980,Michael Stewart,Corporate,East,New York,New York City,1,85.9,2.58,0.0,3/16/2015,Active,1
MS-17980,Michael Stewart,Corporate,East,Pennsylvania,Philadelphia,1,588.01,-20.38,0.22,12/4/2017,Active,1
MT-17815,Meg Tillman,Consumer,Central,Texas,Port Arthur,1,34.05,11.03,0.2,12/27/2016,Active,1
MT-17815,Meg Tillman,Consumer,East,New York,New York City,2,335.38,74.97,0.0,3/13/2017,Active,1
MT-17815,Meg Tillman,Consumer,South,Mississippi,Jackson,1,2503.47,421.22,0.0,7/25/2016,Active,1
MT-17815,Meg Tillman,Consumer,West,Arizona,Scottsdale,1,11.48,-1.04,0.45,11/6/2015,Active,1
MT-17815,Meg Tillman,Consumer,West,California,San Francisco,1,5.76,2.82,0.0,12/10/2015,Active,1
MT-18070,Michelle Tran,Home Office,Central,Oklahoma,Tulsa,1,151.82,70.49,0.0,8/11/2016,Active,1
MT-18070,Michelle Tran,Home Office,Central,Texas,Houston,1,340.31,-89.93,0.38,9/25/2014,Active,1
MT-18070,Michelle Tran,Home Office,Central,Texas,San Antonio,1,3.59,-6.29,0.8,10/24/2015,Active,1
MT-18070,Michelle Tran,Home Office,West,California,Los Angeles,1,823.72,2.05,0.117,6/10/2017,Active,1
MV-17485,Mark Van Huff,Consumer,Central,Texas,Houston,2,142.52,-18.62,0.48,6/25/2015,Active,1
MV-17485,Mark Van Huff,Consumer,East,New York,New York City,2,463.92,152.63,0.05,9/5/2016,Active,1
MV-17485,Mark Van Huff,Consumer,South,Virginia,Arlington,1,359.97,79.19,0.0,2/6/2017,Active,1
MV-17485,Mark Van Huff,Consumer,West,Arizona,Mesa,1,436.6,-56.78,0.45,11/24/2017,Active,1
MV-17485,Mark Van Huff,Consumer,West,California,Los Angeles,1,38.66,15.08,0.0,1/20/2014,Active,1
MV-17485,Mark Van Huff,Consumer,West,Idaho,Pocatello,1,34.68,14.18,0.1,3/26/2016,Active,1
MV-17485,Mark Van Huff,Consumer,West,Washington,Seattle,1,83.7,3.35,0.0,3/27/2015,Active,1
MV-18190,Mike Vittorini,Consumer,Central,Michigan,Detroit,1,240.5,11.65,0.0,1/30/2014,Active,1
MV-18190,Mike Vittorini,Consumer,Central,Texas,Houston,1,31.92,2.39,0.2,3/5/2015,Active,1
MV-18190,Mike Vittorini,Consumer,East,New York,New York City,2,76.3,27.83,0.067,12/11/2017,Active,1
MV-18190,Mike Vittorini,Consumer,South,North Carolina,Raleigh,1,863.93,86.39,0.2,12/1/2016,Active,1
MV-18190,Mike Vittorini,Consumer,West,California,Los Angeles,1,482.01,132.62,0.05,6/17/2016,Active,1
MV-18190,Mike Vittorini,Consumer,West,California,San Bernardino,1,39.92,12.97,0.2,7/10/2015,Active,1
MW-18220,Mitch Webber,Consumer,Central,Minnesota,Coon Rapids,1,503.13,136.45,0.0,11/19/2014,Active,1
MW-18220,Mitch Webber,Consumer,East,New York,New York City,2,3685.61,1017.65,0.043,9/20/2014,Active,1
MW-18220,Mitch Webber,Consumer,East,Ohio,Lancaster,1,40.0,0.5,0.2,12/27/2016,Active,1
MW-18220,Mitch Webber,Consumer,East,Pennsylvania,Philadelphia,1,73.78,-0.26,0.2,7/5/2015,Active,1
MW-18220,Mitch Webber,Consumer,West,Washington,Seattle,2,1039.38,84.08,0.1,8/25/2014,Active,1
MW-18235,Mitch Willingham,Corporate,South,Virginia,Virginia Beach,1,3333.9,1449.52,0.0,5/21/2014,Active,1
MW-18235,Mitch Willingham,Corporate,West,California,San Francisco,1,1919.98,216.0,0.2,11/16/2017,Active,1
MY-17380,Maribeth Yedwab,Corporate,Central,Illinois,Chicago,1,63.31,20.58,0.2,7/23/2017,Active,1
MY-17380,Maribeth Yedwab,Corporate,Central,Texas,San Antonio,1,10.37,3.63,0.2,12/1/2017,Active,1
MY-17380,Maribeth Yedwab,Corporate,East,New York,New York City,1,547.3,175.14,0.0,10/16/2017,Active,1
MY-17380,Maribeth Yedwab,Corporate,South,Tennessee,Memphis,1,76.52,16.54,0.45,11/24/2017,Active,1
MY-17380,Maribeth Yedwab,Corporate,West,California,Los Angeles,1,676.72,67.55,0.1,3/2/2017,Active,1
MY-17380,Maribeth Yedwab,Corporate,West,California,Rancho Cucamonga,1,5.76,2.65,0.0,10/26/2015,Active,1
MY-17380,Maribeth Yedwab,Corporate,West,Colorado,Parker,1,874.31,33.04,0.5,5/30/2016,Active,1
MY-18295,Muhammed Yedwab,Corporate,Central,Illinois,Chicago,1,109.7,24.76,0.2,9/3/2017,Active,1
MY-18295,Muhammed Yedwab,Corporate,Central,Texas,Bryan,1,550.82,-179.25,0.55,3/15/2016,Active,1
MY-18295,Muhammed Yedwab,Corporate,Central,Texas,Grapevine,1,41.53,8.77,0.2,4/15/2016,Active,1
MY-18295,Muhammed Yedwab,Corporate,Central,Texas,Houston,1,812.68,-128.35,0.26,12/2/2016,Active,1
MY-18295,Muhammed Yedwab,Corporate,Central,Wisconsin,Milwaukee,1,12.99,0.26,0.0,4/1/2016,Active,1
MY-18295,Muhammed Yedwab,Corporate,East,Delaware,Newark,1,7.92,3.56,0.0,10/21/2016,Active,1
MY-18295,Muhammed Yedwab,Corporate,East,Maryland,Baltimore,1,526.96,141.77,0.0,4/28/2014,Active,1
MY-18295,Muhammed Yedwab,Corporate,East,Ohio,Columbus,1,1661.03,-244.91,0.35,11/24/2014,Active,1
MY-18295,Muhammed Yedwab,Corporate,East,Pennsylvania,Philadelphia,1,11.6,-9.06,0.7,5/4/2017,Active,1
MY-18295,Muhammed Yedwab,Corporate,South,North Carolina,Durham,1,30.34,5.88,0.2,10/20/2017,Active,1
MY-18295,Muhammed Yedwab,Corporate,West,California,El Cajon,1,387.14,4.84,0.2,10/20/2016,Active,1
MZ-17335,Maria Zettner,Home Office,West,Arizona,Phoenix,1,170.98,0.16,0.2,10/9/2016,Active,1
MZ-17335,Maria Zettner,Home Office,West,California,San Diego,1,376.97,69.35,0.0,11/8/2015,Active,1
MZ-17335,Maria Zettner,Home Office,West,California,San Francisco,1,25.83,9.56,0.0,11/30/2017,Active,1
MZ-17335,Maria Zettner,Home Office,West,Washington,Seattle,1,19.83,5.95,0.0,3/26/2017,Active,1
MZ-17515,Mary Zewe,Corporate,Central,Texas,Arlington,1,22.16,-24.89,0.733,6/11/2016,Active,1
MZ-17515,Mary Zewe,Corporate,East,New York,New York City,1,347.58,17.38,0.0,3/23/2017,Active,1
MZ-17515,Mary Zewe,Corporate,East,Pennsylvania,Reading,1,15.01,1.5,0.2,10/3/2015,Active,1
MZ-17515,Mary Zewe,Corporate,West,California,Los Angeles,1,7.18,2.24,0.2,4/4/2014,Active,1
MZ-17515,Mary Zewe,Corporate,West,California,Redlands,1,14.28,6.71,0.0,10/31/2015,Active,1
MZ-17515,Mary Zewe,Corporate,West,Washington,Seattle,1,2158.69,784.81,0.067,11/11/2014,Active,1
NB-18580,Nicole Brennan,Corporate,East,Pennsylvania,Philadelphia,1,143.95,14.4,0.2,9/26/2014,Active,1
NB-18580,Nicole Brennan,Corporate,South,Louisiana,Bossier City,1,129.92,10.39,0.0,10/22/2014,Active,1
NB-18655,Nona Balk,Corporate,Central,Texas,Dallas,1,385.29,47.27,0.2,4/28/2016,Active,1
NB-18655,Nona Balk,Corporate,Central,Wisconsin,Milwaukee,1,143.48,41.76,0.0,11/18/2017,Active,1
NB-18655,Nona Balk,Corporate,East,New Jersey,Paterson,1,6.54,2.16,0.0,12/11/2017,Active,1
NB-18655,Nona Balk,Corporate,East,New York,New York City,1,142.18,-37.92,0.4,10/16/2016,Active,1
NB-18655,Nona Balk,Corporate,East,Pennsylvania,Philadelphia,2,598.46,95.11,0.2,2/10/2015,Active,1
NB-18655,Nona Balk,Corporate,South,Florida,Jacksonville,1,383.44,-167.32,0.45,9/18/2016,Active,1
NB-18655,Nona Balk,Corporate,South,Florida,Tallahassee,1,68.97,17.23,0.367,10/27/2017,Active,1
NB-18655,Nona Balk,Corporate,West,California,San Francisco,1,244.24,119.34,0.0,10/29/2015,Active,1
NC-18340,Nat Carroll,Consumer,Central,Michigan,Lansing,1,1273.61,326.27,0.02,4/4/2015,Active,1
NC-18340,Nat Carroll,Consumer,Central,Minnesota,Apple Valley,1,129.3,6.46,0.0,3/30/2014,Active,1
NC-18340,Nat Carroll,Consumer,Central,North Dakota,Fargo,1,891.53,216.59,0.0,5/20/2017,Active,1
NC-18340,Nat Carroll,Consumer,Central,Texas,Houston,1,43.31,4.68,0.2,5/4/2014,Active,1
NC-18340,Nat Carroll,Consumer,East,New York,New York City,1,123.66,26.29,0.05,11/24/2016,Active,1
NC-18415,Nathan Cano,Consumer,Central,Michigan,Royal Oak,1,12.96,6.22,0.0,6/9/2015,Active,1
NC-18415,Nathan Cano,Consumer,Central,Texas,Fort Worth,1,4.98,-8.47,0.8,12/27/2014,Active,1
NC-18415,Nathan Cano,Consumer,Central,Texas,Houston,1,1729.29,-2330.27,0.433,11/19/2017,Active,1
NC-18415,Nathan Cano,Consumer,East,New York,Yonkers,1,51.07,18.51,0.2,5/3/2014,Active,1
NC-18415,Nathan Cano,Consumer,South,North Carolina,Jacksonville,1,305.25,79.19,0.2,10/14/2016,Active,1
NC-18415,Nathan Cano,Consumer,West,California,Santa Maria,1,115.44,30.01,0.0,4/18/2015,Active,1
NC-18535,Nick Crebassa,Corporate,Central,Texas,Dallas,1,58.42,16.79,0.2,11/29/2016,Active,1
NC-18535,Nick Crebassa,Corporate,East,Massachusetts,New Bedford,1,31.74,15.48,0.0,12/24/2017,Active,1
NC-18535,Nick Crebassa,Corporate,South,Virginia,Hampton,1,1417.35,575.91,0.0,8/20/2014,Active,1
NC-18535,Nick Crebassa,Corporate,West,Arizona,Phoenix,1,432.4,136.82,0.45,12/9/2017,Active,1
NC-18535,Nick Crebassa,Corporate,West,California,San Francisco,2,6275.48,560.2,0.125,7/23/2014,Active,1
NC-18535,Nick Crebassa,Corporate,West,Washington,Seattle,1,26.35,9.55,0.2,11/10/2017,Active,1
NC-18625,Noah Childs,Corporate,Central,Indiana,Columbus,1,77.86,36.55,0.0,10/29/2014,Active,1
NC-18625,Noah Childs,Corporate,Central,Texas,Dallas,1,720.76,54.06,0.2,6/9/2017,Active,1
NC-18625,Noah Childs,Corporate,Central,Texas,Houston,1,167.23,16.85,0.2,5/2/2015,Active,1
NC-18625,Noah Childs,Corporate,East,Pennsylvania,York,1,103.48,-5.28,0.45,4/9/2017,Active,1
NC-18625,Noah Childs,Corporate,West,Colorado,Aurora,1,752.41,-461.2,0.35,10/13/2016,Active,1
ND-18370,Natalie DeCherney,Consumer,Central,Texas,Houston,1,61.49,-56.79,0.6,4/16/2017,Active,1
ND-18370,Natalie DeCherney,Consumer,East,New York,Long Beach,1,53.49,22.86,0.0,11/19/2016,Active,1
ND-18370,Natalie DeCherney,Consumer,East,New York,New York City,1,1952.81,330.8,0.1,7/13/2015,Active,1
ND-18370,Natalie DeCherney,Consumer,South,Florida,Jacksonville,1,47.99,7.2,0.2,12/3/2017,Active,1
ND-18370,Natalie DeCherney,Consumer,South,Kentucky,Louisville,1,79.14,36.4,0.0,5/5/2016,Active,1
ND-18370,Natalie DeCherney,Consumer,South,South Carolina,Mount Pleasant,1,545.94,87.35,0.0,1/13/2014,Active,1
ND-18370,Natalie DeCherney,Consumer,West,Arizona,Glendale,1,8.56,-6.56,0.7,10/21/2017,Active,1
ND-18370,Natalie DeCherney,Consumer,West,California,San Francisco,1,976.83,-27.88,0.1,3/19/2017,Active,1
ND-18370,Natalie DeCherney,Consumer,West,Oregon,Portland,1,599.9,-39.74,0.2,11/1/2014,Active,1
ND-18460,Neil Ducich,Corporate,East,New York,Mount Vernon,1,1085.42,282.21,0.0,6/30/2017,Active,1
ND-18460,Neil Ducich,Corporate,South,Alabama,Huntsville,1,26.16,12.82,0.0,5/19/2017,Active,1
ND-18460,Neil Ducich,Corporate,South,Florida,Jacksonville,1,1347.52,84.22,0.2,6/10/2017,Active,1
ND-18460,Neil Ducich,Corporate,South,Georgia,Macon,1,38.88,18.66,0.0,7/13/2015,Active,1
ND-18460,Neil Ducich,Corporate,South,Virginia,Chesapeake,1,321.56,91.25,0.0,2/6/2014,Active,1
ND-18460,Neil Ducich,Corporate,West,Arizona,Chandler,1,73.92,-45.83,0.5,9/19/2014,Active,1
NF-18385,Natalie Fritzler,Consumer,Central,Illinois,Decatur,1,756.49,-92.77,0.25,9/26/2016,Active,1
NF-18385,Natalie Fritzler,Consumer,Central,Texas,Edinburg,1,85.91,26.98,0.5,8/18/2016,Active,1
NF-18385,Natalie Fritzler,Consumer,East,Ohio,Newark,1,4190.21,-1980.38,0.375,12/15/2015,Active,1
NF-18385,Natalie Fritzler,Consumer,East,West Virginia,Wheeling,1,673.34,-76.95,0.3,10/12/2017,Active,1
NF-18385,Natalie Fritzler,Consumer,South,Mississippi,Jackson,1,866.4,225.26,0.0,8/21/2017,Active,1
NF-18385,Natalie Fritzler,Consumer,South,North Carolina,Charlotte,1,242.35,15.15,0.2,7/16/2017,Active,1
NF-18385,Natalie Fritzler,Consumer,South,Virginia,Chesapeake,1,1508.13,186.74,0.0,2/11/2014,Active,1
NF-18475,Neil Französisch,Home Office,Central,Illinois,Rockford,1,11.42,-18.84,0.8,7/23/2016,Active,1
NF-18475,Neil Französisch,Home Office,Central,Nebraska,Omaha,1,269.98,72.89,0.0,6/29/2015,Active,1
NF-18475,Neil Französisch,Home Office,South,Florida,Jacksonville,1,91.06,31.87,0.2,3/14/2014,Active,1
NF-18475,Neil Französisch,Home Office,West,Nevada,Reno,1,4.71,0.0,0.0,10/1/2014,Active,1
NF-18595,Nicole Fjeld,Home Office,Central,Illinois,Chicago,1,73.01,26.47,0.2,9/7/2017,Active,1
NF-18595,Nicole Fjeld,Home Office,East,New York,New York City,1,210.99,58.2,0.1,4/4/2015,Active,1
NF-18595,Nicole Fjeld,Home Office,East,Ohio,Lancaster,1,91.49,15.59,0.2,9/9/2014,Active,1
NF-18595,Nicole Fjeld,Home Office,West,California,Chico,1,1242.9,194.73,0.1,3/13/2015,Active,1
NF-18595,Nicole Fjeld,Home Office,West,California,San Jose,2,89.99,31.84,0.1,5/3/2015,Active,1
NF-18595,Nicole Fjeld,Home Office,West,Washington,Seattle,1,323.1,61.39,0.0,8/18/2017,Active,1
NG-18355,Nat Gilpin,Corporate,Central,Michigan,Jackson,1,508.62,219.08,0.0,11/24/2014,Active,1
NG-18355,Nat Gilpin,Corporate,East,Connecticut,Fairfield,1,594.5,88.48,0.0,2/16/2017,Active,1
NG-18355,Nat Gilpin,Corporate,East,New York,New York City,1,283.77,90.72,0.04,8/18/2017,Active,1
NG-18355,Nat Gilpin,Corporate,East,Ohio,Newark,1,370.78,-92.7,0.4,11/12/2017,Active,1
NG-18355,Nat Gilpin,Corporate,South,Florida,Coral Springs,1,111.9,8.06,0.2,9/15/2015,Active,1
NG-18430,Nathan Gelder,Consumer,Central,Illinois,Quincy,1,19.82,6.44,0.2,11/5/2015,Active,1
NG-18430,Nathan Gelder,Consumer,Central,Oklahoma,Oklahoma City,1,479.96,134.39,0.0,12/3/2014,Active,1
NG-18430,Nathan Gelder,Consumer,Central,Texas,Austin,1,779.16,28.27,0.2,11/12/2017,Active,1
NG-18430,Nathan Gelder,Consumer,East,Ohio,Cincinnati,1,2.62,0.43,0.2,11/24/2014,Active,1
NG-18430,Nathan Gelder,Consumer,West,California,Los Angeles,1,114.37,47.56,0.0,11/22/2015,Active,1
NH-18610,Nicole Hansen,Corporate,Central,Michigan,Detroit,1,188.23,62.59,0.0,10/19/2015,Active,1
NH-18610,Nicole Hansen,Corporate,Central,Michigan,Oak Park,1,580.86,151.02,0.0,4/8/2017,Active,1
NH-18610,Nicole Hansen,Corporate,Central,Texas,Irving,1,15.94,5.18,0.2,9/25/2016,Active,1
NH-18610,Nicole Hansen,Corporate,East,Pennsylvania,Philadelphia,1,154.62,33.2,0.2,3/2/2014,Active,1
NH-18610,Nicole Hansen,Corporate,South,Georgia,Columbus,1,66.36,23.23,0.0,9/19/2015,Active,1
NH-18610,Nicole Hansen,Corporate,South,Georgia,Roswell,1,1245.86,361.3,0.0,2/19/2017,Active,1
NH-18610,Nicole Hansen,Corporate,West,California,Pomona,1,421.42,123.64,0.0,6/24/2017,Active,1
NK-18490,Neil Knudson,Home Office,Central,Texas,Corpus Christi,1,74.35,23.24,0.2,6/18/2017,Active,1
NK-18490,Neil Knudson,Home Office,East,Pennsylvania,Philadelphia,1,313.84,32.83,0.2,7/18/2016,Active,1
NK-18490,Neil Knudson,Home Office,South,Florida,Deltona,1,17.86,2.01,0.2,10/21/2017,Active,1
NK-18490,Neil Knudson,Home Office,West,California,San Francisco,3,159.37,61.35,0.08,9/24/2017,Active,1
NK-18490,Neil Knudson,Home Office,West,Washington,Seattle,1,6.63,1.79,0.0,5/28/2015,Active,1
NL-18310,Nancy Lomonaco,Home Office,West,California,Danville,1,1158.88,282.44,0.033,11/2/2017,Active,1
NL-18310,Nancy Lomonaco,Home Office,West,California,Los Angeles,2,185.62,52.92,0.067,8/25/2015,Active,1
NL-18310,Nancy Lomonaco,Home Office,West,California,San Francisco,1,73.58,8.28,0.2,10/31/2014,Active,1
NM-18445,Nathan Mautz,Home Office,Central,Kansas,Wichita,1,149.2,68.21,0.0,5/25/2015,Active,1
NM-18445,Nathan Mautz,Home Office,Central,Michigan,Detroit,1,925.83,265.29,0.05,5/23/2015,Active,1
NM-18445,Nathan Mautz,Home Office,East,New York,New York City,2,4821.29,2247.19,0.05,7/23/2017,Active,1
NM-18445,Nathan Mautz,Home Office,West,California,Concord,1,499.55,142.48,0.1,4/8/2014,Active,1
NM-18445,Nathan Mautz,Home Office,West,California,San Francisco,1,48.91,22.99,0.0,4/23/2014,Active,1
NM-18445,Nathan Mautz,Home Office,West,Nevada,North Las Vegas,1,14.56,5.53,0.0,2/8/2014,Active,1
NM-18520,Neoma Murray,Consumer,Central,Illinois,Chicago,1,39.37,-35.37,0.7,9/27/2015,Active,1
NM-18520,Neoma Murray,Consumer,Central,Texas,Amarillo,1,49.0,-1.89,0.4,1/7/2016,Active,1
NM-18520,Neoma Murray,Consumer,Central,Texas,Houston,1,6.69,-4.01,0.6,12/1/2015,Active,1
NM-18520,Neoma Murray,Consumer,East,Connecticut,Manchester,1,5.76,2.82,0.0,4/30/2017,Active,1
NM-18520,Neoma Murray,Consumer,East,New York,New York City,1,186.85,90.38,0.1,5/31/2016,Active,1
NM-18520,Neoma Murray,Consumer,East,Ohio,Bowling Green,1,5.55,-4.07,0.7,12/23/2016,Active,1
NM-18520,Neoma Murray,Consumer,West,California,Los Angeles,1,1761.85,711.45,0.0,12/3/2016,Active,1
NM-18520,Neoma Murray,Consumer,West,California,Moreno Valley,1,68.28,12.72,0.0,9/8/2015,Active,1
NM-18520,Neoma Murray,Consumer,West,California,Riverside,1,22.92,11.23,0.0,10/21/2016,Active,1
NM-18520,Neoma Murray,Consumer,West,Washington,Seattle,1,15.71,5.7,0.2,8/17/2016,Active,1
NP-18325,Naresj Patel,Consumer,East,New York,New York City,1,3385.61,800.08,0.06,8/9/2015,Active,1
NP-18325,Naresj Patel,Consumer,South,Virginia,Waynesboro,1,425.67,98.93,0.0,6/21/2014,Active,1
NP-18325,Naresj Patel,Consumer,West,California,Oakland,1,149.97,52.49,0.0,5/13/2014,Active,1
NP-18325,Naresj Patel,Consumer,West,California,San Diego,2,432.27,94.64,0.067,12/6/2015,Active,1
NP-18325,Naresj Patel,Consumer,West,California,San Francisco,1,1136.09,162.75,0.1,7/22/2014,Active,1
NP-18670,Nora Paige,Consumer,Central,Missouri,Saint Louis,1,95.66,26.74,0.0,11/2/2017,Active,1
NP-18670,Nora Paige,Consumer,Central,Oklahoma,Edmond,1,959.55,243.1,0.0,11/20/2016,Active,1
NP-18670,Nora Paige,Consumer,East,New Jersey,Lakewood,1,2258.28,160.42,0.0,10/12/2017,Active,1
NP-18670,Nora Paige,Consumer,West,Arizona,Phoenix,1,55.99,3.5,0.2,7/18/2016,Active,1
NP-18670,Nora Paige,Consumer,West,Washington,Seattle,1,538.92,80.84,0.0,2/27/2015,Active,1
NP-18685,Nora Pelletier,Home Office,Central,Indiana,Indianapolis,1,999.98,449.99,0.0,12/6/2015,Active,1
NP-18685,Nora Pelletier,Home Office,East,New York,Niagara Falls,1,34.99,11.43,0.1,11/19/2016,Active,1
NP-18685,Nora Pelletier,Home Office,East,Ohio,Parma,1,63.97,19.99,0.2,9/22/2016,Active,1
NP-18685,Nora Pelletier,Home Office,South,North Carolina,Wilson,1,7.38,-5.41,0.7,10/2/2015,Active,1
NP-18685,Nora Pelletier,Home Office,West,California,San Francisco,1,14.73,4.86,0.0,5/25/2015,Active,1
NP-18685,Nora Pelletier,Home Office,West,Washington,Des Moines,1,107.65,33.64,0.2,3/7/2014,Active,1
NP-18700,Nora Preis,Consumer,Central,Illinois,Chicago,1,274.1,23.54,0.4,12/22/2014,Active,1
NP-18700,Nora Preis,Consumer,East,New York,New York City,1,1800.17,220.15,0.2,8/12/2016,Active,1
NP-18700,Nora Preis,Consumer,East,Ohio,Bowling Green,1,264.32,19.82,0.2,9/5/2014,Active,1
NP-18700,Nora Preis,Consumer,West,California,Fresno,1,4630.51,242.99,0.183,12/12/2014,Active,1
NP-18700,Nora Preis,Consumer,West,California,San Francisco,1,22.44,7.16,0.0,8/14/2017,Active,1
NP-18700,Nora Preis,Consumer,West,Colorado,Denver,1,431.93,64.79,0.2,6/26/2017,Active,1
NP-18700,Nora Preis,Consumer,West,Washington,Seattle,1,479.72,52.77,0.0,11/5/2016,Active,1
NR-18550,Nick Radford,Consumer,Central,Illinois,Aurora,1,268.94,-209.77,0.5,6/7/2014,Active,1
NR-18550,Nick Radford,Consumer,Central,Texas,Amarillo,1,366.74,-110.02,0.3,5/2/2016,Active,1
NR-18550,Nick Radford,Consumer,East,New Jersey,Perth Amboy,1,436.96,160.61,0.0,10/17/2016,Active,1
NR-18550,Nick Radford,Consumer,South,Florida,Pembroke Pines,1,1111.7,48.05,0.262,6/3/2017,Active,1
NR-18550,Nick Radford,Consumer,West,California,Chula Vista,1,182.94,85.98,0.0,9/17/2014,Active,1
NS-18505,Neola Schneider,Consumer,Central,Texas,Dallas,2,791.54,39.36,0.2,12/24/2017,Active,1
NS-18505,Neola Schneider,Consumer,East,Pennsylvania,Philadelphia,1,1370.54,-143.01,0.275,1/19/2017,Active,1
NS-18505,Neola Schneider,Consumer,West,California,San Jose,1,413.78,91.35,0.15,10/1/2017,Active,1
NS-18640,Noel Staavos,Corporate,Central,Illinois,Chicago,1,67.3,-143.18,0.5,7/9/2017,Active,1
NS-18640,Noel Staavos,Corporate,Central,Texas,Houston,1,73.78,-77.47,0.6,2/2/2016,Active,1
NS-18640,Noel Staavos,Corporate,Central,Texas,San Antonio,1,473.4,52.29,0.2,3/9/2015,Active,1
NS-18640,Noel Staavos,Corporate,East,Maryland,Baltimore,1,77.58,20.17,0.0,8/7/2015,Active,1
NS-18640,Noel Staavos,Corporate,East,New York,New York City,1,107.07,34.68,0.0,12/12/2016,Active,1
NS-18640,Noel Staavos,Corporate,East,Ohio,Columbus,1,1252.64,-263.57,0.26,12/11/2016,Active,1
NS-18640,Noel Staavos,Corporate,South,Florida,Orlando,1,20.74,7.26,0.2,6/5/2017,Active,1
NS-18640,Noel Staavos,Corporate,South,North Carolina,Jacksonville,1,81.14,-14.38,0.325,11/8/2015,Active,1
NS-18640,Noel Staavos,Corporate,West,California,Los Angeles,2,526.98,47.6,0.1,6/25/2014,Active,1
NS-18640,Noel Staavos,Corporate,West,California,San Francisco,1,255.99,92.48,0.0,10/20/2015,Active,1
NS-18640,Noel Staavos,Corporate,West,Idaho,Boise,1,3.3,1.12,0.2,8/7/2015,Active,1
NS-18640,Noel Staavos,Corporate,West,New Mexico,Carlsbad,1,24.9,8.24,0.2,12/17/2016,Active,1
NW-18400,Natalie Webber,Consumer,Central,Iowa,Waterloo,1,30.32,11.82,0.0,7/11/2017,Active,1
NW-18400,Natalie Webber,Consumer,East,New York,New York City,1,3384.52,1082.95,0.06,5/8/2015,Active,1
NW-18400,Natalie Webber,Consumer,East,Pennsylvania,Philadelphia,1,385.26,-137.97,0.367,6/21/2014,Active,1
NW-18400,Natalie Webber,Consumer,South,Alabama,Mobile,1,1918.79,506.98,0.0,9/15/2015,Active,1
NW-18400,Natalie Webber,Consumer,West,Nevada,Las Vegas,1,208.01,64.29,0.1,11/21/2015,Active,1
NW-18400,Natalie Webber,Consumer,West,Oregon,Portland,1,184.15,-255.45,0.7,11/3/2016,Active,1
NW-18400,Natalie Webber,Consumer,West,Oregon,Tigard,1,1122.97,-249.49,0.2,11/26/2014,Active,1
NZ-18565,Nick Zandusky,Home Office,Central,Missouri,Springfield,1,886.28,248.03,0.0,8/2/2014,Active,1
NZ-18565,Nick Zandusky,Home Office,Central,Texas,Houston,1,151.06,7.55,0.2,8/5/2017,Active,1
NZ-18565,Nick Zandusky,Home Office,East,Ohio,Columbus,1,380.55,18.62,0.275,11/20/2016,Active,1
NZ-18565,Nick Zandusky,Home Office,East,Ohio,Toledo,1,59.95,-14.19,0.45,9/11/2016,Active,1
NZ-18565,Nick Zandusky,Home Office,West,Arizona,Yuma,1,44.86,-35.88,0.7,7/10/2016,Active,1
NZ-18565,Nick Zandusky,Home Office,West,California,Los Angeles,1,23.24,7.55,0.2,4/30/2017,Active,1
NZ-18565,Nick Zandusky,Home Office,West,California,San Francisco,1,632.15,82.62,0.05,8/21/2015,Active,1
NZ-18565,Nick Zandusky,Home Office,West,Idaho,Meridian,1,307.74,87.22,0.0,10/6/2017,Active,1
NZ-18565,Nick Zandusky,Home Office,West,Washington,Seattle,1,2.5,0.9,0.2,7/1/2016,Active,1
ON-18715,Odella Nelson,Corporate,Central,Minnesota,Eagan,1,63.44,27.98,0.0,3/11/2016,Active,1
ON-18715,Odella Nelson,Corporate,Central,Texas,Houston,1,47.37,-44.99,0.5,5/17/2015,Active,1
ON-18715,Odella Nelson,Corporate,East,Maryland,Clinton,1,463.04,169.05,0.0,12/2/2014,Active,1
ON-18715,Odella Nelson,Corporate,East,Pennsylvania,Philadelphia,1,6.85,0.6,0.2,9/24/2015,Active,1
ON-18715,Odella Nelson,Corporate,South,North Carolina,Burlington,1,630.02,-199.51,0.4,11/15/2016,Active,1
ON-18715,Odella Nelson,Corporate,South,North Carolina,Cary,1,66.62,7.82,0.2,11/4/2014,Active,1
ON-18715,Odella Nelson,Corporate,West,Arizona,Tempe,1,79.4,5.96,0.2,9/13/2014,Active,1
ON-18715,Odella Nelson,Corporate,West,California,Yucaipa,1,50.8,13.21,0.0,8/13/2015,Active,1
ON-18715,Odella Nelson,Corporate,West,Colorado,Denver,1,159.98,14.0,0.2,3/1/2016,Active,1
OT-18730,Olvera Toch,Consumer,Central,Michigan,Detroit,1,180.96,81.43,0.0,4/20/2015,Active,1
OT-18730,Olvera Toch,Consumer,East,Pennsylvania,Bethlehem,1,1556.69,-990.54,0.467,7/28/2016,Active,1
OT-18730,Olvera Toch,Consumer,South,Virginia,Virginia Beach,1,608.43,173.88,0.0,10/26/2017,Active,1
OT-18730,Olvera Toch,Consumer,West,California,Los Angeles,1,1388.78,-191.56,0.067,6/10/2016,Active,1
OT-18730,Olvera Toch,Consumer,West,California,San Diego,1,83.76,1.68,0.0,6/26/2017,Active,1
PA-19060,Pete Armstrong,Home Office,Central,Illinois,Orland Park,1,339.96,67.99,0.2,10/15/2015,Active,1
PA-19060,Pete Armstrong,Home Office,Central,Indiana,Richmond,1,112.04,53.58,0.0,3/2/2015,Active,1
PA-19060,Pete Armstrong,Home Office,Central,Texas,Dallas,1,114.85,35.89,0.2,9/18/2017,Active,1
PA-19060,Pete Armstrong,Home Office,Central,Wisconsin,Eau Claire,1,91.68,45.84,0.0,5/17/2014,Active,1
PA-19060,Pete Armstrong,Home Office,South,Florida,Miami,1,3.74,-2.62,0.7,11/26/2016,Active,1
PA-19060,Pete Armstrong,Home Office,West,California,San Francisco,1,67.14,25.18,0.2,10/27/2016,Active,1
PB-18805,Patrick Bzostek,Home Office,West,California,San Francisco,1,24.19,7.56,0.2,11/20/2015,Active,1
PB-18805,Patrick Bzostek,Home Office,West,Utah,Salt Lake City,1,219.12,95.84,0.05,10/15/2016,Active,1
PB-18805,Patrick Bzostek,Home Office,West,Washington,Seattle,1,497.04,125.82,0.16,12/5/2017,Active,1
PB-19105,Peter Bühler,Consumer,Central,Illinois,Evanston,1,11.99,0.9,0.2,3/20/2016,Active,1
PB-19105,Peter Bühler,Consumer,Central,Texas,Houston,1,604.66,204.07,0.2,11/15/2014,Active,1
PB-19105,Peter Bühler,Consumer,East,Pennsylvania,Philadelphia,1,40.78,0.51,0.2,11/3/2017,Active,1
PB-19105,Peter Bühler,Consumer,South,Georgia,Smyrna,1,30.9,12.68,0.0,9/22/2017,Active,1
PB-19150,Philip Brown,Consumer,East,New York,New York City,1,25.06,11.78,0.0,11/29/2014,Active,1
PB-19150,Philip Brown,Consumer,East,Pennsylvania,Philadelphia,1,6.21,2.17,0.2,6/16/2015,Active,1
PB-19150,Philip Brown,Consumer,South,Florida,Miami,1,23.47,7.63,0.2,12/12/2014,Active,1
PB-19150,Philip Brown,Consumer,West,Arizona,Avondale,1,150.23,-13.01,0.2,11/30/2014,Active,1
PB-19150,Philip Brown,Consumer,West,Arizona,Phoenix,1,55.92,6.29,0.2,7/14/2014,Active,1
PB-19150,Philip Brown,Consumer,West,California,Los Angeles,2,996.26,193.88,0.1,4/14/2016,Active,1
PB-19150,Philip Brown,Consumer,West,Washington,Seattle,1,199.8,71.93,0.0,9/24/2017,Active,1
PB-19210,Phillip Breyer,Corporate,Central,Oklahoma,Tulsa,1,69.93,0.7,0.0,2/11/2016,Active,1
PB-19210,Phillip Breyer,Corporate,East,Pennsylvania,Philadelphia,1,62.81,21.2,0.2,11/23/2014,Active,1
PC-18745,Pamela Coakley,Corporate,East,New Jersey,Westfield,1,31.56,10.41,0.0,11/27/2016,Active,1
PC-18745,Pamela Coakley,Corporate,East,New York,Watertown,1,1573.49,196.69,0.2,12/31/2014,Active,1
PC-18745,Pamela Coakley,Corporate,West,California,San Francisco,1,225.83,66.57,0.1,11/10/2016,Active,1
PC-18745,Pamela Coakley,Corporate,West,Colorado,Loveland,1,1.19,-0.99,0.7,12/28/2017,Active,1
PC-19000,Pauline Chand,Home Office,West,Arizona,Chandler,1,49.79,-11.83,0.2,4/8/2014,Active,1
PC-19000,Pauline Chand,Home Office,West,California,Los Angeles,1,1011.7,-172.51,0.1,8/1/2015,Active,1
PF-19120,Peter Fuller,Consumer,Central,Texas,San Antonio,1,847.2,-1133.29,0.5,4/7/2015,Active,1
PF-19120,Peter Fuller,Consumer,East,New York,New York City,1,7678.23,543.28,0.05,9/17/2015,Active,1
PF-19120,Peter Fuller,Consumer,South,Kentucky,Richmond,1,40.54,17.68,0.0,5/5/2014,Active,1
PF-19120,Peter Fuller,Consumer,West,Arizona,Gilbert,1,496.9,-41.97,0.2,6/15/2015,Active,1
PF-19165,Philip Fox,Consumer,Central,Illinois,Bloomington,1,617.7,-407.68,0.5,9/20/2014,Active,1
PF-19165,Philip Fox,Consumer,East,New York,New York City,1,50.0,12.0,0.0,9/26/2015,Active,1
PF-19165,Philip Fox,Consumer,South,Georgia,Sandy Springs,1,1302.83,301.09,0.0,6/30/2016,Active,1
PF-19165,Philip Fox,Consumer,West,California,Oakland,1,479.97,177.59,0.0,11/9/2016,Active,1
PF-19165,Philip Fox,Consumer,West,California,San Diego,1,150.22,63.23,0.0,8/27/2015,Active,1
PF-19165,Philip Fox,Consumer,West,Washington,Olympia,1,169.28,50.64,0.0,6/17/2017,Active,1
PF-19225,Phillip Flathmann,Consumer,South,Georgia,Atlanta,1,135.95,39.43,0.0,6/26/2016,Active,1
PF-19225,Phillip Flathmann,Consumer,West,California,Los Angeles,2,1500.96,473.85,0.08,12/29/2016,Active,1
PF-19225,Phillip Flathmann,Consumer,West,California,San Francisco,1,6.57,1.77,0.0,9/2/2017,Active,1
PF-19225,Phillip Flathmann,Consumer,West,Washington,Edmonds,1,562.65,76.27,0.067,9/7/2017,Active,1
PG-18820,Patrick Gardner,Consumer,Central,Nebraska,Omaha,1,35.98,10.07,0.0,7/21/2014,Active,1
PG-18820,Patrick Gardner,Consumer,Central,Texas,Carrollton,1,329.96,-564.98,0.8,4/19/2015,Active,1
PG-18820,Patrick Gardner,Consumer,Central,Texas,Dallas,1,35.18,12.31,0.2,11/11/2017,Active,1
PG-18820,Patrick Gardner,Consumer,East,New York,New York City,2,1151.22,429.49,0.033,9/1/2016,Active,1
PG-18820,Patrick Gardner,Consumer,South,Florida,Boynton Beach,1,314.39,25.11,0.325,10/28/2016,Active,1
PG-18820,Patrick Gardner,Consumer,South,Georgia,Smyrna,1,17.92,8.6,0.0,4/8/2016,Active,1
PG-18820,Patrick Gardner,Consumer,South,Kentucky,Louisville,1,29.97,0.3,0.0,7/27/2015,Active,1
PG-18820,Patrick Gardner,Consumer,West,Arizona,Glendale,1,9.7,-7.11,0.7,3/8/2016,Active,1
PG-18820,Patrick Gardner,Consumer,West,California,Bakersfield,1,304.05,74.1,0.08,9/29/2017,Active,1
PG-18820,Patrick Gardner,Consumer,West,California,San Diego,1,595.0,95.2,0.0,11/18/2016,Active,1
PG-18820,Patrick Gardner,Consumer,West,California,San Francisco,2,263.53,54.37,0.0,5/9/2014,Active,1
PG-18895,Paul Gonzalez,Consumer,Central,Minnesota,Rochester,1,26.15,9.75,0.0,10/26/2017,Active,1
PG-18895,Paul Gonzalez,Consumer,Central,Texas,Fort Worth,1,225.02,-70.73,0.333,5/11/2014,Active,1
PG-18895,Paul Gonzalez,Consumer,East,New Jersey,Morristown,1,7.56,0.3,0.0,1/22/2016,Active,1
PG-18895,Paul Gonzalez,Consumer,East,New York,New York City,1,492.58,66.05,0.1,9/12/2015,Active,1
PG-18895,Paul Gonzalez,Consumer,South,Virginia,Richmond,1,536.36,141.54,0.0,6/20/2017,Active,1
PG-18895,Paul Gonzalez,Consumer,South,Virginia,Springfield,1,181.86,50.92,0.0,6/13/2017,Active,1
PG-18895,Paul Gonzalez,Consumer,West,California,Los Angeles,1,450.19,108.68,0.1,12/17/2015,Active,1
PG-18895,Paul Gonzalez,Consumer,West,California,San Francisco,2,67.44,28.0,0.0,4/22/2016,Active,1
PH-18790,Patricia Hirasaki,Home Office,South,Florida,Lakeland,1,729.65,47.89,0.2,10/21/2017,Active,1
PJ-18835,Patrick Jones,Corporate,Central,Illinois,Rockford,1,38.02,13.78,0.2,5/19/2017,Active,1
PJ-18835,Patrick Jones,Corporate,Central,Texas,Dallas,1,9.25,3.35,0.2,11/3/2016,Active,1
PJ-18835,Patrick Jones,Corporate,East,New York,New York City,1,134.5,42.87,0.0,11/14/2015,Active,1
PJ-18835,Patrick Jones,Corporate,South,Kentucky,Richmond,1,26.4,11.88,0.0,11/3/2017,Active,1
PJ-18835,Patrick Jones,Corporate,South,Tennessee,Murfreesboro,1,14.35,5.2,0.2,5/5/2016,Active,1
PJ-18835,Patrick Jones,Corporate,South,Virginia,Springfield,1,860.07,339.16,0.0,11/14/2015,Active,1
PJ-18835,Patrick Jones,Corporate,West,California,San Francisco,1,52.5,17.94,0.1,11/21/2017,Active,1
PJ-18835,Patrick Jones,Corporate,West,Washington,Seattle,1,85.01,7.95,0.1,5/28/2014,Active,1
PJ-19015,Pauline Johnson,Consumer,East,New York,Long Beach,1,89.95,43.18,0.0,7/20/2016,Active,1
PJ-19015,Pauline Johnson,Consumer,East,New York,New York City,1,146.7,40.06,0.067,7/18/2015,Active,1
PJ-19015,Pauline Johnson,Consumer,East,Ohio,Columbus,1,9.91,1.24,0.2,8/18/2017,Active,1
PJ-19015,Pauline Johnson,Consumer,South,Alabama,Mobile,1,8.96,2.78,0.0,4/7/2014,Active,1
PJ-19015,Pauline Johnson,Consumer,South,Florida,Miami,1,4.46,0.33,0.2,6/20/2017,Active,1
PJ-19015,Pauline Johnson,Consumer,West,California,Santa Ana,2,1564.25,595.41,0.067,9/8/2016,Active,1
PK-18910,Paul Knutson,Home Office,East,Pennsylvania,Philadelphia,1,1422.25,-807.78,0.55,9/3/2016,Active,1
PK-18910,Paul Knutson,Home Office,West,California,San Francisco,1,18.9,9.07,0.0,4/4/2014,Active,1
PK-19075,Pete Kriz,Consumer,Central,Michigan,Detroit,1,634.46,129.4,0.0,9/5/2016,Active,1
PK-19075,Pete Kriz,Consumer,Central,Wisconsin,Madison,1,665.88,13.32,0.0,11/11/2014,Active,1
PK-19075,Pete Kriz,Consumer,Central,Wisconsin,Milwaukee,1,25.06,11.78,0.0,3/5/2017,Active,1
PK-19075,Pete Kriz,Consumer,East,Delaware,Newark,1,100.94,33.31,0.0,11/7/2017,Active,1
PK-19075,Pete Kriz,Consumer,East,New York,New York City,2,4816.69,1695.32,0.075,8/21/2017,Active,1
PK-19075,Pete Kriz,Consumer,East,Ohio,Columbus,1,155.37,-13.32,0.3,9/24/2016,Active,1
PK-19075,Pete Kriz,Consumer,South,South Carolina,Columbia,1,23.88,11.22,0.0,12/21/2017,Active,1
PK-19075,Pete Kriz,Consumer,South,Tennessee,Nashville,1,158.26,48.36,0.2,4/16/2016,Active,1
PK-19075,Pete Kriz,Consumer,West,California,Apple Valley,1,563.92,7.05,0.2,12/16/2016,Active,1
PK-19075,Pete Kriz,Consumer,West,California,San Francisco,2,1502.48,101.83,0.133,9/4/2017,Active,1
PL-18925,Paul Lucas,Home Office,Central,Illinois,Chicago,1,16.52,2.06,0.2,4/16/2017,Active,1
PL-18925,Paul Lucas,Home Office,East,Pennsylvania,Philadelphia,2,134.39,-44.44,0.45,6/22/2017,Active,1
PL-18925,Paul Lucas,Home Office,West,California,Los Angeles,1,65.8,31.83,0.0,11/1/2014,Active,1
PL-18925,Paul Lucas,Home Office,West,Washington,Seattle,1,22.77,9.79,0.0,12/15/2017,Active,1
PM-18940,Paul MacIntyre,Consumer,Central,Michigan,Jackson,1,46.8,21.06,0.0,5/4/2014,Active,1
PM-18940,Paul MacIntyre,Consumer,Central,Texas,Texas City,1,301.74,-21.71,0.3,1/19/2015,Active,1
PM-18940,Paul MacIntyre,Consumer,South,Virginia,Springfield,1,1056.86,158.53,0.0,12/9/2016,Active,1
PM-19135,Peter McVee,Home Office,Central,Michigan,Detroit,1,31.4,10.05,0.0,10/22/2016,Active,1
PM-19135,Peter McVee,Home Office,Central,Texas,San Antonio,1,60.14,20.3,0.2,10/8/2016,Active,1
PM-19135,Peter McVee,Home Office,East,New Hampshire,Dover,1,3332.97,426.81,0.1,12/19/2015,Active,1
PM-19135,Peter McVee,Home Office,South,Florida,Jacksonville,1,691.14,69.59,0.2,11/9/2017,Active,1
PN-18775,Parhena Norris,Home Office,Central,Nebraska,Omaha,1,563.94,112.79,0.0,12/18/2016,Active,1
PN-18775,Parhena Norris,Home Office,East,New York,New York City,2,162.7,52.54,0.0,9/10/2016,Active,1
PN-18775,Parhena Norris,Home Office,South,Florida,Miami,1,71.98,9.0,0.2,11/30/2017,Active,1
PN-18775,Parhena Norris,Home Office,South,South Carolina,Columbia,1,25.92,12.44,0.0,9/14/2016,Active,1
PN-18775,Parhena Norris,Home Office,South,Tennessee,Clarksville,1,513.5,-13.24,0.2,4/23/2017,Active,1
PN-18775,Parhena Norris,Home Office,South,Tennessee,Nashville,1,109.97,12.05,0.2,4/25/2017,Active,1
PN-18775,Parhena Norris,Home Office,West,California,Bakersfield,1,19.15,6.46,0.2,8/7/2015,Active,1
PO-18850,Patrick O'Brill,Consumer,Central,Iowa,Burlington,1,44.75,20.58,0.0,12/26/2017,Active,1
PO-18850,Patrick O'Brill,Consumer,Central,Texas,Houston,1,614.0,-18.06,0.32,11/13/2015,Active,1
PO-18850,Patrick O'Brill,Consumer,Central,Texas,Irving,1,88.78,7.77,0.2,11/2/2014,Active,1
PO-18850,Patrick O'Brill,Consumer,Central,Texas,Mansfield,1,517.4,-81.31,0.3,10/24/2017,Active,1
PO-18850,Patrick O'Brill,Consumer,East,Pennsylvania,Philadelphia,1,1269.87,-316.85,0.36,8/30/2016,Active,1
PO-18850,Patrick O'Brill,Consumer,South,Florida,Hialeah,1,33.47,6.56,0.2,10/3/2017,Active,1
PO-18850,Patrick O'Brill,Consumer,South,Florida,Jacksonville,1,3.0,1.05,0.2,9/18/2016,Active,1
PO-18850,Patrick O'Brill,Consumer,South,Florida,Tallahassee,1,4590.34,358.55,0.2,8/23/2017,Active,1
PO-18850,Patrick O'Brill,Consumer,South,Virginia,Virginia Beach,1,105.52,48.54,0.0,12/7/2014,Active,1
PO-18850,Patrick O'Brill,Consumer,West,California,Los Angeles,1,122.14,-13.74,0.2,7/6/2017,Active,1
PO-18850,Patrick O'Brill,Consumer,West,California,San Francisco,1,84.56,25.38,0.067,5/1/2015,Active,1
PO-18865,Patrick O'Donnell,Consumer,Central,Indiana,Indianapolis,1,338.86,156.54,0.0,8/5/2017,Active,1
PO-18865,Patrick O'Donnell,Consumer,Central,Michigan,Westland,1,211.96,8.48,0.0,10/20/2014,Active,1
PO-18865,Patrick O'Donnell,Consumer,East,Massachusetts,Marlborough,1,206.64,67.61,0.0,9/17/2016,Active,1
PO-18865,Patrick O'Donnell,Consumer,East,New Jersey,East Orange,1,31.8,13.67,0.0,12/25/2017,Active,1
PO-18865,Patrick O'Donnell,Consumer,East,New York,New York City,1,466.84,34.64,0.133,12/30/2017,Active,1
PO-18865,Patrick O'Donnell,Consumer,South,South Carolina,Columbia,1,301.96,33.22,0.0,5/28/2017,Active,1
PO-18865,Patrick O'Donnell,Consumer,West,California,Los Angeles,1,935.15,123.7,0.1,3/23/2014,Active,1
PO-19180,Philisse Overcash,Home Office,Central,Illinois,Chicago,1,1321.47,156.84,0.25,6/12/2016,Active,1
PO-19180,Philisse Overcash,Home Office,Central,Minnesota,Roseville,1,2165.12,644.34,0.0,11/10/2015,Active,1
PO-19180,Philisse Overcash,Home Office,Central,Texas,Houston,1,24.05,-18.83,0.5,3/17/2017,Active,1
PO-19180,Philisse Overcash,Home Office,Central,Wisconsin,Kenosha,1,399.95,143.98,0.0,7/23/2017,Active,1
PO-19180,Philisse Overcash,Home Office,East,New York,New York City,2,673.21,178.89,0.0,8/11/2015,Active,1
PO-19180,Philisse Overcash,Home Office,West,Colorado,Louisville,1,230.09,14.38,0.2,9/12/2016,Active,1
PO-19180,Philisse Overcash,Home Office,West,Washington,Seattle,2,79.16,35.83,0.0,4/26/2017,Active,1
PO-19195,Phillina Ober,Home Office,Central,Illinois,Naperville,1,288.06,-65.99,0.4,1/4/2014,Active,1
PO-19195,Phillina Ober,Home Office,East,New Jersey,Bayonne,1,183.4,79.4,0.0,9/25/2015,Active,1
PO-19195,Phillina Ober,Home Office,East,New York,New York City,1,236.72,28.8,0.1,10/5/2017,Active,1
PO-19195,Phillina Ober,Home Office,East,Pennsylvania,Philadelphia,1,344.37,-93.47,0.3,11/20/2015,Active,1
PO-19195,Phillina Ober,Home Office,West,California,San Francisco,1,4.3,1.56,0.2,11/29/2015,Active,1
PP-18955,Paul Prost,Home Office,Central,Missouri,Springfield,1,865.0,220.95,0.0,5/18/2017,Active,1
PP-18955,Paul Prost,Home Office,East,Delaware,Newark,1,158.61,55.0,0.0,8/26/2014,Active,1
PP-18955,Paul Prost,Home Office,East,Massachusetts,Holyoke,1,301.96,60.39,0.0,7/6/2015,Active,1
PP-18955,Paul Prost,Home Office,East,New York,New York City,1,176.28,15.13,0.05,9/8/2014,Active,1
PP-18955,Paul Prost,Home Office,East,Ohio,Springfield,1,899.59,18.5,0.278,11/10/2016,Active,1
PP-18955,Paul Prost,Home Office,East,Pennsylvania,Philadelphia,1,5.9,1.99,0.2,6/19/2015,Active,1
PP-18955,Paul Prost,Home Office,South,Florida,Hollywood,1,399.53,26.98,0.45,9/24/2017,Active,1
PP-18955,Paul Prost,Home Office,South,Georgia,Smyrna,1,2075.51,688.72,0.0,2/5/2016,Active,1
PP-18955,Paul Prost,Home Office,West,California,Los Angeles,1,15.24,5.18,0.0,12/14/2015,Active,1
PP-18955,Paul Prost,Home Office,West,Washington,Seattle,1,2354.98,402.26,0.0,9/29/2014,Active,1
PR-18880,Patrick Ryan,Consumer,Central,Illinois,Glenview,1,158.38,13.86,0.2,12/19/2015,Active,1
PR-18880,Patrick Ryan,Consumer,South,Florida,Saint Petersburg,1,31.98,2.0,0.2,9/5/2014,Active,1
PR-18880,Patrick Ryan,Consumer,South,Florida,Tampa,1,121.89,24.42,0.2,4/11/2015,Active,1
PR-18880,Patrick Ryan,Consumer,West,California,Oakland,1,1520.15,203.85,0.086,8/21/2017,Active,1
PR-18880,Patrick Ryan,Consumer,West,California,San Francisco,1,7.78,3.5,0.0,11/24/2017,Active,1
PS-18760,Pamela Stobb,Consumer,Central,Texas,El Paso,1,36.54,11.88,0.2,6/15/2014,Active,1
PS-18760,Pamela Stobb,Consumer,Central,Texas,San Antonio,1,610.16,-113.09,0.333,5/26/2015,Active,1
PS-18760,Pamela Stobb,Consumer,East,Massachusetts,Andover,1,435.85,124.19,0.0,3/9/2016,Active,1
PS-18760,Pamela Stobb,Consumer,East,Pennsylvania,Philadelphia,1,517.26,-226.01,0.55,9/14/2017,Active,1
PS-18760,Pamela Stobb,Consumer,West,California,Los Angeles,2,581.67,68.59,0.029,9/29/2016,Active,1
PS-18970,Paul Stevenson,Home Office,Central,Illinois,Chicago,1,213.12,-15.22,0.3,4/30/2015,Active,1
PS-18970,Paul Stevenson,Home Office,Central,Oklahoma,Tulsa,1,36.44,12.03,0.0,10/22/2017,Active,1
PS-18970,Paul Stevenson,Home Office,East,Maryland,Clinton,1,19.98,8.59,0.0,10/4/2017,Active,1
PS-18970,Paul Stevenson,Home Office,East,New York,New York City,1,8.0,3.44,0.0,5/9/2016,Active,1
PS-18970,Paul Stevenson,Home Office,South,Kentucky,Henderson,1,89.36,40.56,0.0,11/30/2015,Active,1
PS-18970,Paul Stevenson,Home Office,West,Arizona,Phoenix,1,191.97,16.8,0.2,5/11/2015,Active,1
PS-18970,Paul Stevenson,Home Office,West,California,Los Angeles,1,294.72,108.0,0.0,4/15/2014,Active,1
PS-18970,Paul Stevenson,Home Office,West,Washington,Seattle,1,425.06,24.32,0.05,3/21/2017,Active,1
PS-19045,Penelope Sewall,Home Office,Central,Michigan,Sterling Heights,1,79.36,20.63,0.0,2/22/2015,Active,1
PS-19045,Penelope Sewall,Home Office,East,Maine,Lewiston,1,106.08,32.27,0.0,6/13/2015,Active,1
PS-19045,Penelope Sewall,Home Office,East,New York,New York City,1,16.98,8.49,0.0,4/4/2017,Active,1
PS-19045,Penelope Sewall,Home Office,South,North Carolina,Charlotte,1,383.99,1.84,0.45,1/21/2017,Active,1
PS-19045,Penelope Sewall,Home Office,South,Virginia,Harrisonburg,1,2884.37,623.19,0.0,12/20/2014,Active,1
PS-19045,Penelope Sewall,Home Office,West,California,Los Angeles,1,3359.95,1049.98,0.2,5/8/2017,Active,1
PS-19045,Penelope Sewall,Home Office,West,California,Oceanside,1,12.9,6.32,0.0,11/7/2016,Active,1
PT-19090,Pete Takahito,Consumer,Central,Illinois,Chicago,1,2.11,-3.38,0.8,7/21/2017,Active,1
PT-19090,Pete Takahito,Consumer,Central,Texas,Houston,1,5.18,-8.03,0.8,9/12/2014,Active,1
PT-19090,Pete Takahito,Consumer,Central,Texas,San Antonio,1,93.46,-17.52,0.2,9/5/2016,Active,1
PT-19090,Pete Takahito,Consumer,South,Florida,Jacksonville,1,59.82,8.88,0.2,10/20/2017,Active,1
PV-18985,Paul Van Hugh,Home Office,Central,Texas,League City,1,554.17,-4.56,0.225,7/12/2014,Active,1
PV-18985,Paul Van Hugh,Home Office,Central,Wisconsin,Milwaukee,1,490.32,137.29,0.0,2/22/2016,Active,1
PV-18985,Paul Van Hugh,Home Office,East,Massachusetts,Cambridge,1,90.6,36.67,0.0,3/11/2017,Active,1
PV-18985,Paul Van Hugh,Home Office,West,California,Los Angeles,1,1687.26,246.81,0.1,10/2/2017,Active,1
PV-18985,Paul Van Hugh,Home Office,West,California,San Francisco,1,53.7,18.32,0.0,6/14/2016,Active,1
PW-19030,Pauline Webber,Corporate,Central,Iowa,Marion,1,115.84,54.44,0.0,12/2/2016,Active,1
PW-19030,Pauline Webber,Corporate,East,New York,New York City,2,1401.86,381.29,0.0,12/24/2016,Active,1
PW-19030,Pauline Webber,Corporate,East,New York,Rome,1,90.88,15.15,0.1,2/3/2015,Active,1
PW-19030,Pauline Webber,Corporate,East,New York,Watertown,1,96.36,25.05,0.0,11/14/2017,Active,1
PW-19030,Pauline Webber,Corporate,South,Florida,Pompano Beach,1,64.38,8.05,0.2,3/21/2017,Active,1
PW-19030,Pauline Webber,Corporate,South,Kentucky,Richmond,1,13.76,6.33,0.0,8/5/2017,Active,1
PW-19030,Pauline Webber,Corporate,West,California,Los Angeles,2,238.64,19.14,0.1,8/22/2016,Active,1
PW-19030,Pauline Webber,Corporate,West,Washington,Seattle,1,1433.19,294.36,0.0,6/27/2017,Active,1
PW-19240,Pierre Wener,Consumer,Central,Texas,Houston,1,408.42,-5.83,0.3,4/26/2015,Active,1
PW-19240,Pierre Wener,Consumer,East,Delaware,Wilmington,1,420.64,142.13,0.0,11/23/2015,Active,1
PW-19240,Pierre Wener,Consumer,East,Maryland,Columbia,1,2541.98,1270.99,0.0,2/21/2015,Active,1
PW-19240,Pierre Wener,Consumer,East,Pennsylvania,Philadelphia,1,7.87,0.89,0.2,9/22/2016,Active,1
PW-19240,Pierre Wener,Consumer,South,Florida,Pensacola,1,2.21,-1.48,0.7,7/29/2016,Active,1
PW-19240,Pierre Wener,Consumer,West,California,San Francisco,1,359.5,-29.61,0.15,12/3/2015,Active,1
PW-19240,Pierre Wener,Consumer,West,Colorado,Louisville,1,181.79,-86.73,0.35,11/18/2014,Active,1
QJ-19255,Quincy Jones,Corporate,Central,Illinois,Chicago,1,13.57,3.22,0.2,4/10/2016,Active,1
QJ-19255,Quincy Jones,Corporate,Central,Michigan,Detroit,1,204.08,78.88,0.05,6/1/2014,Active,1
QJ-19255,Quincy Jones,Corporate,Central,Minnesota,Saint Paul,1,114.95,2.3,0.0,12/8/2016,Active,1
QJ-19255,Quincy Jones,Corporate,East,New York,New York City,1,4.95,1.34,0.0,11/1/2015,Active,1
QJ-19255,Quincy Jones,Corporate,East,Pennsylvania,Philadelphia,2,818.1,-126.21,0.433,4/30/2017,Active,1
QJ-19255,Quincy Jones,Corporate,East,Vermont,Burlington,2,4609.93,1080.79,0.0,12/5/2017,Active,1
QJ-19255,Quincy Jones,Corporate,South,Virginia,Springfield,1,342.76,163.36,0.0,10/15/2016,Active,1
RA-19285,Ralph Arnett,Consumer,Central,Illinois,Peoria,1,3.98,-6.57,0.8,8/4/2016,Active,1
RA-19285,Ralph Arnett,Consumer,Central,Indiana,Richmond,1,11.36,5.57,0.0,8/13/2015,Active,1
RA-19285,Ralph Arnett,Consumer,Central,Texas,Houston,1,2.92,0.36,0.2,12/13/2014,Active,1
RA-19285,Ralph Arnett,Consumer,East,New York,New York City,2,462.78,81.69,0.067,6/30/2017,Active,1
RA-19285,Ralph Arnett,Consumer,East,Pennsylvania,Philadelphia,1,116.51,16.18,0.2,12/1/2017,Active,1
RA-19285,Ralph Arnett,Consumer,South,Florida,Lakeland,1,78.46,-9.98,0.2,10/23/2015,Active,1
RA-19285,Ralph Arnett,Consumer,West,California,Los Angeles,1,711.39,219.59,0.133,9/4/2017,Active,1
RA-19285,Ralph Arnett,Consumer,West,California,San Diego,1,1230.5,239.24,0.067,12/25/2015,Active,1
RA-19885,Ruben Ausman,Corporate,South,Alabama,Decatur,1,1215.92,316.14,0.0,4/8/2014,Active,1
RA-19885,Ruben Ausman,Corporate,South,Florida,Jacksonville,1,4.61,1.67,0.2,8/9/2015,Active,1
RA-19885,Ruben Ausman,Corporate,South,Georgia,Athens,1,286.09,84.44,0.0,11/17/2017,Active,1
RA-19885,Ruben Ausman,Corporate,South,Georgia,Columbus,1,1022.61,460.34,0.0,11/22/2014,Active,1
RA-19885,Ruben Ausman,Corporate,West,California,Los Angeles,1,77.88,3.89,0.0,7/17/2016,Active,1
RA-19885,Ruben Ausman,Corporate,West,California,San Francisco,1,1065.22,371.98,0.08,9/26/2017,Active,1
RA-19885,Ruben Ausman,Corporate,West,New Mexico,Farmington,1,159.99,54.4,0.0,11/5/2017,Active,1
RA-19915,Russell Applegate,Consumer,Central,Illinois,Chicago,1,5.25,1.64,0.2,6/30/2014,Active,1
RA-19915,Russell Applegate,Consumer,Central,Illinois,Highland Park,1,1454.84,-169.7,0.4,7/20/2015,Active,1
RA-19915,Russell Applegate,Consumer,Central,Indiana,Columbus,1,210.82,88.07,0.0,11/13/2015,Active,1
RA-19915,Russell Applegate,Consumer,Central,Texas,Dallas,1,228.19,-32.1,0.6,8/18/2017,Active,1
RA-19915,Russell Applegate,Consumer,Central,Texas,Houston,1,44.66,-36.52,0.6,4/28/2015,Active,1
RA-19915,Russell Applegate,Consumer,East,New York,New York City,1,48.94,24.47,0.0,9/30/2014,Active,1
RA-19915,Russell Applegate,Consumer,South,Georgia,Columbus,1,487.22,115.47,0.0,9/23/2016,Active,1
RA-19915,Russell Applegate,Consumer,West,California,Encinitas,1,286.48,61.24,0.117,12/18/2017,Active,1
RA-19915,Russell Applegate,Consumer,West,Colorado,Denver,1,2027.14,252.31,0.2,11/1/2014,Active,1
RA-19945,Ryan Akin,Consumer,Central,Texas,Dallas,1,321.39,-72.57,0.367,10/30/2017,Active,1
RA-19945,Ryan Akin,Consumer,East,Ohio,Cleveland,1,25.49,4.46,0.2,12/10/2015,Active,1
RA-19945,Ryan Akin,Consumer,South,Florida,Miami,1,709.04,-436.74,0.45,8/29/2014,Active,1
RA-19945,Ryan Akin,Consumer,West,California,Murrieta,1,484.65,92.08,0.0,8/27/2015,Active,1
RA-19945,Ryan Akin,Consumer,West,Colorado,Commerce City,1,146.35,-32.93,0.2,6/17/2017,Active,1
RB-19330,Randy Bradley,Consumer,Central,Texas,Austin,1,337.82,-74.31,0.35,10/23/2017,Active,1
RB-19330,Randy Bradley,Consumer,East,Pennsylvania,Philadelphia,1,670.38,-90.1,0.25,11/17/2014,Active,1
RB-19360,Raymond Buch,Consumer,Central,South Dakota,Sioux Falls,1,20.23,9.51,0.0,7/25/2017,Active,1
RB-19360,Raymond Buch,Consumer,East,New York,Auburn,1,560.78,116.35,0.0,4/1/2016,Active,1
RB-19360,Raymond Buch,Consumer,East,Ohio,Cincinnati,1,130.57,36.92,0.2,9/25/2017,Active,1
RB-19360,Raymond Buch,Consumer,South,Tennessee,Nashville,1,60.48,6.23,0.367,5/29/2016,Active,1
RB-19360,Raymond Buch,Consumer,West,California,San Francisco,1,292.8,72.62,0.067,7/14/2016,Active,1
RB-19360,Raymond Buch,Consumer,West,Washington,Seattle,1,14052.48,6734.47,0.0,3/23/2017,Active,1
RB-19435,Richard Bierner,Consumer,Central,Missouri,Saint Louis,1,111.79,43.6,0.0,11/24/2014,Active,1
RB-19435,Richard Bierner,Consumer,Central,Texas,Houston,1,32.78,-85.24,0.8,7/2/2015,Active,1
RB-19435,Richard Bierner,Consumer,East,New Jersey,Plainfield,1,798.93,355.88,0.0,12/11/2017,Active,1
RB-19435,Richard Bierner,Consumer,East,Ohio,Columbus,1,120.26,-84.79,0.7,10/10/2014,Active,1
RB-19435,Richard Bierner,Consumer,South,Virginia,Springfield,1,22.96,6.66,0.0,11/19/2017,Active,1
RB-19435,Richard Bierner,Consumer,West,California,Los Angeles,1,1272.7,104.25,0.133,11/25/2014,Active,1
RB-19435,Richard Bierner,Consumer,West,California,Roseville,1,7.98,2.07,0.0,3/11/2014,Active,1
RB-19435,Richard Bierner,Consumer,West,California,San Diego,1,295.68,134.81,0.0,3/29/2015,Active,1
RB-19465,Rick Bensley,Home Office,Central,Illinois,Chicago,2,745.75,167.47,0.34,8/29/2016,Active,1
RB-19465,Rick Bensley,Home Office,Central,Michigan,Detroit,1,487.96,146.39,0.0,6/22/2017,Active,1
RB-19465,Rick Bensley,Home Office,Central,Nebraska,Fremont,1,15.92,7.0,0.0,12/21/2017,Active,1
RB-19465,Rick Bensley,Home Office,Central,Oklahoma,Tulsa,1,643.78,178.27,0.0,9/7/2014,Active,1
RB-19465,Rick Bensley,Home Office,East,Connecticut,Milford,1,199.75,87.89,0.0,3/9/2016,Active,1
RB-19465,Rick Bensley,Home Office,East,New York,New York City,1,24.55,12.03,0.0,10/20/2017,Active,1
RB-19465,Rick Bensley,Home Office,East,Pennsylvania,Philadelphia,1,815.29,-339.7,0.4,8/21/2016,Active,1
RB-19465,Rick Bensley,Home Office,South,Florida,Tallahassee,1,270.73,51.44,0.2,5/5/2016,Active,1
RB-19465,Rick Bensley,Home Office,West,California,Los Angeles,1,172.26,14.36,0.0,12/16/2017,Active,1
RB-19465,Rick Bensley,Home Office,West,California,Vallejo,1,1064.62,277.8,0.1,5/20/2016,Active,1
RB-19465,Rick Bensley,Home Office,West,Washington,Seattle,1,274.86,37.6,0.133,7/4/2016,Active,1
RB-19570,Rob Beeghly,Consumer,Central,Illinois,Chicago,1,198.74,0.0,0.3,9/3/2016,Active,1
RB-19570,Rob Beeghly,Consumer,Central,Illinois,Saint Charles,1,30.34,-31.86,0.6,4/28/2016,Active,1
RB-19570,Rob Beeghly,Consumer,Central,Indiana,Columbus,1,199.73,74.84,0.0,12/5/2017,Active,1
RB-19570,Rob Beeghly,Consumer,South,North Carolina,Jacksonville,1,29.66,8.03,0.2,1/14/2017,Active,1
RB-19570,Rob Beeghly,Consumer,West,Washington,Seattle,1,70.06,25.87,0.1,9/15/2016,Active,1
RB-19645,Robert Barroso,Corporate,South,Georgia,Atlanta,1,9.96,4.88,0.0,11/22/2014,Active,1
RB-19645,Robert Barroso,Corporate,South,Tennessee,Memphis,1,94.69,28.42,0.2,12/18/2015,Active,1
RB-19645,Robert Barroso,Corporate,West,California,Los Angeles,1,49.57,17.35,0.2,8/23/2014,Active,1
RB-19645,Robert Barroso,Corporate,West,Montana,Billings,1,8.29,2.69,0.2,8/24/2014,Active,1
RB-19645,Robert Barroso,Corporate,West,Nevada,North Las Vegas,1,58.58,19.33,0.0,3/22/2016,Active,1
RB-19705,Roger Barcio,Home Office,Central,Texas,Houston,1,275.06,-90.38,0.3,12/26/2015,Active,1
RB-19705,Roger Barcio,Home Office,East,New York,New York City,2,1786.71,337.24,0.02,9/14/2017,Active,1
RB-19705,Roger Barcio,Home Office,West,Oregon,Portland,1,5.68,-3.79,0.7,11/6/2017,Active,1
RB-19795,Ross Baird,Home Office,Central,Michigan,Midland,1,15.28,7.49,0.0,6/3/2014,Active,1
RB-19795,Ross Baird,Home Office,East,Pennsylvania,Philadelphia,2,3655.11,-562.06,0.317,7/25/2015,Active,1
RB-19795,Ross Baird,Home Office,South,North Carolina,Charlotte,1,823.61,9.0,0.367,12/24/2016,Active,1
RB-19795,Ross Baird,Home Office,South,North Carolina,Gastonia,1,895.06,-14.74,0.325,4/15/2016,Active,1
RB-19795,Ross Baird,Home Office,West,California,Los Angeles,1,121.95,57.54,0.0,6/6/2016,Active,1
RB-19795,Ross Baird,Home Office,West,California,San Francisco,1,58.48,27.49,0.0,5/13/2017,Active,1
RB-19795,Ross Baird,Home Office,West,Colorado,Denver,1,63.82,13.56,0.2,10/5/2017,Active,1
RC-19825,Roy Collins,Consumer,Central,Illinois,Chicago,1,328.22,28.72,0.2,6/6/2016,Active,1
RC-19825,Roy Collins,Consumer,East,Connecticut,Fairfield,1,181.8,-15.58,0.3,1/15/2016,Active,1
RC-19825,Roy Collins,Consumer,South,Kentucky,Louisville,1,10.74,5.26,0.0,11/4/2016,Active,1
RC-19825,Roy Collins,Consumer,South,Virginia,Alexandria,1,24.56,6.88,0.0,12/5/2014,Active,1
RC-19825,Roy Collins,Consumer,West,California,Pasadena,1,409.76,36.17,0.08,6/20/2016,Active,1
RC-19825,Roy Collins,Consumer,West,Colorado,Colorado Springs,1,11.33,2.55,0.2,12/26/2016,Active,1
RC-19960,Ryan Crowe,Consumer,Central,Michigan,Grand Rapids,1,133.54,44.15,0.0,9/22/2016,Active,1
RC-19960,Ryan Crowe,Consumer,Central,Texas,Houston,1,99.57,33.6,0.2,9/11/2016,Active,1
RC-19960,Ryan Crowe,Consumer,East,Maryland,Baltimore,1,89.97,25.19,0.0,11/14/2016,Active,1
RC-19960,Ryan Crowe,Consumer,East,Ohio,Columbus,1,199.26,67.71,0.2,8/25/2014,Active,1
RC-19960,Ryan Crowe,Consumer,South,Florida,Jacksonville,1,34.5,6.04,0.2,9/11/2017,Active,1
RC-19960,Ryan Crowe,Consumer,West,Oregon,Springfield,1,328.91,-166.13,0.35,12/6/2014,Active,1
RD-19480,Rick Duston,Consumer,Central,Indiana,Mishawaka,1,128.4,64.2,0.0,3/4/2016,Active,1
RD-19480,Rick Duston,Consumer,Central,Indiana,Richmond,1,17.31,5.19,0.0,12/1/2016,Active,1
RD-19480,Rick Duston,Consumer,Central,Texas,Houston,1,16.68,5.21,0.2,10/19/2017,Active,1
RD-19480,Rick Duston,Consumer,East,New York,Long Beach,1,1745.36,109.52,0.1,6/8/2014,Active,1
RD-19480,Rick Duston,Consumer,West,California,San Diego,1,8.1,2.73,0.2,12/14/2015,Active,1
RD-19480,Rick Duston,Consumer,West,California,San Francisco,1,959.2,179.03,0.08,9/15/2017,Active,1
RD-19480,Rick Duston,Consumer,West,Nevada,Las Vegas,1,1196.32,92.02,0.133,5/20/2017,Active,1
RD-19480,Rick Duston,Consumer,West,Washington,Olympia,1,201.57,22.68,0.2,6/23/2015,Active,1
RD-19585,Rob Dowd,Consumer,Central,Iowa,Dubuque,1,263.96,76.55,0.0,11/8/2015,Active,1
RD-19585,Rob Dowd,Consumer,Central,Michigan,Detroit,1,49.44,24.23,0.0,11/22/2016,Active,1
RD-19585,Rob Dowd,Consumer,Central,Texas,Plano,1,167.97,62.99,0.2,7/3/2017,Active,1
RD-19585,Rob Dowd,Consumer,East,New York,New York City,1,5.22,2.4,0.0,1/29/2017,Active,1
RD-19585,Rob Dowd,Consumer,East,New York,Utica,1,79.99,28.8,0.0,8/8/2015,Active,1
RD-19585,Rob Dowd,Consumer,South,Georgia,Athens,1,1220.67,341.38,0.0,4/2/2014,Active,1
RD-19585,Rob Dowd,Consumer,South,Kentucky,Henderson,1,104.51,36.87,0.0,10/28/2015,Active,1
RD-19585,Rob Dowd,Consumer,West,California,Los Angeles,2,212.47,59.42,0.0,7/3/2017,Active,1
RD-19585,Rob Dowd,Consumer,West,California,Temecula,1,808.67,101.89,0.1,12/13/2015,Active,1
RD-19660,Robert Dilbeck,Home Office,Central,Missouri,Independence,1,1577.94,757.41,0.0,9/7/2017,Active,1
RD-19660,Robert Dilbeck,Home Office,Central,Missouri,Saint Peters,1,697.16,146.4,0.0,3/20/2016,Active,1
RD-19660,Robert Dilbeck,Home Office,East,Pennsylvania,Philadelphia,1,16.52,5.37,0.2,9/22/2016,Active,1
RD-19660,Robert Dilbeck,Home Office,West,California,Oakland,1,454.27,-73.82,0.2,10/24/2015,Active,1
RD-19660,Robert Dilbeck,Home Office,West,Washington,Seattle,1,40.74,0.41,0.0,4/12/2015,Active,1
RD-19720,Roger Demir,Consumer,Central,Illinois,Chicago,1,141.58,17.11,0.2,11/21/2016,Active,1
RD-19720,Roger Demir,Consumer,Central,Indiana,Lafayette,1,81.4,21.16,0.0,3/29/2017,Active,1
RD-19720,Roger Demir,Consumer,East,Connecticut,Middletown,1,299.96,65.96,0.0,3/20/2017,Active,1
RD-19720,Roger Demir,Consumer,East,New York,New York City,1,124.2,40.16,0.0,11/2/2014,Active,1
RD-19720,Roger Demir,Consumer,East,Pennsylvania,Philadelphia,1,11.09,-8.13,0.7,12/9/2017,Active,1
RD-19720,Roger Demir,Consumer,South,Florida,Daytona Beach,1,78.19,23.85,0.2,12/21/2015,Active,1
RD-19720,Roger Demir,Consumer,West,Arizona,Phoenix,1,13.81,-7.49,0.45,8/9/2014,Active,1
RD-19720,Roger Demir,Consumer,West,California,Morgan Hill,1,545.01,7.85,0.088,12/3/2016,Active,1
RD-19720,Roger Demir,Consumer,West,California,San Francisco,1,112.54,41.01,0.1,7/20/2014,Active,1
RD-19720,Roger Demir,Consumer,West,Washington,Seattle,1,11.96,5.86,0.0,5/10/2016,Active,1
RD-19810,Ross DeVincentis,Home Office,Central,Illinois,Chicago,1,512.37,146.29,0.3,2/3/2017,Active,1
RD-19810,Ross DeVincentis,Home Office,Central,Texas,Houston,1,168.17,20.56,0.5,9/2/2016,Active,1
RD-19810,Ross DeVincentis,Home Office,East,New York,New York City,1,32.4,15.55,0.0,6/7/2016,Active,1
RD-19810,Ross DeVincentis,Home Office,East,New York,Rochester,1,33.38,10.43,0.2,12/16/2017,Active,1
RD-19810,Ross DeVincentis,Home Office,East,Ohio,Akron,1,17.18,6.23,0.2,12/27/2016,Active,1
RD-19810,Ross DeVincentis,Home Office,South,Kentucky,Richmond,1,204.98,38.32,0.0,10/30/2017,Active,1
RD-19810,Ross DeVincentis,Home Office,South,North Carolina,Fayetteville,1,22.32,7.66,0.2,10/27/2014,Active,1
RD-19810,Ross DeVincentis,Home Office,West,California,Los Angeles,1,146.82,73.41,0.0,2/13/2016,Active,1
RD-19900,Ruben Dartt,Consumer,Central,Indiana,Bloomington,1,127.95,21.75,0.0,9/24/2016,Active,1
RD-19900,Ruben Dartt,Consumer,Central,Michigan,Dearborn Heights,1,770.61,50.84,0.0,4/5/2014,Active,1
RD-19900,Ruben Dartt,Consumer,East,Pennsylvania,Philadelphia,1,47.5,-1.19,0.2,11/19/2014,Active,1
RD-19900,Ruben Dartt,Consumer,West,California,San Diego,1,807.69,136.84,0.033,11/10/2014,Active,1
RD-19900,Ruben Dartt,Consumer,West,California,San Francisco,1,997.93,142.0,0.05,6/23/2016,Active,1
RD-19900,Ruben Dartt,Consumer,West,California,Thousand Oaks,1,15.98,1.2,0.2,3/22/2015,Active,1
RD-19900,Ruben Dartt,Consumer,West,New Mexico,Carlsbad,1,28.4,13.35,0.0,11/16/2016,Active,1
RD-19900,Ruben Dartt,Consumer,West,Oregon,Portland,1,317.62,82.84,0.2,9/7/2017,Active,1
RD-19900,Ruben Dartt,Consumer,West,Washington,Bellevue,1,20.24,7.89,0.0,5/26/2015,Active,1
RD-19930,Russell D'Ascenzo,Consumer,Central,Illinois,Chicago,1,182.97,-4.63,0.25,11/18/2017,Active,1
RD-19930,Russell D'Ascenzo,Consumer,Central,Texas,Austin,1,106.1,23.97,0.2,4/10/2017,Active,1
RD-19930,Russell D'Ascenzo,Consumer,Central,Texas,Dallas,1,57.91,-23.28,0.4,10/3/2014,Active,1
RD-19930,Russell D'Ascenzo,Consumer,West,California,Los Angeles,1,623.96,39.0,0.2,7/25/2015,Active,1
RE-19405,Ricardo Emerson,Consumer,East,Ohio,Kent,1,48.36,6.04,0.2,12/29/2014,Active,1
RE-19450,Richard Eichhorn,Consumer,Central,Illinois,Decatur,1,210.18,-24.87,0.333,6/3/2014,Active,1
RE-19450,Richard Eichhorn,Consumer,Central,Texas,Dallas,1,26.88,9.74,0.2,3/3/2017,Active,1
RE-19450,Richard Eichhorn,Consumer,Central,Wisconsin,Eau Claire,1,435.54,163.92,0.0,12/27/2015,Active,1
RE-19450,Richard Eichhorn,Consumer,East,New York,Auburn,1,29.61,13.32,0.0,7/14/2016,Active,1
RE-19450,Richard Eichhorn,Consumer,West,California,Oakland,1,174.49,47.11,0.0,8/15/2015,Active,1
RF-19345,Randy Ferguson,Corporate,Central,Illinois,Chicago,1,11.95,3.88,0.2,12/5/2016,Active,1
RF-19345,Randy Ferguson,Corporate,East,New Hampshire,Dover,1,211.66,81.4,0.0,5/20/2014,Active,1
RF-19345,Randy Ferguson,Corporate,East,New York,New York City,1,33.55,12.58,0.2,9/16/2014,Active,1
RF-19345,Randy Ferguson,Corporate,South,Florida,Miami,1,10.08,3.53,0.2,3/4/2016,Active,1
RF-19345,Randy Ferguson,Corporate,South,Florida,Orlando,1,6.64,-4.43,0.7,11/30/2014,Active,1
RF-19345,Randy Ferguson,Corporate,South,Georgia,East Point,1,268.4,102.01,0.0,6/23/2015,Active,1
RF-19345,Randy Ferguson,Corporate,South,Georgia,Marietta,1,2673.69,431.2,0.0,11/28/2016,Active,1
RF-19345,Randy Ferguson,Corporate,West,Arizona,Phoenix,1,93.17,3.53,0.45,12/13/2014,Active,1
RF-19735,Roland Fjeld,Consumer,Central,Illinois,Chicago,1,359.98,36.0,0.2,6/28/2016,Active,1
RF-19735,Roland Fjeld,Consumer,Central,Michigan,Trenton,1,275.65,107.69,0.0,10/2/2017,Active,1
RF-19735,Roland Fjeld,Consumer,Central,Oklahoma,Oklahoma City,1,935.74,283.57,0.0,7/29/2017,Active,1
RF-19735,Roland Fjeld,Consumer,East,New York,New York City,1,21.93,10.31,0.0,4/18/2015,Active,1
RF-19735,Roland Fjeld,Consumer,South,South Carolina,Columbia,1,62.91,22.65,0.0,8/6/2014,Active,1
RF-19735,Roland Fjeld,Consumer,West,California,San Diego,1,519.96,176.79,0.0,7/18/2015,Active,1
RF-19735,Roland Fjeld,Consumer,West,California,San Jose,1,165.13,74.62,0.0,8/26/2016,Active,1
RF-19840,Roy Französisch,Consumer,Central,Texas,San Antonio,1,49.63,4.96,0.2,11/12/2014,Active,1
RF-19840,Roy Französisch,Consumer,East,New York,New York City,2,42.27,9.76,0.0,12/29/2015,Active,1
RF-19840,Roy Französisch,Consumer,East,Ohio,Columbus,1,13.71,-10.05,0.7,4/16/2017,Active,1
RF-19840,Roy Französisch,Consumer,South,Georgia,Columbus,1,40.05,11.21,0.0,12/17/2014,Active,1
RF-19840,Roy Französisch,Consumer,South,Virginia,Chesapeake,1,233.48,63.04,0.0,4/18/2016,Active,1
RF-19840,Roy Französisch,Consumer,South,Virginia,Springfield,1,125.92,62.51,0.0,8/13/2016,Active,1
RF-19840,Roy Französisch,Consumer,West,California,Pasadena,1,440.16,138.59,0.0,12/12/2016,Active,1
RH-19495,Rick Hansen,Consumer,Central,Minnesota,Rochester,1,20.16,9.88,0.0,9/21/2017,Active,1
RH-19495,Rick Hansen,Consumer,East,New York,New York City,2,3491.71,515.58,0.08,8/23/2014,Active,1
RH-19495,Rick Hansen,Consumer,South,Florida,Orlando,1,20.74,7.26,0.2,8/12/2017,Active,1
RH-19495,Rick Hansen,Consumer,West,Colorado,Denver,1,88.77,31.07,0.2,11/28/2017,Active,1
RH-19510,Rick Huthwaite,Home Office,Central,Kansas,Manhattan,1,273.96,10.96,0.0,11/16/2014,Active,1
RH-19510,Rick Huthwaite,Home Office,East,Rhode Island,Providence,1,2545.12,757.56,0.0,9/19/2016,Active,1
RH-19510,Rick Huthwaite,Home Office,West,California,Los Angeles,1,3384.45,382.83,0.1,3/10/2016,Active,1
RH-19510,Rick Huthwaite,Home Office,West,California,San Diego,1,555.96,41.7,0.2,8/31/2015,Active,1
RH-19510,Rick Huthwaite,Home Office,West,California,San Francisco,1,175.29,83.97,0.0,9/27/2015,Active,1
RH-19510,Rick Huthwaite,Home Office,West,Utah,Provo,1,44.4,12.43,0.0,7/15/2016,Active,1
RH-19555,Ritsa Hightower,Consumer,South,Florida,Tallahassee,1,8.23,-6.03,0.7,12/4/2015,Active,1
RH-19555,Ritsa Hightower,Consumer,South,North Carolina,Charlotte,1,732.16,6.34,0.45,7/29/2016,Active,1
RH-19600,Rob Haberlin,Consumer,Central,Illinois,Carol Stream,1,1305.81,-39.87,0.24,7/2/2015,Active,1
RH-19600,Rob Haberlin,Consumer,South,Alabama,Huntsville,1,29.0,7.25,0.0,7/14/2016,Active,1
RH-19600,Rob Haberlin,Consumer,South,Virginia,Hampton,1,750.93,205.24,0.0,11/8/2015,Active,1
RK-19300,Ralph Kennedy,Consumer,Central,Indiana,South Bend,1,1238.33,279.55,0.0,7/20/2015,Active,1
RK-19300,Ralph Kennedy,Consumer,East,New York,Rochester,1,209.67,-13.98,0.4,10/12/2015,Active,1
RK-19300,Ralph Kennedy,Consumer,East,Pennsylvania,Philadelphia,1,12.19,4.11,0.2,9/2/2017,Active,1
RL-19615,Rob Lucas,Consumer,Central,Illinois,Chicago,2,3172.71,92.03,0.32,9/2/2016,Active,1
RL-19615,Rob Lucas,Consumer,East,Pennsylvania,Philadelphia,1,1344.84,-62.29,0.283,7/7/2017,Active,1
RL-19615,Rob Lucas,Consumer,South,Alabama,Montgomery,1,1002.7,285.76,0.0,5/29/2016,Active,1
RL-19615,Rob Lucas,Consumer,South,North Carolina,Fayetteville,1,229.54,83.21,0.2,8/31/2017,Active,1
RL-19615,Rob Lucas,Consumer,West,California,Los Angeles,3,485.12,89.44,0.03,5/22/2017,Active,1
RM-19375,Raymond Messe,Consumer,Central,Texas,Houston,1,46.86,7.62,0.2,5/11/2014,Active,1
RM-19375,Raymond Messe,Consumer,East,Connecticut,Meriden,1,21.4,6.21,0.0,6/21/2014,Active,1
RM-19375,Raymond Messe,Consumer,East,Vermont,Burlington,1,637.18,196.32,0.0,1/19/2017,Active,1
RM-19375,Raymond Messe,Consumer,South,Georgia,Columbus,1,354.9,88.72,0.0,4/8/2016,Active,1
RM-19375,Raymond Messe,Consumer,South,North Carolina,Raleigh,1,177.48,19.97,0.2,11/30/2015,Active,1
RM-19375,Raymond Messe,Consumer,West,California,San Jose,1,215.65,73.32,0.0,7/7/2016,Active,1
RM-19675,Robert Marley,Home Office,East,Massachusetts,Cambridge,1,334.43,103.92,0.0,10/1/2015,Active,1
RM-19675,Robert Marley,Home Office,East,New York,New York City,1,80.62,19.85,0.05,11/14/2014,Active,1
RM-19675,Robert Marley,Home Office,South,Louisiana,Monroe,1,682.91,180.27,0.0,11/19/2014,Active,1
RM-19675,Robert Marley,Home Office,West,California,Los Angeles,2,4881.13,1598.51,0.1,12/24/2017,Active,1
RM-19750,Roland Murray,Consumer,East,New York,New York City,1,98.35,28.69,0.0,3/6/2017,Active,1
RO-19780,Rose O'Brian,Consumer,Central,Illinois,Chicago,1,531.89,-11.16,0.25,9/24/2017,Active,1
RO-19780,Rose O'Brian,Consumer,Central,Texas,Houston,1,1240.42,-162.94,0.375,11/25/2017,Active,1
RO-19780,Rose O'Brian,Consumer,South,Tennessee,Clarksville,1,1635.02,-1053.36,0.45,12/4/2015,Active,1
RO-19780,Rose O'Brian,Consumer,South,Tennessee,Memphis,1,189.88,-94.94,0.4,3/18/2016,Active,1
RO-19780,Rose O'Brian,Consumer,South,Virginia,Arlington,1,173.94,50.44,0.0,12/6/2015,Active,1
RO-19780,Rose O'Brian,Consumer,West,California,San Francisco,1,29.74,4.46,0.0,11/10/2016,Active,1
RO-19780,Rose O'Brian,Consumer,West,Washington,Seattle,1,14.59,4.92,0.2,5/12/2015,Active,1
RP-19270,Rachel Payne,Corporate,Central,Texas,Houston,1,467.65,-91.22,0.38,8/6/2015,Active,1
RP-19270,Rachel Payne,Corporate,West,California,Riverside,1,147.44,41.19,0.0,12/13/2015,Active,1
RP-19270,Rachel Payne,Corporate,West,California,San Francisco,1,306.11,97.87,0.12,10/19/2014,Active,1
RP-19270,Rachel Payne,Corporate,West,Washington,Seattle,1,33.44,11.7,0.2,8/21/2016,Active,1
RP-19390,Resi Pölking,Consumer,Central,Texas,Houston,1,5.63,-9.7,0.8,4/21/2017,Active,1
RP-19390,Resi Pölking,Consumer,Central,Wisconsin,Madison,1,2854.48,686.47,0.0,12/1/2014,Active,1
RP-19390,Resi Pölking,Consumer,East,Connecticut,Fairfield,1,11.64,3.38,0.0,11/3/2014,Active,1
RP-19390,Resi Pölking,Consumer,East,Maryland,Baltimore,1,116.28,56.98,0.0,5/24/2014,Active,1
RP-19390,Resi Pölking,Consumer,East,New York,New York City,3,611.71,210.74,0.114,8/19/2016,Active,1
RP-19390,Resi Pölking,Consumer,East,Ohio,Cleveland,1,30.36,8.73,0.2,12/24/2014,Active,1
RP-19390,Resi Pölking,Consumer,East,Pennsylvania,Philadelphia,1,3.55,0.44,0.2,3/1/2015,Active,1
RP-19390,Resi Pölking,Consumer,West,Arizona,Phoenix,1,946.76,-694.29,0.7,12/27/2014,Active,1
RP-19390,Resi Pölking,Consumer,West,Colorado,Thornton,1,10.94,0.96,0.2,10/2/2015,Active,1
RP-19390,Resi Pölking,Consumer,West,Washington,Seattle,1,561.73,201.55,0.0,9/13/2014,Active,1
RP-19855,Roy Phan,Corporate,Central,Indiana,Lafayette,1,21.4,6.21,0.0,5/19/2016,Active,1
RP-19855,Roy Phan,Corporate,Central,Minnesota,Woodbury,1,535.41,160.62,0.0,9/4/2016,Active,1
RP-19855,Roy Phan,Corporate,Central,Texas,Houston,1,12.16,2.13,0.2,12/2/2017,Active,1
RP-19855,Roy Phan,Corporate,Central,Wisconsin,Kenosha,1,974.9,287.37,0.0,2/15/2015,Active,1
RP-19855,Roy Phan,Corporate,South,Florida,Apopka,1,29.97,-23.78,0.7,5/17/2016,Active,1
RP-19855,Roy Phan,Corporate,South,Kentucky,Richmond,1,115.36,56.53,0.0,4/5/2014,Active,1
RP-19855,Roy Phan,Corporate,West,California,Los Angeles,1,351.92,87.84,0.1,9/28/2015,Active,1
RP-19855,Roy Phan,Corporate,West,Washington,Seattle,1,129.6,17.68,0.0,5/27/2017,Active,1
RR-19315,Ralph Ritter,Consumer,Central,Illinois,Aurora,1,608.55,-77.3,0.367,12/11/2017,Active,1
RR-19315,Ralph Ritter,Consumer,West,California,San Francisco,1,7.38,3.47,0.0,11/14/2016,Active,1
RR-19525,Rick Reed,Corporate,Central,Kansas,Overland Park,1,373.94,99.94,0.0,7/13/2017,Active,1
RR-19525,Rick Reed,Corporate,East,Massachusetts,Lowell,1,2304.37,543.57,0.0,9/9/2014,Active,1
RR-19525,Rick Reed,Corporate,East,New York,New York City,1,36.48,18.24,0.0,2/28/2016,Active,1
RR-19525,Rick Reed,Corporate,East,Ohio,Toledo,1,243.88,27.44,0.2,7/25/2016,Active,1
RR-19525,Rick Reed,Corporate,South,North Carolina,Cary,1,246.17,21.54,0.2,12/15/2015,Active,1
RR-19525,Rick Reed,Corporate,South,Tennessee,Nashville,1,97.42,10.96,0.2,12/5/2015,Active,1
RS-19420,Ricardo Sperren,Corporate,East,Connecticut,Fairfield,1,13.05,6.0,0.0,10/15/2017,Active,1
RS-19420,Ricardo Sperren,Corporate,East,Connecticut,Meriden,1,1217.38,318.93,0.0,8/5/2014,Active,1
RS-19420,Ricardo Sperren,Corporate,South,Virginia,Suffolk,1,1065.84,213.73,0.0,7/15/2017,Active,1
RS-19420,Ricardo Sperren,Corporate,West,California,Los Angeles,1,32.04,14.42,0.0,5/9/2016,Active,1
RS-19420,Ricardo Sperren,Corporate,West,Washington,Seattle,1,892.98,80.37,0.0,1/8/2017,Active,1
RS-19765,Roland Schwarz,Corporate,Central,Texas,Waco,1,0.56,-0.95,0.8,3/2/2017,Active,1
RS-19765,Roland Schwarz,Corporate,East,New York,Mount Vernon,1,889.29,313.03,0.0,5/19/2017,Active,1
RS-19765,Roland Schwarz,Corporate,East,Ohio,Marion,1,116.83,33.59,0.2,9/8/2017,Active,1
RS-19765,Roland Schwarz,Corporate,South,North Carolina,Charlotte,1,16.71,5.01,0.2,7/5/2015,Active,1
RS-19765,Roland Schwarz,Corporate,South,South Carolina,Columbia,1,752.92,224.04,0.0,4/7/2014,Active,1
RS-19765,Roland Schwarz,Corporate,South,South Carolina,Summerville,1,406.94,196.91,0.0,11/24/2017,Active,1
RS-19765,Roland Schwarz,Corporate,West,California,Los Angeles,2,1976.52,434.75,0.067,12/6/2014,Active,1
RS-19870,Roy Skaria,Home Office,Central,Iowa,Burlington,1,12.68,6.09,0.0,12/11/2017,Active,1
RS-19870,Roy Skaria,Home Office,East,Pennsylvania,Philadelphia,1,9.65,3.5,0.2,6/7/2016,Active,1
RW-19540,Rick Wilson,Corporate,Central,Michigan,Detroit,1,2049.53,568.13,0.025,5/7/2017,Active,1
RW-19540,Rick Wilson,Corporate,West,Arizona,Mesa,1,1044.08,-126.53,0.343,9/26/2015,Active,1
RW-19540,Rick Wilson,Corporate,West,California,Brentwood,1,3397.73,902.07,0.086,8/17/2017,Active,1
RW-19540,Rick Wilson,Corporate,West,California,Los Angeles,3,307.9,93.77,0.0,9/19/2015,Active,1
RW-19540,Rick Wilson,Corporate,West,Washington,Seattle,1,598.16,149.19,0.0,9/1/2017,Active,1
RW-19630,Rob Williams,Corporate,Central,Illinois,Chicago,1,43.96,-11.65,0.4,12/9/2016,Active,1
RW-19630,Rob Williams,Corporate,Central,Kansas,Overland Park,1,186.95,85.3,0.0,11/27/2016,Active,1
RW-19630,Rob Williams,Corporate,Central,Michigan,Detroit,1,6.08,3.04,0.0,6/28/2014,Active,1
RW-19630,Rob Williams,Corporate,Central,Missouri,Columbia,1,77.21,27.74,0.0,12/31/2014,Active,1
RW-19630,Rob Williams,Corporate,Central,Texas,Dallas,1,162.34,49.59,0.2,3/5/2016,Active,1
RW-19630,Rob Williams,Corporate,East,New York,New York City,1,65.99,17.16,0.0,10/2/2017,Active,1
RW-19630,Rob Williams,Corporate,West,California,San Francisco,1,715.64,178.91,0.0,7/30/2016,Active,1
RW-19630,Rob Williams,Corporate,West,California,Torrance,1,1120.37,44.0,0.2,12/13/2016,Active,1
RW-19630,Rob Williams,Corporate,West,Washington,Seattle,1,901.2,304.75,0.1,4/13/2017,Active,1
RW-19690,Robert Waldorf,Consumer,Central,Indiana,Lafayette,1,283.18,135.98,0.0,3/21/2017,Active,1
RW-19690,Robert Waldorf,Consumer,Central,Missouri,Springfield,1,808.92,125.31,0.0,9/10/2017,Active,1
RW-19690,Robert Waldorf,Consumer,East,Pennsylvania,Philadelphia,1,1958.54,316.54,0.2,1/15/2017,Active,1
RW-19690,Robert Waldorf,Consumer,South,North Carolina,Wilmington,1,3.28,-2.63,0.7,5/30/2016,Active,1
RW-19690,Robert Waldorf,Consumer,West,California,Los Angeles,1,441.72,132.34,0.0,10/12/2017,Active,1
SA-20830,Sue Ann Reed,Consumer,Central,Illinois,Chicago,2,2743.01,344.2,0.2,4/3/2017,Active,1
SA-20830,Sue Ann Reed,Consumer,East,Massachusetts,Everett,1,21.93,10.31,0.0,10/28/2017,Active,1
SA-20830,Sue Ann Reed,Consumer,South,Florida,Daytona Beach,1,194.14,-76.18,0.325,4/26/2015,Active,1
SA-20830,Sue Ann Reed,Consumer,South,Florida,Jacksonville,1,284.19,79.62,0.367,4/9/2017,Active,1
SA-20830,Sue Ann Reed,Consumer,South,Virginia,Richmond,1,535.36,174.26,0.0,6/26/2015,Active,1
SA-20830,Sue Ann Reed,Consumer,West,California,Fresno,1,770.21,35.79,0.15,3/19/2017,Active,1
SA-20830,Sue Ann Reed,Consumer,West,California,Moreno Valley,1,19.44,9.33,0.0,2/22/2014,Active,1
SA-20830,Sue Ann Reed,Consumer,West,California,San Jose,1,133.12,49.92,0.2,5/19/2017,Active,1
SA-20830,Sue Ann Reed,Consumer,West,Oregon,Redmond,1,65.94,-17.11,0.367,12/22/2016,Active,1
SB-20170,Sarah Bern,Consumer,Central,Illinois,Chicago,1,38.57,-33.39,0.5,6/6/2014,Active,1
SB-20170,Sarah Bern,Consumer,East,New York,New York City,1,954.55,173.31,0.075,6/12/2017,Active,1
SB-20170,Sarah Bern,Consumer,West,California,Los Angeles,1,354.9,17.74,0.0,2/9/2017,Active,1
SB-20185,Sarah Brown,Consumer,Central,Illinois,Chicago,1,504.55,-67.02,0.25,9/20/2014,Active,1
SB-20185,Sarah Brown,Consumer,Central,Illinois,Evanston,1,1483.53,481.09,0.2,4/16/2015,Active,1
SB-20185,Sarah Brown,Consumer,East,New Hampshire,Concord,1,68.62,32.25,0.0,9/25/2015,Active,1
SB-20185,Sarah Brown,Consumer,East,New York,New York City,1,400.78,-5.01,0.2,6/25/2017,Active,1
SB-20185,Sarah Brown,Consumer,West,California,Los Angeles,1,3862.1,425.82,0.1,5/22/2015,Active,1
SB-20185,Sarah Brown,Consumer,West,Washington,Kent,1,91.42,18.33,0.1,6/12/2017,Active,1
SB-20290,Sean Braxton,Corporate,Central,Texas,Houston,1,5579.94,-761.99,0.4,9/19/2014,Active,1
SB-20290,Sean Braxton,Corporate,East,Ohio,Kent,1,103.97,16.89,0.2,11/18/2016,Active,1
SB-20290,Sean Braxton,Corporate,East,Ohio,Springfield,1,725.08,-934.31,0.533,11/13/2017,Active,1
SB-20290,Sean Braxton,Corporate,East,Pennsylvania,Philadelphia,1,539.07,-561.14,0.375,9/7/2014,Active,1
SB-20290,Sean Braxton,Corporate,South,Kentucky,Henderson,1,158.71,50.79,0.0,5/9/2014,Active,1
SB-20290,Sean Braxton,Corporate,South,South Carolina,Florence,1,685.26,27.25,0.0,9/9/2017,Active,1
SB-20290,Sean Braxton,Corporate,West,California,San Diego,1,265.86,79.76,0.0,9/11/2015,Active,1
SC-20020,Sam Craven,Consumer,Central,Michigan,Midland,1,1194.87,299.8,0.0,11/10/2014,Active,1
SC-20020,Sam Craven,Consumer,Central,Texas,Houston,2,236.98,-439.79,0.4,4/2/2014,Active,1
SC-20020,Sam Craven,Consumer,Central,Texas,Plano,1,1353.53,-220.38,0.331,6/20/2014,Active,1
SC-20020,Sam Craven,Consumer,East,Pennsylvania,Philadelphia,1,577.58,43.32,0.2,11/10/2015,Active,1
SC-20050,Sample Company A,Home Office,Central,Michigan,Jackson,1,377.97,94.49,0.0,6/13/2016,Active,1
SC-20050,Sample Company A,Home Office,Central,Texas,Arlington,1,11.65,-17.47,0.8,9/30/2017,Active,1
SC-20050,Sample Company A,Home Office,Central,Texas,Lubbock,1,11.36,-17.05,0.8,4/11/2017,Active,1
SC-20050,Sample Company A,Home Office,East,Connecticut,Norwich,1,22.2,9.1,0.0,5/31/2015,Active,1
SC-20050,Sample Company A,Home Office,South,Florida,Hialeah,1,392.83,16.16,0.2,11/24/2016,Active,1
SC-20050,Sample Company A,Home Office,South,Kentucky,Henderson,1,27.58,11.58,0.0,11/20/2017,Active,1
SC-20050,Sample Company A,Home Office,West,California,Burbank,1,3247.16,764.53,0.067,3/18/2014,Active,1
SC-20050,Sample Company A,Home Office,West,California,La Mesa,1,367.53,114.39,0.1,9/3/2017,Active,1
SC-20050,Sample Company A,Home Office,West,California,Los Angeles,1,166.29,36.0,0.1,1/31/2016,Active,1
SC-20095,Sanjit Chand,Consumer,Central,Minnesota,Minneapolis,1,9900.19,4668.69,0.0,9/23/2014,Active,1
SC-20095,Sanjit Chand,Consumer,East,Massachusetts,Quincy,1,12.7,5.84,0.0,1/15/2017,Active,1
SC-20095,Sanjit Chand,Consumer,South,Arkansas,Fayetteville,1,1793.98,843.17,0.0,9/2/2014,Active,1
SC-20095,Sanjit Chand,Consumer,South,Florida,Margate,1,15.55,2.33,0.2,3/4/2014,Active,1
SC-20095,Sanjit Chand,Consumer,West,California,Concord,1,129.57,-24.29,0.2,2/12/2014,Active,1
SC-20095,Sanjit Chand,Consumer,West,California,Costa Mesa,1,686.24,163.2,0.1,7/25/2016,Active,1
SC-20095,Sanjit Chand,Consumer,West,California,Los Angeles,2,1347.75,5.78,0.067,5/16/2016,Active,1
SC-20095,Sanjit Chand,Consumer,West,Utah,West Jordan,1,256.35,92.68,0.05,11/8/2015,Active,1
SC-20230,Scot Coram,Corporate,Central,Texas,Arlington,1,911.26,111.53,0.2,7/8/2016,Active,1
SC-20230,Scot Coram,Corporate,East,Massachusetts,Lowell,1,105.52,48.54,0.0,6/6/2016,Active,1
SC-20230,Scot Coram,Corporate,West,California,Los Angeles,1,3339.12,275.9,0.114,8/21/2016,Active,1
SC-20230,Scot Coram,Corporate,West,Washington,Seattle,1,16.06,4.18,0.0,8/3/2017,Active,1
SC-20260,Scott Cohen,Corporate,Central,Texas,Arlington,1,33.62,-90.77,0.8,3/31/2017,Active,1
SC-20260,Scott Cohen,Corporate,Central,Texas,Corpus Christi,1,31.41,-19.63,0.45,9/14/2014,Active,1
SC-20260,Scott Cohen,Corporate,East,Massachusetts,Lawrence,1,6.68,2.0,0.0,1/17/2015,Active,1
SC-20260,Scott Cohen,Corporate,East,New York,New York City,1,913.17,291.03,0.05,6/26/2017,Active,1
SC-20260,Scott Cohen,Corporate,South,Florida,Jacksonville,1,79.96,27.99,0.2,3/31/2015,Active,1
SC-20260,Scott Cohen,Corporate,West,California,San Francisco,2,1977.51,347.25,0.11,8/31/2015,Active,1
SC-20260,Scott Cohen,Corporate,West,Washington,Seattle,1,687.45,113.14,0.0,4/6/2014,Active,1
SC-20305,Sean Christensen,Consumer,Central,Illinois,Chicago,1,52.06,17.27,0.2,8/28/2017,Active,1
SC-20305,Sean Christensen,Consumer,Central,Indiana,Lawrence,1,155.34,55.92,0.0,4/23/2017,Active,1
SC-20305,Sean Christensen,Consumer,Central,Michigan,Rochester Hills,1,132.52,54.33,0.0,6/10/2017,Active,1
SC-20305,Sean Christensen,Consumer,Central,Texas,Beaumont,1,328.59,93.4,0.4,12/16/2014,Active,1
SC-20305,Sean Christensen,Consumer,East,Pennsylvania,Philadelphia,1,422.91,-28.92,0.4,12/1/2017,Active,1
SC-20305,Sean Christensen,Consumer,West,California,Los Angeles,1,2803.92,0.0,0.2,1/27/2015,Active,1
SC-20305,Sean Christensen,Consumer,West,California,San Jose,1,83.72,37.15,0.0,12/24/2016,Active,1
SC-20380,Shahid Collister,Consumer,Central,Texas,El Paso,1,574.19,-61.16,0.325,3/1/2014,Active,1
SC-20380,Shahid Collister,Consumer,Central,Texas,Houston,1,15.62,-25.0,0.8,9/26/2016,Active,1
SC-20380,Shahid Collister,Consumer,East,Connecticut,Fairfield,1,523.16,148.86,0.0,3/13/2017,Active,1
SC-20380,Shahid Collister,Consumer,East,New York,New York City,1,14.91,4.62,0.0,8/24/2015,Active,1
SC-20380,Shahid Collister,Consumer,South,Florida,Pembroke Pines,1,119.18,37.77,0.45,2/3/2017,Active,1
SC-20380,Shahid Collister,Consumer,South,Georgia,Atlanta,1,2361.52,617.56,0.0,5/19/2017,Active,1
SC-20380,Shahid Collister,Consumer,South,North Carolina,Burlington,1,2165.66,-571.69,0.3,11/30/2017,Active,1
SC-20380,Shahid Collister,Consumer,West,Idaho,Boise,1,89.97,37.79,0.0,9/17/2017,Active,1
SC-20380,Shahid Collister,Consumer,West,Washington,Seattle,1,128.32,47.91,0.1,7/11/2015,Active,1
SC-20440,Shaun Chance,Corporate,East,Massachusetts,New Bedford,1,52.2,23.49,0.0,8/17/2015,Active,1
SC-20440,Shaun Chance,Corporate,East,New York,New York City,1,40.18,14.56,0.2,9/22/2017,Active,1
SC-20440,Shaun Chance,Corporate,East,Pennsylvania,Lancaster,2,462.51,-10.27,0.425,11/24/2017,Active,1
SC-20440,Shaun Chance,Corporate,East,Pennsylvania,Philadelphia,1,7.66,-6.12,0.7,9/4/2015,Active,1
SC-20440,Shaun Chance,Corporate,West,California,Los Angeles,1,1173.03,340.48,0.0,9/24/2015,Active,1
SC-20440,Shaun Chance,Corporate,West,Colorado,Aurora,1,139.42,17.43,0.2,10/1/2015,Active,1
SC-20575,Sonia Cooley,Consumer,Central,Illinois,Chicago,1,2.3,-3.9,0.8,8/19/2017,Active,1
SC-20575,Sonia Cooley,Consumer,Central,Indiana,Mishawaka,1,647.84,32.39,0.0,6/16/2014,Active,1
SC-20575,Sonia Cooley,Consumer,East,Rhode Island,Cranston,1,102.93,48.38,0.0,6/24/2017,Active,1
SC-20575,Sonia Cooley,Consumer,South,Florida,Miami,1,50.46,-2.43,0.533,10/9/2015,Active,1
SC-20575,Sonia Cooley,Consumer,West,California,Los Angeles,1,99.2,25.79,0.0,9/29/2017,Active,1
SC-20680,Steve Carroll,Home Office,Central,Michigan,Holland,1,130.36,63.06,0.0,7/28/2016,Active,1
SC-20680,Steve Carroll,Home Office,Central,Oklahoma,Broken Arrow,1,821.94,213.7,0.0,9/24/2015,Active,1
SC-20680,Steve Carroll,Home Office,South,Georgia,Columbus,1,71.98,15.12,0.0,8/26/2017,Active,1
SC-20680,Steve Carroll,Home Office,West,California,San Francisco,1,101.57,31.52,0.0,11/21/2014,Active,1
SC-20680,Steve Carroll,Home Office,West,Washington,Seattle,2,128.79,46.76,0.0,12/17/2016,Active,1
SC-20695,Steve Chapman,Corporate,Central,Indiana,Richmond,2,891.5,290.43,0.0,8/10/2017,Active,1
SC-20695,Steve Chapman,Corporate,Central,Michigan,Detroit,1,114.2,52.53,0.0,12/16/2014,Active,1
SC-20695,Steve Chapman,Corporate,Central,Michigan,Roseville,1,68.52,31.52,0.0,9/12/2016,Active,1
SC-20695,Steve Chapman,Corporate,Central,Missouri,Saint Louis,1,52.59,15.78,0.0,7/31/2015,Active,1
SC-20695,Steve Chapman,Corporate,Central,Texas,Houston,1,37.21,-94.88,0.8,10/2/2017,Active,1
SC-20695,Steve Chapman,Corporate,Central,Wisconsin,La Crosse,1,773.59,243.67,0.0,9/25/2016,Active,1
SC-20695,Steve Chapman,Corporate,East,Ohio,Springfield,1,73.54,9.19,0.2,12/11/2016,Active,1
SC-20695,Steve Chapman,Corporate,South,Florida,Fort Lauderdale,1,519.68,58.46,0.2,9/10/2016,Active,1
SC-20695,Steve Chapman,Corporate,South,Florida,Hialeah,1,45.58,5.13,0.2,7/7/2016,Active,1
SC-20725,Steven Cartwright,Consumer,Central,Texas,Houston,2,1841.81,374.03,0.46,9/26/2015,Active,1
SC-20725,Steven Cartwright,Consumer,East,Delaware,Wilmington,1,487.5,167.15,0.0,6/12/2016,Active,1
SC-20725,Steven Cartwright,Consumer,East,New York,New York City,1,239.97,67.19,0.0,6/26/2017,Active,1
SC-20725,Steven Cartwright,Consumer,East,Pennsylvania,Lancaster,1,20.1,1.76,0.2,6/29/2015,Active,1
SC-20725,Steven Cartwright,Consumer,West,Arizona,Peoria,1,329.44,-23.01,0.2,8/17/2015,Active,1
SC-20725,Steven Cartwright,Consumer,West,California,Los Angeles,2,1219.71,416.59,0.1,3/21/2017,Active,1
SC-20725,Steven Cartwright,Consumer,West,California,Redlands,1,189.99,53.2,0.0,9/11/2015,Active,1
SC-20725,Steven Cartwright,Consumer,West,California,San Francisco,1,381.8,106.25,0.067,1/30/2016,Active,1
SC-20725,Steven Cartwright,Consumer,West,Washington,Seattle,1,515.88,113.49,0.0,6/3/2014,Active,1
SC-20770,Stewart Carmichael,Corporate,Central,Texas,Dallas,1,19.2,-21.56,0.5,3/2/2017,Active,1
SC-20770,Stewart Carmichael,Corporate,Central,Texas,San Antonio,1,749.89,-63.07,0.25,11/19/2017,Active,1
SC-20770,Stewart Carmichael,Corporate,East,Pennsylvania,Philadelphia,2,3015.66,-839.26,0.392,6/18/2016,Active,1
SC-20770,Stewart Carmichael,Corporate,South,Alabama,Decatur,1,224.9,64.24,0.0,6/12/2016,Active,1
SC-20770,Stewart Carmichael,Corporate,West,California,Los Angeles,1,99.39,40.75,0.0,11/15/2016,Active,1
SC-20770,Stewart Carmichael,Corporate,West,California,San Francisco,1,383.62,147.72,0.1,6/20/2015,Active,1
SC-20800,Stuart Calhoun,Consumer,Central,Texas,Edinburg,1,2.37,0.83,0.2,11/30/2017,Active,1
SC-20800,Stuart Calhoun,Consumer,Central,Texas,Houston,1,206.33,40.63,0.2,12/11/2015,Active,1
SC-20800,Stuart Calhoun,Consumer,South,Mississippi,Jackson,1,66.3,8.62,0.0,12/20/2016,Active,1
SC-20800,Stuart Calhoun,Consumer,West,California,Los Angeles,1,4.26,1.75,0.0,6/15/2017,Active,1
SC-20845,Sung Chung,Consumer,Central,Illinois,Arlington Heights,1,14.11,1.23,0.2,11/11/2016,Active,1
SC-20845,Sung Chung,Consumer,West,Colorado,Louisville,1,266.52,29.94,0.2,8/21/2017,Active,1
SD-20485,Shirley Daniels,Home Office,Central,Illinois,Chicago,1,683.02,-120.47,0.233,6/13/2017,Active,1
SD-20485,Shirley Daniels,Home Office,Central,Michigan,Midland,1,3999.7,1947.98,0.05,4/28/2015,Active,1
SD-20485,Shirley Daniels,Home Office,Central,Texas,Bedford,1,20.96,6.81,0.2,8/31/2015,Active,1
SD-20485,Shirley Daniels,Home Office,Central,Texas,Houston,1,20.74,7.26,0.2,4/15/2017,Active,1
SD-20485,Shirley Daniels,Home Office,East,New Jersey,Orange,1,53.37,20.82,0.0,9/19/2016,Active,1
SD-20485,Shirley Daniels,Home Office,East,New York,New Rochelle,1,69.99,30.1,0.0,9/12/2014,Active,1
SD-20485,Shirley Daniels,Home Office,East,Pennsylvania,Philadelphia,1,281.85,-16.4,0.267,4/6/2014,Active,1
SD-20485,Shirley Daniels,Home Office,South,Virginia,Alexandria,1,944.61,105.56,0.0,1/26/2014,Active,1
SD-20485,Shirley Daniels,Home Office,West,Arizona,Phoenix,1,46.87,3.52,0.2,10/10/2014,Active,1
SE-20110,Sanjit Engle,Consumer,Central,Illinois,Wheeling,1,615.61,-308.51,0.55,9/8/2016,Active,1
SE-20110,Sanjit Engle,Consumer,Central,Texas,Dallas,1,5.95,0.37,0.2,8/27/2017,Active,1
SE-20110,Sanjit Engle,Consumer,East,New York,New York City,1,513.73,159.31,0.0,4/11/2015,Active,1
SE-20110,Sanjit Engle,Consumer,South,Virginia,Arlington,1,8805.04,2825.29,0.0,2/2/2016,Active,1
SE-20110,Sanjit Engle,Consumer,West,California,Costa Mesa,1,124.36,33.58,0.0,12/21/2017,Active,1
SE-20110,Sanjit Engle,Consumer,West,California,Oxnard,1,82.95,29.03,0.0,11/13/2017,Active,1
SE-20110,Sanjit Engle,Consumer,West,California,San Jose,1,210.13,42.77,0.0,9/22/2014,Active,1
SE-20110,Sanjit Engle,Consumer,West,Colorado,Denver,1,1332.5,-299.81,0.2,3/13/2017,Active,1
SE-20110,Sanjit Engle,Consumer,West,Idaho,Lewiston,1,9.58,3.35,0.2,4/11/2014,Active,1
SE-20110,Sanjit Engle,Consumer,West,Oregon,Springfield,1,51.02,8.29,0.2,11/25/2014,Active,1
SE-20110,Sanjit Engle,Consumer,West,Washington,Seattle,1,458.57,157.01,0.067,6/11/2016,Active,1
SF-20065,Sandra Flanagan,Consumer,Central,Texas,Dallas,1,45.04,4.5,0.2,12/5/2015,Active,1
SF-20065,Sandra Flanagan,Consumer,East,Massachusetts,Everett,1,230.69,111.14,0.0,11/1/2017,Active,1
SF-20065,Sandra Flanagan,Consumer,East,New Jersey,Clifton,1,336.82,98.59,0.0,9/10/2014,Active,1
SF-20065,Sandra Flanagan,Consumer,East,Pennsylvania,Philadelphia,1,71.37,-1.02,0.3,7/16/2017,Active,1
SF-20065,Sandra Flanagan,Consumer,South,North Carolina,Goldsboro,1,34.94,3.06,0.2,12/16/2016,Active,1
SF-20065,Sandra Flanagan,Consumer,South,North Carolina,Wilmington,1,13.12,1.48,0.2,11/25/2015,Active,1
SF-20065,Sandra Flanagan,Consumer,West,California,Pomona,1,31.56,10.41,0.0,8/13/2015,Active,1
SF-20200,Sarah Foster,Consumer,Central,Indiana,New Castle,1,84.61,23.08,0.0,3/5/2015,Active,1
SF-20200,Sarah Foster,Consumer,Central,Indiana,Richmond,1,207.24,58.03,0.0,12/23/2014,Active,1
SF-20200,Sarah Foster,Consumer,East,New York,New York City,1,3.64,0.98,0.0,4/7/2016,Active,1
SF-20200,Sarah Foster,Consumer,East,Pennsylvania,Philadelphia,1,167.0,-110.1,0.55,9/26/2015,Active,1
SF-20200,Sarah Foster,Consumer,West,Arizona,Mesa,1,120.58,33.16,0.2,8/27/2017,Active,1
SF-20200,Sarah Foster,Consumer,West,Utah,Murray,1,97.92,13.83,0.1,7/21/2017,Active,1
SF-20200,Sarah Foster,Consumer,West,Washington,Bellingham,1,2690.74,247.76,0.1,11/1/2017,Active,1
SF-20200,Sarah Foster,Consumer,West,Washington,Marysville,1,8.82,2.38,0.0,11/3/2016,Active,1
SF-20200,Sarah Foster,Consumer,West,Washington,Seattle,1,42.24,17.78,0.067,9/12/2016,Active,1
SF-20965,Sylvia Foulston,Corporate,Central,Michigan,Dearborn,1,1542.47,444.27,0.025,11/29/2015,Active,1
SF-20965,Sylvia Foulston,Corporate,Central,Texas,Baytown,1,10.37,3.63,0.2,1/3/2015,Active,1
SF-20965,Sylvia Foulston,Corporate,Central,Texas,Bedford,1,205.3,3.81,0.35,8/11/2017,Active,1
SF-20965,Sylvia Foulston,Corporate,Central,Texas,Houston,1,28.52,-20.63,0.7,9/17/2015,Active,1
SF-20965,Sylvia Foulston,Corporate,East,Delaware,Wilmington,1,77.55,21.71,0.0,10/5/2015,Active,1
SF-20965,Sylvia Foulston,Corporate,East,Ohio,Columbus,1,29.39,6.54,0.2,11/12/2017,Active,1
SF-20965,Sylvia Foulston,Corporate,East,Pennsylvania,Philadelphia,1,2.66,-1.86,0.7,9/28/2017,Active,1
SF-20965,Sylvia Foulston,Corporate,West,California,San Diego,1,36.36,12.27,0.2,10/21/2014,Active,1
SF-20965,Sylvia Foulston,Corporate,West,California,San Francisco,1,1403.92,70.2,0.2,10/31/2016,Active,1
SG-20080,Sandra Glassco,Consumer,Central,Missouri,Independence,1,839.43,218.25,0.0,12/22/2017,Active,1
SG-20080,Sandra Glassco,Consumer,West,California,Redlands,1,2562.17,349.85,0.083,10/31/2015,Active,1
SG-20080,Sandra Glassco,Consumer,West,Washington,Seattle,1,4.98,2.34,0.0,12/16/2015,Active,1
SG-20470,Sheri Gordon,Consumer,East,Maryland,Rockville,1,26.82,12.95,0.0,10/2/2015,Active,1
SG-20470,Sheri Gordon,Consumer,East,New York,New York City,2,1162.51,-294.67,0.25,6/30/2017,Active,1
SG-20470,Sheri Gordon,Consumer,South,Georgia,Atlanta,1,256.48,104.14,0.0,7/26/2014,Active,1
SG-20470,Sheri Gordon,Consumer,South,North Carolina,Wilson,1,169.54,15.48,0.45,5/20/2015,Active,1
SG-20470,Sheri Gordon,Consumer,South,South Carolina,Florence,1,59.48,14.76,0.0,3/23/2015,Active,1
SG-20470,Sheri Gordon,Consumer,West,California,San Francisco,1,183.61,46.78,0.0,11/28/2014,Active,1
SG-20470,Sheri Gordon,Consumer,West,Oregon,Gresham,1,26.35,-18.45,0.7,8/22/2016,Active,1
SG-20605,Speros Goranitis,Consumer,Central,Illinois,Chicago,1,372.12,34.15,0.2,12/19/2014,Active,1
SG-20605,Speros Goranitis,Consumer,Central,Indiana,Lafayette,1,5.94,0.0,0.0,1/23/2014,Active,1
SG-20605,Speros Goranitis,Consumer,East,New York,New York City,2,2622.88,403.66,0.057,12/6/2015,Active,1
SG-20605,Speros Goranitis,Consumer,South,North Carolina,Asheville,1,15.92,2.79,0.2,9/13/2017,Active,1
SG-20605,Speros Goranitis,Consumer,West,California,San Francisco,1,107.97,22.67,0.0,4/25/2017,Active,1
SG-20890,Susan Gilcrest,Corporate,Central,Texas,Amarillo,1,19.65,6.63,0.2,8/1/2016,Active,1
SG-20890,Susan Gilcrest,Corporate,Central,Texas,Mcallen,1,17.8,-13.28,0.6,5/18/2017,Active,1
SG-20890,Susan Gilcrest,Corporate,East,New York,New York City,1,10.5,2.94,0.0,3/30/2014,Active,1
SH-19975,Sally Hughsby,Corporate,Central,Illinois,Chicago,1,3.8,-5.89,0.8,5/21/2016,Active,1
SH-19975,Sally Hughsby,Corporate,Central,Texas,Dallas,1,24.29,8.18,0.2,10/27/2017,Active,1
SH-19975,Sally Hughsby,Corporate,Central,Texas,Pearland,1,24.62,-13.5,0.5,9/22/2017,Active,1
SH-19975,Sally Hughsby,Corporate,Central,Wisconsin,Milwaukee,1,941.18,265.93,0.0,7/25/2016,Active,1
SH-19975,Sally Hughsby,Corporate,East,New York,New York City,1,70.22,24.21,0.2,11/10/2016,Active,1
SH-19975,Sally Hughsby,Corporate,South,Tennessee,Smyrna,1,104.71,10.18,0.2,9/22/2016,Active,1
SH-19975,Sally Hughsby,Corporate,West,California,Hesperia,1,424.96,20.0,0.15,9/26/2016,Active,1
SH-19975,Sally Hughsby,Corporate,West,California,San Francisco,2,231.16,93.41,0.0,9/18/2017,Active,1
SH-19975,Sally Hughsby,Corporate,West,Colorado,Denver,1,18.72,3.51,0.2,12/26/2016,Active,1
SH-19975,Sally Hughsby,Corporate,West,Idaho,Caldwell,1,455.63,58.7,0.067,12/10/2014,Active,1
SH-19975,Sally Hughsby,Corporate,West,Washington,Seattle,2,1107.56,93.76,0.067,9/25/2015,Active,1
SH-20395,Shahid Hopkins,Consumer,East,New York,New York City,3,206.39,81.24,0.05,9/10/2017,Active,1
SH-20395,Shahid Hopkins,Consumer,East,New York,Rochester,1,31.95,2.24,0.0,10/11/2015,Active,1
SH-20395,Shahid Hopkins,Consumer,East,Ohio,Cuyahoga Falls,1,2.21,-1.48,0.7,12/15/2016,Active,1
SH-20395,Shahid Hopkins,Consumer,East,Ohio,Springfield,1,2.31,-1.93,0.7,5/4/2017,Active,1
SH-20395,Shahid Hopkins,Consumer,East,Ohio,Toledo,1,127.98,25.6,0.2,12/7/2017,Active,1
SH-20395,Shahid Hopkins,Consumer,South,North Carolina,Jacksonville,1,1395.67,-362.67,0.375,11/3/2014,Active,1
SH-20395,Shahid Hopkins,Consumer,South,Virginia,Arlington,1,4.89,2.0,0.0,4/15/2017,Active,1
SH-20395,Shahid Hopkins,Consumer,West,California,San Francisco,1,409.3,110.46,0.1,11/2/2014,Active,1
SH-20635,Stefanie Holloman,Corporate,South,Tennessee,Jackson,1,692.47,190.43,0.2,11/26/2015,Active,1
SH-20635,Stefanie Holloman,Corporate,West,California,Sacramento,1,1403.92,70.2,0.2,12/16/2014,Active,1
SJ-20125,Sanjit Jacobs,Home Office,Central,Illinois,Chicago,1,44.4,-52.17,0.6,4/20/2017,Active,1
SJ-20125,Sanjit Jacobs,Home Office,Central,Texas,Dallas,1,183.17,43.61,0.4,3/8/2016,Active,1
SJ-20125,Sanjit Jacobs,Home Office,Central,Texas,Houston,1,1749.9,4.22,0.375,9/17/2017,Active,1
SJ-20125,Sanjit Jacobs,Home Office,East,New Jersey,New Brunswick,1,14.77,7.16,0.0,4/10/2017,Active,1
SJ-20125,Sanjit Jacobs,Home Office,East,New York,New York City,1,25.92,12.44,0.0,8/11/2017,Active,1
SJ-20125,Sanjit Jacobs,Home Office,South,Arkansas,Texarkana,1,48.9,18.09,0.0,5/1/2017,Active,1
SJ-20125,Sanjit Jacobs,Home Office,South,Florida,Miramar,1,419.14,-57.63,0.2,9/26/2017,Active,1
SJ-20125,Sanjit Jacobs,Home Office,South,Mississippi,Jackson,1,365.44,168.1,0.0,3/15/2016,Active,1
SJ-20125,Sanjit Jacobs,Home Office,South,Tennessee,Franklin,1,763.51,-65.82,0.3,9/22/2015,Active,1
SJ-20125,Sanjit Jacobs,Home Office,West,California,Long Beach,1,80.28,36.93,0.0,12/10/2016,Active,1
SJ-20125,Sanjit Jacobs,Home Office,West,Washington,Seattle,2,254.23,29.18,0.2,9/17/2016,Active,1
SJ-20215,Sarah Jordon,Consumer,Central,Illinois,Chicago,1,347.38,-20.76,0.367,4/20/2017,Active,1
SJ-20215,Sarah Jordon,Consumer,Central,Illinois,Quincy,1,1.96,-3.24,0.8,9/30/2016,Active,1
SJ-20215,Sarah Jordon,Consumer,Central,Texas,Grand Prairie,1,536.86,6.61,0.25,12/1/2017,Active,1
SJ-20215,Sarah Jordon,Consumer,South,Tennessee,Columbia,1,80.56,-12.03,0.45,8/16/2017,Active,1
SJ-20215,Sarah Jordon,Consumer,West,California,Los Angeles,1,203.92,22.94,0.2,2/9/2015,Active,1
SJ-20215,Sarah Jordon,Consumer,West,California,Pasadena,1,170.35,-17.04,0.2,7/6/2015,Active,1
SJ-20500,Shirley Jackson,Consumer,Central,Texas,Houston,1,97.26,-243.16,0.8,4/21/2017,Active,1
SJ-20500,Shirley Jackson,Consumer,East,Connecticut,Fairfield,1,840.0,190.9,0.0,12/1/2016,Active,1
SJ-20500,Shirley Jackson,Consumer,East,Delaware,Newark,1,128.4,62.92,0.0,11/20/2016,Active,1
SJ-20500,Shirley Jackson,Consumer,West,California,San Francisco,1,160.59,38.94,0.1,10/9/2014,Active,1
SJ-20500,Shirley Jackson,Consumer,West,New Mexico,Santa Fe,1,92.52,18.5,0.0,8/31/2014,Active,1
SK-19990,Sally Knutson,Consumer,East,Connecticut,Fairfield,1,7.16,3.44,0.0,11/28/2016,Active,1
SK-19990,Sally Knutson,Consumer,East,New York,New York City,1,244.65,72.18,0.0,4/23/2017,Active,1
SK-19990,Sally Knutson,Consumer,East,Ohio,Toledo,1,631.6,93.18,0.55,12/22/2017,Active,1
SL-20155,Sara Luxemburg,Home Office,Central,Oklahoma,Muskogee,1,1702.03,437.29,0.0,10/21/2017,Active,1
SL-20155,Sara Luxemburg,Home Office,Central,Texas,Houston,1,41.57,-66.51,0.8,7/13/2015,Active,1
SL-20155,Sara Luxemburg,Home Office,East,New York,New York City,2,72.51,20.28,0.0,9/21/2014,Active,1
SL-20155,Sara Luxemburg,Home Office,South,Florida,Jacksonville,1,1166.92,131.28,0.2,3/29/2015,Active,1
SL-20155,Sara Luxemburg,Home Office,South,North Carolina,Durham,1,67.76,5.08,0.2,10/3/2014,Active,1
SL-20155,Sara Luxemburg,Home Office,West,Oregon,Salem,1,2.22,0.56,0.2,9/26/2017,Active,1
SM-20005,Sally Matthias,Consumer,Central,Texas,Houston,1,77.49,-89.98,0.6,11/4/2016,Active,1
SM-20005,Sally Matthias,Consumer,East,New York,New York City,2,143.53,54.59,0.067,6/23/2016,Active,1
SM-20005,Sally Matthias,Consumer,West,Arizona,Scottsdale,1,23.47,8.8,0.2,11/23/2014,Active,1
SM-20320,Sean Miller,Home Office,Central,Indiana,Lafayette,1,526.45,31.59,0.0,7/9/2017,Active,1
SM-20320,Sean Miller,Home Office,East,Pennsylvania,Allentown,1,837.44,-230.16,0.3,8/21/2015,Active,1
SM-20320,Sean Miller,Home Office,South,Florida,Jacksonville,1,23661.23,-1789.73,0.286,3/18/2014,Active,1
SM-20320,Sean Miller,Home Office,South,North Carolina,Monroe,1,7.97,2.69,0.2,10/12/2017,Active,1
SM-20320,Sean Miller,Home Office,West,California,Los Angeles,1,9.96,4.88,0.0,12/25/2015,Active,1
SM-20905,Susan MacKendrick,Consumer,East,Ohio,Newark,1,1043.04,-237.29,0.283,5/3/2016,Active,1
SM-20950,Suzanne McNair,Corporate,Central,Illinois,Chicago,1,15.7,5.1,0.2,11/1/2014,Active,1
SM-20950,Suzanne McNair,Corporate,Central,Minnesota,Maple Grove,1,735.98,331.19,0.0,7/20/2017,Active,1
SM-20950,Suzanne McNair,Corporate,Central,Nebraska,Omaha,1,128.36,60.49,0.0,12/19/2015,Active,1
SM-20950,Suzanne McNair,Corporate,East,Connecticut,Fairfield,1,470.36,122.29,0.0,8/28/2015,Active,1
SM-20950,Suzanne McNair,Corporate,East,New York,New York City,3,1625.24,415.01,0.017,3/26/2015,Active,1
SM-20950,Suzanne McNair,Corporate,East,Pennsylvania,Philadelphia,1,2358.67,-413.52,0.267,9/29/2014,Active,1
SM-20950,Suzanne McNair,Corporate,South,North Carolina,Greenville,1,17.62,-14.09,0.7,10/28/2016,Active,1
SM-20950,Suzanne McNair,Corporate,West,California,Los Angeles,2,143.04,66.55,0.0,5/30/2017,Active,1
SM-20950,Suzanne McNair,Corporate,West,Colorado,Broomfield,1,68.43,8.55,0.2,9/22/2016,Active,1
SN-20560,Skye Norling,Home Office,Central,Illinois,Chicago,1,762.59,-1143.89,0.8,9/10/2017,Active,1
SN-20560,Skye Norling,Home Office,Central,Michigan,Roseville,1,547.97,229.01,0.0,6/26/2016,Active,1
SN-20560,Skye Norling,Home Office,East,New Jersey,Paterson,1,399.49,163.89,0.0,9/11/2015,Active,1
SN-20560,Skye Norling,Home Office,West,Arizona,Peoria,1,101.0,15.63,0.45,6/18/2015,Active,1
SN-20560,Skye Norling,Home Office,West,California,Los Angeles,1,19.46,5.06,0.0,11/20/2015,Active,1
SN-20560,Skye Norling,Home Office,West,California,San Francisco,1,29.9,13.46,0.0,2/6/2017,Active,1
SN-20710,Steve Nguyen,Home Office,Central,Illinois,Rockford,1,254.6,-18.19,0.3,10/12/2017,Active,1
SN-20710,Steve Nguyen,Home Office,Central,Texas,Houston,1,1228.95,15.05,0.255,12/27/2015,Active,1
SN-20710,Steve Nguyen,Home Office,Central,Texas,Pasadena,1,329.97,5.32,0.225,11/18/2016,Active,1
SN-20710,Steve Nguyen,Home Office,South,Mississippi,Jackson,1,612.14,268.48,0.0,5/15/2016,Active,1
SN-20710,Steve Nguyen,Home Office,West,California,Los Angeles,2,335.51,109.11,0.0,5/6/2014,Active,1
SN-20710,Steve Nguyen,Home Office,West,Washington,Covington,1,366.78,101.98,0.0,9/26/2016,Active,1
SO-20335,Sean O'Donnell,Consumer,East,New York,Hempstead,1,794.57,98.2,0.05,12/4/2015,Active,1
SO-20335,Sean O'Donnell,Consumer,South,Florida,Fort Lauderdale,1,979.95,-380.51,0.325,10/11/2015,Active,1
SO-20335,Sean O'Donnell,Consumer,South,Tennessee,Columbia,1,458.98,61.16,0.2,9/9/2017,Active,1
SO-20335,Sean O'Donnell,Consumer,West,California,Los Angeles,1,154.9,69.7,0.0,1/14/2017,Active,1
SO-20335,Sean O'Donnell,Consumer,West,Colorado,Greeley,1,30.35,10.36,0.2,4/23/2017,Active,1
SO-20335,Sean O'Donnell,Consumer,West,Washington,Seattle,1,183.82,60.01,0.0,12/1/2017,Active,1
SP-20545,Sibella Parks,Corporate,Central,Illinois,Chicago,1,195.98,-206.92,0.6,4/21/2016,Active,1
SP-20545,Sibella Parks,Corporate,Central,Wisconsin,Green Bay,1,16.74,4.35,0.0,3/14/2016,Active,1
SP-20545,Sibella Parks,Corporate,East,New York,Mount Vernon,1,7.75,2.81,0.2,10/13/2014,Active,1
SP-20545,Sibella Parks,Corporate,East,New York,New York City,2,733.65,99.97,0.067,3/26/2016,Active,1
SP-20545,Sibella Parks,Corporate,East,Pennsylvania,Philadelphia,1,351.97,-18.98,0.2,10/9/2016,Active,1
SP-20620,Stefania Perrino,Corporate,Central,Texas,Laredo,1,609.61,63.25,0.32,12/30/2014,Active,1
SP-20620,Stefania Perrino,Corporate,East,New York,Buffalo,1,198.55,43.2,0.0,11/13/2017,Active,1
SP-20620,Stefania Perrino,Corporate,East,New York,Long Beach,1,16.78,4.2,0.0,9/8/2014,Active,1
SP-20620,Stefania Perrino,Corporate,East,New York,New York City,1,478.08,133.86,0.0,9/7/2017,Active,1
SP-20620,Stefania Perrino,Corporate,East,Pennsylvania,Philadelphia,1,2457.14,-344.07,0.362,9/9/2017,Active,1
SP-20620,Stefania Perrino,Corporate,South,Florida,Tampa,1,2.9,0.98,0.2,8/27/2017,Active,1
SP-20620,Stefania Perrino,Corporate,West,California,Los Angeles,1,170.14,-8.51,0.2,9/14/2015,Active,1
SP-20620,Stefania Perrino,Corporate,West,California,San Francisco,1,1475.58,-171.22,0.067,12/8/2016,Active,1
SP-20620,Stefania Perrino,Corporate,West,Colorado,Colorado Springs,1,31.54,7.89,0.45,1/6/2015,Active,1
SP-20650,Stephanie Phelps,Corporate,Central,Illinois,Chicago,1,22.75,-8.53,0.6,11/12/2016,Active,1
SP-20650,Stephanie Phelps,Corporate,Central,Michigan,Jackson,1,221.04,52.09,0.05,3/8/2016,Active,1
SP-20650,Stephanie Phelps,Corporate,Central,Nebraska,Omaha,1,89.97,18.89,0.0,11/3/2014,Active,1
SP-20650,Stephanie Phelps,Corporate,East,New York,New York City,1,151.95,43.74,0.0,8/5/2014,Active,1
SP-20650,Stephanie Phelps,Corporate,East,Ohio,Akron,1,787.04,-56.76,0.333,8/14/2016,Active,1
SP-20650,Stephanie Phelps,Corporate,South,North Carolina,Wilmington,1,39.07,9.77,0.2,4/16/2014,Active,1
SP-20650,Stephanie Phelps,Corporate,West,California,Redwood City,1,41.9,14.14,0.2,3/14/2016,Active,1
SP-20650,Stephanie Phelps,Corporate,West,California,San Jose,1,244.78,95.84,0.0,5/31/2015,Active,1
SP-20650,Stephanie Phelps,Corporate,West,California,Stockton,1,273.92,99.3,0.2,12/9/2016,Active,1
SP-20860,Sung Pak,Corporate,Central,Illinois,Chicago,1,8.54,-7.48,0.6,12/15/2014,Active,1
SP-20860,Sung Pak,Corporate,Central,Minnesota,Rochester,1,43.0,20.27,0.0,9/5/2015,Active,1
SP-20860,Sung Pak,Corporate,Central,Texas,Dallas,1,39.98,-1.5,0.2,10/12/2017,Active,1
SP-20860,Sung Pak,Corporate,East,New Hampshire,Dover,1,35.88,16.15,0.0,2/16/2015,Active,1
SP-20860,Sung Pak,Corporate,East,Pennsylvania,Philadelphia,2,931.58,-107.23,0.35,8/16/2015,Active,1
SP-20860,Sung Pak,Corporate,South,Florida,Jacksonville,1,10.37,3.63,0.2,9/28/2017,Active,1
SP-20860,Sung Pak,Corporate,South,Tennessee,Murfreesboro,1,284.44,14.43,0.2,12/27/2015,Active,1
SP-20860,Sung Pak,Corporate,West,California,Los Angeles,2,2929.14,628.45,0.04,3/4/2017,Active,1
SP-20920,Susan Pistek,Consumer,Central,Illinois,Chicago,1,23.99,-62.38,0.8,10/21/2017,Active,1
SP-20920,Susan Pistek,Consumer,East,Ohio,Columbus,1,315.04,44.22,0.34,3/16/2017,Active,1
SP-20920,Susan Pistek,Consumer,East,Ohio,Parma,1,3588.1,4.57,0.26,11/12/2016,Active,1
SP-20920,Susan Pistek,Consumer,West,California,Los Angeles,1,53.82,24.22,0.0,11/22/2014,Active,1
SP-20920,Susan Pistek,Consumer,West,California,San Francisco,1,6.12,2.88,0.0,4/13/2016,Active,1
SP-20920,Susan Pistek,Consumer,West,California,San Luis Obispo,1,3.62,1.19,0.0,10/30/2016,Active,1
SR-20425,Sharelle Roach,Home Office,Central,Michigan,Detroit,1,212.94,57.49,0.0,6/14/2014,Active,1
SR-20425,Sharelle Roach,Home Office,East,New York,New York City,1,109.9,32.97,0.0,11/8/2017,Active,1
SR-20425,Sharelle Roach,Home Office,East,Ohio,Springfield,1,155.37,-35.51,0.3,11/2/2017,Active,1
SR-20425,Sharelle Roach,Home Office,South,Alabama,Tuscaloosa,1,141.96,35.49,0.0,12/22/2017,Active,1
SR-20425,Sharelle Roach,Home Office,West,Colorado,Louisville,1,2613.31,-3424.35,0.6,4/17/2017,Active,1
SR-20740,Steven Roelle,Home Office,Central,Indiana,Bloomington,1,308.6,107.71,0.0,11/16/2014,Active,1
SR-20740,Steven Roelle,Home Office,Central,Texas,Dallas,1,10.27,3.21,0.2,4/3/2016,Active,1
SR-20740,Steven Roelle,Home Office,East,New York,New York City,3,3904.68,1863.96,0.0,7/2/2015,Active,1
SR-20740,Steven Roelle,Home Office,South,Virginia,Arlington,1,47.79,16.25,0.0,11/5/2014,Active,1
SR-20740,Steven Roelle,Home Office,West,California,Los Angeles,1,12.96,6.22,0.0,2/20/2014,Active,1
SR-20740,Steven Roelle,Home Office,West,Washington,Seattle,1,61.58,-6.93,0.2,1/5/2015,Active,1
SS-20140,Saphhira Shifley,Corporate,Central,Illinois,Oak Park,1,10.19,1.02,0.2,12/15/2017,Active,1
SS-20140,Saphhira Shifley,Corporate,Central,Texas,Mesquite,1,46.09,-88.03,0.533,11/23/2014,Active,1
SS-20140,Saphhira Shifley,Corporate,East,New Hampshire,Nashua,1,21.12,6.55,0.0,12/25/2016,Active,1
SS-20140,Saphhira Shifley,Corporate,East,Rhode Island,Warwick,1,62.92,15.71,0.0,10/17/2017,Active,1
SS-20140,Saphhira Shifley,Corporate,South,Florida,Pompano Beach,1,26.06,6.96,0.2,4/30/2017,Active,1
SS-20140,Saphhira Shifley,Corporate,South,Georgia,Columbus,1,997.83,349.2,0.0,9/18/2017,Active,1
SS-20140,Saphhira Shifley,Corporate,West,California,Los Angeles,1,60.62,15.16,0.067,6/3/2017,Active,1
SS-20140,Saphhira Shifley,Corporate,West,Washington,Seattle,1,99.2,25.79,0.0,9/27/2015,Active,1
SS-20410,Shahid Shariari,Consumer,Central,Illinois,Buffalo Grove,1,355.46,-184.84,0.5,5/30/2014,Active,1
SS-20410,Shahid Shariari,Consumer,Central,Illinois,Oswego,1,321.98,-536.13,0.6,9/7/2014,Active,1
SS-20410,Shahid Shariari,Consumer,East,Pennsylvania,Philadelphia,1,1363.67,-504.25,0.4,11/21/2015,Active,1
SS-20410,Shahid Shariari,Consumer,South,Georgia,Atlanta,1,2.78,1.36,0.0,9/10/2017,Active,1
SS-20410,Shahid Shariari,Consumer,South,Kentucky,Georgetown,1,209.88,57.55,0.0,9/11/2017,Active,1
SS-20410,Shahid Shariari,Consumer,West,California,Los Angeles,1,803.04,155.32,0.0,11/15/2014,Active,1
SS-20515,Shirley Schmidt,Home Office,Central,Wisconsin,Franklin,1,47.97,14.87,0.0,8/26/2016,Active,1
SS-20515,Shirley Schmidt,Home Office,East,Delaware,Newark,1,39.48,11.05,0.0,7/14/2014,Active,1
SS-20515,Shirley Schmidt,Home Office,South,Kentucky,Louisville,1,525.95,174.01,0.0,7/24/2015,Active,1
SS-20590,Sonia Sunley,Consumer,Central,Kansas,Wichita,1,18.9,8.69,0.0,6/13/2016,Active,1
SS-20590,Sonia Sunley,Consumer,Central,Nebraska,Norfolk,1,17.43,8.02,0.0,4/13/2015,Active,1
SS-20590,Sonia Sunley,Consumer,Central,Wisconsin,Madison,1,10.07,4.53,0.0,9/2/2016,Active,1
SS-20590,Sonia Sunley,Consumer,West,California,San Francisco,2,278.11,101.14,0.0,8/5/2014,Active,1
SS-20590,Sonia Sunley,Consumer,West,Washington,Seattle,1,93.98,13.16,0.0,5/9/2016,Active,1
SS-20875,Sung Shariari,Consumer,Central,Texas,Dallas,1,114.84,-1.92,0.2,8/27/2016,Active,1
SS-20875,Sung Shariari,Consumer,East,Massachusetts,Leominster,1,25.87,11.74,0.0,2/25/2015,Active,1
SS-20875,Sung Shariari,Consumer,East,Ohio,Marion,1,403.11,-9.15,0.267,12/14/2014,Active,1
SS-20875,Sung Shariari,Consumer,South,Florida,Miami,1,377.9,-91.07,0.45,11/20/2015,Active,1
SS-20875,Sung Shariari,Consumer,West,Washington,Redmond,1,42.91,14.82,0.1,9/1/2017,Active,1
ST-20530,Shui Tom,Consumer,Central,Texas,Houston,1,16.18,6.07,0.2,2/14/2014,Active,1
ST-20530,Shui Tom,Consumer,East,New York,New York City,1,139.44,47.06,0.2,9/23/2014,Active,1
ST-20530,Shui Tom,Consumer,East,Ohio,Parma,1,36.35,11.48,0.2,6/20/2017,Active,1
ST-20530,Shui Tom,Consumer,East,Pennsylvania,Philadelphia,1,111.05,-10.36,0.3,7/14/2014,Active,1
ST-20530,Shui Tom,Consumer,South,Florida,Port Saint Lucie,1,14.34,0.9,0.2,8/27/2017,Active,1
ST-20530,Shui Tom,Consumer,South,Georgia,Macon,1,58.72,27.01,0.0,3/1/2015,Active,1
ST-20530,Shui Tom,Consumer,West,New Mexico,Albuquerque,1,57.27,2.3,0.1,12/29/2014,Active,1
SU-20665,Stephanie Ulpright,Home Office,Central,Illinois,Chicago,2,1368.11,348.17,0.225,9/5/2016,Active,1
SU-20665,Stephanie Ulpright,Home Office,Central,Michigan,Ann Arbor,1,152.8,76.4,0.0,12/5/2015,Active,1
SU-20665,Stephanie Ulpright,Home Office,East,New York,New York City,1,136.43,53.99,0.0,7/1/2016,Active,1
SU-20665,Stephanie Ulpright,Home Office,South,Mississippi,Jackson,1,684.78,280.77,0.0,12/10/2017,Active,1
SU-20665,Stephanie Ulpright,Home Office,South,North Carolina,Greenville,1,37.26,6.85,0.2,8/21/2016,Active,1
SU-20665,Stephanie Ulpright,Home Office,West,Washington,Seattle,1,215.98,-2.7,0.2,9/2/2017,Active,1
SV-20365,Seth Vernon,Consumer,Central,Texas,Houston,1,1190.53,-222.02,0.267,4/20/2014,Active,1
SV-20365,Seth Vernon,Consumer,East,Delaware,Dover,1,9.94,3.08,0.0,1/11/2014,Active,1
SV-20365,Seth Vernon,Consumer,East,New York,New York City,1,7359.92,1571.8,0.043,9/20/2017,Active,1
SV-20365,Seth Vernon,Consumer,East,Ohio,Cleveland,1,769.33,-191.64,0.367,1/27/2015,Active,1
SV-20365,Seth Vernon,Consumer,East,Ohio,Columbus,1,107.4,-5.12,0.233,9/18/2016,Active,1
SV-20365,Seth Vernon,Consumer,East,Ohio,Troy,1,31.1,10.89,0.2,11/10/2016,Active,1
SV-20365,Seth Vernon,Consumer,East,Pennsylvania,Philadelphia,2,938.88,-32.12,0.35,8/25/2017,Active,1
SV-20365,Seth Vernon,Consumer,South,Louisiana,Lafayette,1,161.14,30.71,0.0,8/6/2017,Active,1
SV-20365,Seth Vernon,Consumer,West,California,Los Angeles,1,902.71,33.85,0.2,6/11/2016,Active,1
SV-20785,Stewart Visinsky,Consumer,Central,Indiana,Bloomington,1,32.4,15.55,0.0,4/12/2014,Active,1
SV-20785,Stewart Visinsky,Consumer,East,Maryland,Baltimore,1,35.73,9.29,0.0,2/13/2017,Active,1
SV-20785,Stewart Visinsky,Consumer,East,Pennsylvania,Philadelphia,1,1058.19,-20.44,0.214,5/3/2015,Active,1
SV-20785,Stewart Visinsky,Consumer,East,Vermont,Burlington,1,715.2,178.8,0.0,11/7/2015,Active,1
SV-20785,Stewart Visinsky,Consumer,South,Florida,Jacksonville,1,63.38,21.57,0.45,6/6/2014,Active,1
SV-20785,Stewart Visinsky,Consumer,South,Georgia,Roswell,1,605.47,176.93,0.0,6/2/2014,Active,1
SV-20785,Stewart Visinsky,Consumer,West,California,Los Angeles,1,439.54,51.28,0.1,10/20/2015,Active,1
SV-20785,Stewart Visinsky,Consumer,West,California,Santa Ana,1,1119.15,76.95,0.12,5/26/2016,Active,1
SV-20785,Stewart Visinsky,Consumer,West,Colorado,Pueblo,1,36.25,-24.91,0.7,6/21/2014,Active,1
SV-20815,Stuart Van,Corporate,Central,Indiana,Indianapolis,1,125.93,35.26,0.0,5/4/2015,Active,1
SV-20815,Stuart Van,Corporate,Central,Texas,Houston,1,1102.47,148.94,0.333,9/21/2015,Active,1
SV-20815,Stuart Van,Corporate,South,Florida,Miami,1,31.01,11.24,0.2,8/26/2016,Active,1
SV-20815,Stuart Van,Corporate,West,Utah,Orem,1,11.68,4.2,0.0,10/15/2017,Active,1
SV-20935,Susan Vittorini,Consumer,Central,Texas,Dallas,1,15.58,3.31,0.2,7/18/2016,Active,1
SV-20935,Susan Vittorini,Consumer,East,New York,New York City,1,390.75,171.93,0.0,11/5/2017,Active,1
SV-20935,Susan Vittorini,Consumer,East,New York,Oceanside,1,35.3,13.8,0.0,3/19/2016,Active,1
SV-20935,Susan Vittorini,Consumer,East,Ohio,Columbus,1,235.15,-47.03,0.4,10/21/2016,Active,1
SV-20935,Susan Vittorini,Consumer,East,Ohio,Fairfield,1,484.32,-60.6,0.375,12/25/2017,Active,1
SV-20935,Susan Vittorini,Consumer,West,Arizona,Mesa,1,552.0,34.5,0.2,4/24/2017,Active,1
SV-20935,Susan Vittorini,Consumer,West,Arizona,Peoria,1,67.86,-45.24,0.7,12/2/2017,Active,1
SV-20935,Susan Vittorini,Consumer,West,New Mexico,Albuquerque,1,122.53,36.22,0.0,12/28/2017,Active,1
SW-20245,Scot Wooten,Consumer,Central,Illinois,Aurora,1,239.36,-47.87,0.3,10/10/2017,Active,1
SW-20245,Scot Wooten,Consumer,East,New York,Troy,1,109.76,8.54,0.1,11/2/2015,Active,1
SW-20245,Scot Wooten,Consumer,East,Ohio,Springfield,1,53.34,-27.08,0.45,7/20/2014,Active,1
SW-20245,Scot Wooten,Consumer,East,Pennsylvania,Philadelphia,1,74.05,-19.38,0.45,12/5/2015,Active,1
SW-20245,Scot Wooten,Consumer,South,North Carolina,Greenville,1,428.7,-16.34,0.2,2/25/2017,Active,1
SW-20245,Scot Wooten,Consumer,West,California,Los Angeles,1,19.98,8.99,0.0,3/12/2016,Active,1
SW-20245,Scot Wooten,Consumer,West,California,Stockton,1,159.88,73.54,0.0,9/19/2016,Active,1
SW-20275,Scott Williamson,Consumer,Central,Michigan,Royal Oak,1,22.38,10.74,0.0,3/10/2014,Active,1
SW-20275,Scott Williamson,Consumer,East,New York,New York City,2,912.99,233.09,0.067,11/21/2017,Active,1
SW-20275,Scott Williamson,Consumer,South,Mississippi,Jackson,1,173.8,43.45,0.0,11/30/2017,Active,1
SW-20275,Scott Williamson,Consumer,West,California,San Diego,1,811.28,24.34,0.0,11/16/2017,Active,1
SW-20275,Scott Williamson,Consumer,West,Washington,Seattle,1,46.2,21.25,0.0,3/18/2017,Active,1
SW-20350,Sean Wendt,Home Office,Central,Michigan,Detroit,1,523.18,137.08,0.0,4/9/2016,Active,1
SW-20350,Sean Wendt,Home Office,Central,Nebraska,Omaha,1,29.05,9.01,0.0,4/17/2016,Active,1
SW-20350,Sean Wendt,Home Office,East,Ohio,Cleveland,1,466.81,-50.25,0.433,7/21/2017,Active,1
SW-20455,Shaun Weien,Consumer,East,New York,Rochester,1,1217.57,456.59,0.2,6/22/2015,Active,1
SW-20455,Shaun Weien,Consumer,South,Florida,Tampa,1,7.9,2.17,0.2,7/17/2017,Active,1
SW-20455,Shaun Weien,Consumer,South,Louisiana,Lafayette,1,85.98,22.35,0.0,9/6/2015,Active,1
SW-20455,Shaun Weien,Consumer,South,Virginia,Suffolk,1,196.62,96.34,0.0,12/11/2015,Active,1
SW-20455,Shaun Weien,Consumer,West,California,San Diego,1,291.99,47.83,0.133,7/21/2017,Active,1
SW-20455,Shaun Weien,Consumer,West,California,San Francisco,1,119.9,43.16,0.0,11/8/2015,Active,1
SW-20455,Shaun Weien,Consumer,West,Washington,Seattle,1,1001.58,125.2,0.2,9/27/2016,Active,1
SW-20755,Steven Ward,Corporate,East,New York,New York City,1,663.96,48.52,0.1,7/14/2016,Active,1
SW-20755,Steven Ward,Corporate,West,Washington,Seattle,1,94.73,19.72,0.1,11/2/2014,Active,1
SZ-20035,Sam Zeldin,Home Office,Central,Illinois,Saint Charles,1,1349.63,253.31,0.325,12/21/2015,Active,1
SZ-20035,Sam Zeldin,Home Office,Central,Indiana,Columbus,1,24.56,6.88,0.0,6/12/2015,Active,1
SZ-20035,Sam Zeldin,Home Office,Central,Michigan,Canton,1,501.81,0.0,0.0,11/25/2017,Active,1
SZ-20035,Sam Zeldin,Home Office,Central,Texas,Grand Prairie,1,23.68,8.88,0.2,11/4/2017,Active,1
SZ-20035,Sam Zeldin,Home Office,Central,Texas,Houston,1,469.04,-12.37,0.34,9/7/2014,Active,1
SZ-20035,Sam Zeldin,Home Office,East,New York,New York City,2,180.4,56.09,0.1,9/22/2016,Active,1
SZ-20035,Sam Zeldin,Home Office,East,Ohio,Lancaster,1,279.0,-81.66,0.267,7/3/2017,Active,1
SZ-20035,Sam Zeldin,Home Office,West,California,Pico Rivera,1,145.9,62.74,0.0,7/8/2017,Active,1
SZ-20035,Sam Zeldin,Home Office,West,California,San Francisco,1,46.53,12.1,0.0,9/2/2016,Active,1
SZ-20035,Sam Zeldin,Home Office,West,Washington,Seattle,1,604.77,60.48,0.2,1/30/2017,Active,1
TA-21385,Tom Ashbrook,Home Office,Central,Illinois,Chicago,1,84.27,-75.84,0.6,9/2/2016,Active,1
TA-21385,Tom Ashbrook,Home Office,Central,Kansas,Olathe,1,787.85,180.43,0.0,9/12/2014,Active,1
TA-21385,Tom Ashbrook,Home Office,East,New York,New York City,2,13723.5,4599.21,0.04,4/4/2017,Active,1
TB-21055,Ted Butterfield,Consumer,East,Connecticut,Meriden,1,237.64,113.81,0.0,9/2/2017,Active,1
TB-21055,Ted Butterfield,Consumer,East,Massachusetts,Quincy,1,549.78,165.88,0.05,8/27/2016,Active,1
TB-21055,Ted Butterfield,Consumer,East,New York,Troy,1,655.09,102.28,0.043,6/17/2016,Active,1
TB-21055,Ted Butterfield,Consumer,East,Ohio,Fairfield,1,16.52,5.37,0.2,8/3/2017,Active,1
TB-21055,Ted Butterfield,Consumer,East,Pennsylvania,Reading,1,8.86,2.88,0.2,3/21/2017,Active,1
TB-21175,Thomas Boland,Corporate,Central,Texas,Houston,1,60.42,6.04,0.2,12/8/2014,Active,1
TB-21175,Thomas Boland,Corporate,East,New York,New York City,1,46.0,17.89,0.067,4/1/2016,Active,1
TB-21175,Thomas Boland,Corporate,South,Kentucky,Henderson,1,3291.07,829.64,0.0,11/2/2017,Active,1
TB-21175,Thomas Boland,Corporate,South,North Carolina,Wilson,1,191.81,-24.4,0.2,4/12/2016,Active,1
TB-21190,Thomas Brumley,Home Office,East,New York,New York City,1,767.21,161.97,0.1,12/27/2014,Active,1
TB-21190,Thomas Brumley,Home Office,South,Arkansas,Fayetteville,1,6.24,3.06,0.0,11/27/2015,Active,1
TB-21190,Thomas Brumley,Home Office,West,California,Los Angeles,1,34.92,11.87,0.0,11/11/2017,Active,1
TB-21190,Thomas Brumley,Home Office,West,California,Riverside,1,7.8,2.11,0.0,11/10/2017,Active,1
TB-21250,Tim Brockman,Consumer,Central,Illinois,Bloomington,1,12.22,4.43,0.2,12/5/2015,Active,1
TB-21250,Tim Brockman,Consumer,Central,Texas,Austin,1,147.64,-31.39,0.5,1/15/2017,Active,1
TB-21250,Tim Brockman,Consumer,East,New York,New York City,1,655.88,314.1,0.0,10/9/2015,Active,1
TB-21250,Tim Brockman,Consumer,West,California,Los Angeles,2,37.1,11.71,0.1,11/14/2016,Active,1
TB-21250,Tim Brockman,Consumer,West,Oregon,Salem,1,265.78,13.81,0.262,12/8/2014,Active,1
TB-21250,Tim Brockman,Consumer,West,Washington,Seattle,1,483.75,-52.06,0.1,1/30/2016,Active,1
TB-21280,Toby Braunhardt,Consumer,Central,Oklahoma,Norman,1,1287.45,244.62,0.0,3/25/2016,Active,1
TB-21280,Toby Braunhardt,Consumer,East,District of Columbia,Washington,1,83.15,36.98,0.0,5/26/2016,Active,1
TB-21280,Toby Braunhardt,Consumer,East,New York,New York City,2,723.66,205.79,0.05,6/21/2014,Active,1
TB-21280,Toby Braunhardt,Consumer,South,North Carolina,Jacksonville,1,95.97,9.6,0.2,12/1/2014,Active,1
TB-21280,Toby Braunhardt,Consumer,West,Arizona,Phoenix,1,8.23,-6.03,0.7,6/22/2014,Active,1
TB-21355,Todd Boyes,Corporate,Central,Texas,Cedar Hill,1,115.3,40.35,0.2,8/6/2017,Active,1
TB-21355,Todd Boyes,Corporate,Central,Texas,Houston,1,94.08,29.03,0.2,8/27/2016,Active,1
TB-21355,Todd Boyes,Corporate,East,New Jersey,Plainfield,1,27.21,10.58,0.0,1/25/2016,Active,1
TB-21355,Todd Boyes,Corporate,East,New York,New York City,1,72.89,22.78,0.067,11/22/2016,Active,1
TB-21355,Todd Boyes,Corporate,South,Georgia,Sandy Springs,1,524.85,166.22,0.0,5/18/2017,Active,1
TB-21400,Tom Boeckenhauer,Consumer,Central,Oklahoma,Tulsa,1,1040.19,291.99,0.0,9/7/2014,Active,1
TB-21400,Tom Boeckenhauer,Consumer,East,New York,New York City,1,6999.96,2239.99,0.0,12/14/2014,Active,1
TB-21400,Tom Boeckenhauer,Consumer,South,Florida,Miami,1,25.25,4.1,0.2,1/21/2014,Active,1
TB-21400,Tom Boeckenhauer,Consumer,South,Virginia,Alexandria,1,81.2,12.18,0.0,4/14/2016,Active,1
TB-21400,Tom Boeckenhauer,Consumer,West,California,Los Angeles,1,170.87,20.61,0.1,3/30/2017,Active,1
TB-21400,Tom Boeckenhauer,Consumer,West,Washington,Seattle,2,816.52,229.5,0.114,6/11/2017,Active,1
TB-21520,Tracy Blumstein,Consumer,Central,Michigan,Jackson,1,19.05,8.76,0.0,9/14/2017,Active,1
TB-21520,Tracy Blumstein,Consumer,Central,Texas,Beaumont,1,130.76,-35.24,0.5,10/17/2014,Active,1
TB-21520,Tracy Blumstein,Consumer,East,New Hampshire,Concord,1,34.44,17.22,0.0,10/19/2015,Active,1
TB-21520,Tracy Blumstein,Consumer,East,New York,New York City,1,191.88,19.19,0.0,12/26/2014,Active,1
TB-21520,Tracy Blumstein,Consumer,East,Ohio,Fairfield,1,531.38,-109.18,0.3,10/21/2014,Active,1
TB-21520,Tracy Blumstein,Consumer,East,Pennsylvania,Philadelphia,1,3329.43,-1647.94,0.386,9/17/2015,Active,1
TB-21520,Tracy Blumstein,Consumer,West,Arizona,Sierra Vista,1,14.37,3.95,0.2,2/4/2016,Active,1
TB-21520,Tracy Blumstein,Consumer,West,California,Los Angeles,1,73.51,33.5,0.1,7/23/2017,Active,1
TB-21520,Tracy Blumstein,Consumer,West,Oregon,Portland,1,412.66,106.69,0.2,9/26/2015,Active,1
TB-21595,Troy Blackwell,Consumer,Central,Indiana,Columbus,1,2.91,1.37,0.0,3/20/2017,Active,1
TB-21595,Troy Blackwell,Consumer,Central,Texas,Lubbock,1,25.16,-11.32,0.6,2/18/2014,Active,1
TB-21595,Troy Blackwell,Consumer,Central,Wisconsin,Milwaukee,1,754.45,60.36,0.0,12/29/2016,Active,1
TB-21595,Troy Blackwell,Consumer,East,Ohio,Springfield,1,458.35,-204.94,0.45,3/29/2016,Active,1
TB-21595,Troy Blackwell,Consumer,West,Oregon,Portland,1,146.69,18.13,0.2,11/7/2014,Active,1
TB-21625,Trudy Brown,Consumer,Central,Kansas,Wichita,1,224.75,62.93,0.0,9/11/2016,Active,1
TB-21625,Trudy Brown,Consumer,Central,Texas,Grand Prairie,1,18.42,-17.29,0.7,12/31/2015,Active,1
TB-21625,Trudy Brown,Consumer,East,Connecticut,Manchester,1,93.79,24.15,0.0,5/28/2015,Active,1
TB-21625,Trudy Brown,Consumer,East,Maryland,Hagerstown,1,43.8,20.59,0.0,11/17/2017,Active,1
TB-21625,Trudy Brown,Consumer,East,New York,New York City,2,1006.03,312.18,0.04,8/6/2014,Active,1
TB-21625,Trudy Brown,Consumer,East,Pennsylvania,Philadelphia,1,1079.32,-15.42,0.3,11/30/2017,Active,1
TB-21625,Trudy Brown,Consumer,West,California,Los Angeles,1,17.94,8.07,0.0,5/8/2016,Active,1
TB-21625,Trudy Brown,Consumer,West,California,San Francisco,1,313.63,-15.33,0.1,10/25/2015,Active,1
TC-20980,Tamara Chand,Corporate,Central,Indiana,Lafayette,1,18336.74,8762.39,0.0,10/2/2016,Active,1
TC-20980,Tamara Chand,Corporate,Central,Texas,Houston,1,100.4,-17.33,0.5,11/7/2014,Active,1
TC-20980,Tamara Chand,Corporate,East,New York,Long Beach,1,85.85,37.72,0.1,9/20/2015,Active,1
TC-20980,Tamara Chand,Corporate,South,Alabama,Decatur,1,521.92,195.98,0.0,12/27/2014,Active,1
TC-20980,Tamara Chand,Corporate,West,Washington,Seattle,1,7.31,2.56,0.2,11/26/2016,Active,1
TC-21145,Theresa Coyne,Corporate,East,New Jersey,Lakewood,1,1038.26,265.53,0.0,9/15/2017,Active,1
TC-21295,Toby Carlisle,Consumer,Central,Texas,Houston,1,21.99,-32.98,0.8,11/14/2017,Active,1
TC-21295,Toby Carlisle,Consumer,East,Massachusetts,Everett,1,1885.27,312.95,0.0,10/14/2014,Active,1
TC-21295,Toby Carlisle,Consumer,East,New York,New York City,1,59.2,29.6,0.0,5/6/2017,Active,1
TC-21295,Toby Carlisle,Consumer,South,Florida,Jupiter,1,2.06,0.15,0.2,11/13/2017,Active,1
TC-21295,Toby Carlisle,Consumer,South,Florida,Tallahassee,1,695.7,-27.83,0.5,6/9/2016,Active,1
TC-21295,Toby Carlisle,Consumer,West,California,San Diego,1,166.44,79.89,0.0,12/3/2017,Active,1
TC-21295,Toby Carlisle,Consumer,West,California,Westminster,1,988.2,155.0,0.057,7/14/2017,Active,1
TC-21295,Toby Carlisle,Consumer,West,Colorado,Thornton,1,447.94,89.59,0.2,12/20/2014,Active,1
TC-21475,Tony Chapman,Home Office,Central,Illinois,Bolingbrook,1,9.98,-16.47,0.8,11/22/2014,Active,1
TC-21475,Tony Chapman,Home Office,Central,Illinois,Danville,1,43.37,-69.4,0.8,4/30/2017,Active,1
TC-21475,Tony Chapman,Home Office,East,District of Columbia,Washington,1,33.92,13.23,0.0,12/5/2016,Active,1
TC-21475,Tony Chapman,Home Office,East,Ohio,Lakewood,1,76.78,-53.74,0.7,7/30/2017,Active,1
TC-21475,Tony Chapman,Home Office,South,Arkansas,Fayetteville,1,19.44,9.33,0.0,12/15/2016,Active,1
TC-21475,Tony Chapman,Home Office,South,Georgia,Columbus,1,771.8,199.61,0.0,4/2/2017,Active,1
TC-21475,Tony Chapman,Home Office,West,Colorado,Aurora,1,49.4,4.0,0.2,4/27/2015,Active,1
TC-21475,Tony Chapman,Home Office,West,Colorado,Fort Collins,1,98.33,9.83,0.2,8/22/2016,Active,1
TC-21475,Tony Chapman,Home Office,West,Washington,Seattle,1,141.96,22.71,0.0,11/19/2015,Active,1
TC-21535,Tracy Collins,Home Office,East,New York,New York City,1,65.72,26.3,0.0,6/4/2015,Active,1
TC-21535,Tracy Collins,Home Office,East,Ohio,Columbus,1,3.13,-2.61,0.7,12/26/2017,Active,1
TC-21535,Tracy Collins,Home Office,South,Virginia,Arlington,1,61.96,4.34,0.0,9/19/2015,Active,1
TC-21535,Tracy Collins,Home Office,West,California,Los Angeles,2,135.75,27.8,0.067,11/3/2014,Active,1
TC-21535,Tracy Collins,Home Office,West,California,San Francisco,2,475.99,162.11,0.067,7/19/2016,Active,1
TD-20995,Tamara Dahlen,Consumer,Central,Illinois,Bolingbrook,1,59.85,-4.9,0.35,8/23/2015,Active,1
TD-20995,Tamara Dahlen,Consumer,Central,Illinois,Quincy,1,19.56,1.71,0.2,6/15/2017,Active,1
TD-20995,Tamara Dahlen,Consumer,Central,Texas,Garland,1,28.78,-28.7,0.5,11/11/2017,Active,1
TD-20995,Tamara Dahlen,Consumer,East,Massachusetts,Lowell,1,45.08,18.79,0.0,7/8/2017,Active,1
TD-20995,Tamara Dahlen,Consumer,East,New York,New York City,1,54.9,15.37,0.0,4/23/2017,Active,1
TD-20995,Tamara Dahlen,Consumer,East,Pennsylvania,Philadelphia,1,24.05,7.21,0.2,11/23/2017,Active,1
TD-20995,Tamara Dahlen,Consumer,South,Virginia,Virginia Beach,1,34.2,9.23,0.0,5/19/2014,Active,1
TD-20995,Tamara Dahlen,Consumer,West,California,San Diego,1,1167.06,70.25,0.2,1/21/2016,Active,1
TD-20995,Tamara Dahlen,Consumer,West,Oregon,Portland,1,1.08,-0.79,0.7,7/9/2017,Active,1
TG-21310,Toby Gnade,Consumer,East,New York,New York City,1,137.94,35.86,0.0,1/27/2017,Active,1
TG-21310,Toby Gnade,Consumer,South,North Carolina,Raleigh,1,4.61,1.67,0.2,3/9/2015,Active,1
TG-21310,Toby Gnade,Consumer,West,Arizona,Mesa,1,860.92,-200.0,0.325,7/14/2015,Active,1
TG-21310,Toby Gnade,Consumer,West,California,Los Angeles,1,1054.93,394.64,0.2,11/15/2016,Active,1
TG-21310,Toby Gnade,Consumer,West,Washington,Des Moines,1,999.98,449.99,0.0,9/2/2016,Active,1
TG-21640,Trudy Glocke,Consumer,Central,Missouri,Saint Charles,1,248.82,84.43,0.0,9/7/2017,Active,1
TG-21640,Trudy Glocke,Consumer,South,Florida,Tampa,1,1142.16,89.42,0.367,3/31/2014,Active,1
TG-21640,Trudy Glocke,Consumer,West,California,Long Beach,1,187.94,90.7,0.0,9/18/2015,Active,1
TG-21640,Trudy Glocke,Consumer,West,Idaho,Pocatello,1,495.74,101.17,0.1,6/9/2015,Active,1
TH-21100,Thea Hendricks,Consumer,East,Ohio,Toledo,1,1537.54,-240.72,0.3,11/24/2014,Active,1
TH-21100,Thea Hendricks,Consumer,South,Virginia,Salem,1,27.86,9.19,0.0,5/9/2016,Active,1
TH-21100,Thea Hendricks,Consumer,West,Arizona,Glendale,1,10.74,0.81,0.2,4/13/2015,Active,1
TH-21100,Thea Hendricks,Consumer,West,California,Los Angeles,1,160.78,10.05,0.2,1/20/2017,Active,1
TH-21100,Thea Hendricks,Consumer,West,California,San Diego,1,685.9,85.46,0.1,9/27/2014,Active,1
TH-21115,Thea Hudgings,Corporate,Central,Texas,Houston,1,2027.19,-82.86,0.367,4/18/2016,Active,1
TH-21115,Thea Hudgings,Corporate,East,Delaware,Newark,1,11.12,5.45,0.0,9/23/2014,Active,1
TH-21115,Thea Hudgings,Corporate,East,Pennsylvania,Philadelphia,1,891.5,-181.36,0.25,11/2/2017,Active,1
TH-21115,Thea Hudgings,Corporate,East,Rhode Island,Providence,1,12.96,6.22,0.0,7/8/2016,Active,1
TH-21235,Tiffany House,Corporate,Central,Illinois,Chicago,1,110.43,-35.24,0.55,5/28/2017,Active,1
TH-21235,Tiffany House,Corporate,Central,Texas,Dallas,1,490.39,59.4,0.2,6/8/2017,Active,1
TH-21235,Tiffany House,Corporate,East,New York,New York City,1,109.84,-3.72,0.2,12/23/2014,Active,1
TH-21235,Tiffany House,Corporate,East,Pennsylvania,Philadelphia,1,36.35,6.7,0.2,5/26/2016,Active,1
TH-21235,Tiffany House,Corporate,West,Arizona,Yuma,1,185.53,48.7,0.2,5/14/2016,Active,1
TH-21235,Tiffany House,Corporate,West,California,Long Beach,1,2.94,0.79,0.0,11/4/2014,Active,1
TH-21235,Tiffany House,Corporate,West,California,Los Angeles,2,86.72,16.1,0.0,9/4/2017,Active,1
TH-21550,Tracy Hopkins,Home Office,Central,Michigan,Detroit,1,564.38,143.44,0.0,6/26/2017,Active,1
TH-21550,Tracy Hopkins,Home Office,East,Maryland,Columbia,1,394.48,172.96,0.0,8/21/2017,Active,1
TH-21550,Tracy Hopkins,Home Office,East,Massachusetts,Everett,1,1132.84,288.64,0.0,9/21/2015,Active,1
TH-21550,Tracy Hopkins,Home Office,East,New York,New York City,2,253.24,97.55,0.0,7/23/2015,Active,1
TH-21550,Tracy Hopkins,Home Office,South,Florida,Jacksonville,1,255.97,32.0,0.2,5/16/2015,Active,1
TH-21550,Tracy Hopkins,Home Office,South,North Carolina,Burlington,1,1633.19,-1306.55,0.7,10/19/2017,Active,1
TM-21010,Tamara Manning,Consumer,Central,Illinois,Woodstock,1,8.85,-13.72,0.8,2/21/2014,Active,1
TM-21010,Tamara Manning,Consumer,Central,Iowa,Marion,1,136.2,59.88,0.0,1/29/2017,Active,1
TM-21010,Tamara Manning,Consumer,Central,Nebraska,Grand Island,1,15.96,7.98,0.0,9/18/2017,Active,1
TM-21010,Tamara Manning,Consumer,East,New York,Auburn,1,193.26,44.75,0.0,9/12/2015,Active,1
TM-21010,Tamara Manning,Consumer,South,Mississippi,Jackson,1,47.79,16.25,0.0,4/30/2014,Active,1
TM-21010,Tamara Manning,Consumer,West,California,San Francisco,1,384.18,138.48,0.1,1/20/2017,Active,1
TM-21010,Tamara Manning,Consumer,West,California,Vacaville,1,423.28,110.05,0.0,8/8/2014,Active,1
TM-21010,Tamara Manning,Consumer,West,Utah,Orem,1,1745.71,209.64,0.0,5/31/2015,Active,1
TM-21490,Tony Molinari,Consumer,Central,Oklahoma,Oklahoma City,1,325.86,149.9,0.0,3/30/2017,Active,1
TM-21490,Tony Molinari,Consumer,East,New York,Yonkers,1,558.81,140.0,0.0,7/27/2017,Active,1
TM-21490,Tony Molinari,Consumer,West,California,San Francisco,1,210.01,2.63,0.2,8/22/2017,Active,1
TN-21040,Tanja Norvell,Home Office,Central,Illinois,Park Ridge,1,286.4,25.06,0.2,5/28/2016,Active,1
TN-21040,Tanja Norvell,Home Office,East,New York,New York City,1,559.93,167.98,0.0,9/7/2015,Active,1
TN-21040,Tanja Norvell,Home Office,South,Florida,Tallahassee,1,431.98,-75.6,0.2,9/26/2016,Active,1
TN-21040,Tanja Norvell,Home Office,West,Arizona,Phoenix,1,1588.32,-857.19,0.36,4/22/2016,Active,1
TN-21040,Tanja Norvell,Home Office,West,California,Manteca,1,137.63,21.25,0.1,10/10/2014,Active,1
TN-21040,Tanja Norvell,Home Office,West,California,San Diego,1,21.21,4.45,0.0,12/16/2016,Active,1
TN-21040,Tanja Norvell,Home Office,West,California,San Francisco,1,104.75,22.0,0.0,10/1/2017,Active,1
TP-21130,Theone Pippenger,Consumer,Central,Illinois,Naperville,1,2.81,-4.49,0.8,9/20/2015,Active,1
TP-21130,Theone Pippenger,Consumer,Central,Michigan,Detroit,1,2283.43,577.13,0.0,12/22/2017,Active,1
TP-21130,Theone Pippenger,Consumer,Central,Minnesota,Rochester,1,551.55,176.52,0.0,12/4/2017,Active,1
TP-21130,Theone Pippenger,Consumer,Central,Texas,Waco,1,23.97,2.4,0.2,8/31/2016,Active,1
TP-21130,Theone Pippenger,Consumer,East,Pennsylvania,Philadelphia,1,11.63,1.02,0.2,7/14/2016,Active,1
TP-21130,Theone Pippenger,Consumer,South,Georgia,Columbus,1,254.99,107.63,0.0,9/19/2016,Active,1
TP-21130,Theone Pippenger,Consumer,South,Georgia,Smyrna,1,5.67,0.11,0.0,1/24/2017,Active,1
TP-21130,Theone Pippenger,Consumer,South,Kentucky,Georgetown,1,1284.8,266.17,0.0,12/5/2016,Active,1
TP-21130,Theone Pippenger,Consumer,West,Oregon,Springfield,1,35.21,2.64,0.2,4/14/2015,Active,1
TP-21415,Tom Prescott,Consumer,Central,Texas,Dallas,1,179.54,-91.11,0.64,8/28/2016,Active,1
TP-21415,Tom Prescott,Consumer,Central,Texas,Houston,1,397.74,-436.26,0.6,2/9/2017,Active,1
TP-21415,Tom Prescott,Consumer,East,New York,Freeport,1,322.59,64.52,0.0,11/28/2015,Active,1
TP-21415,Tom Prescott,Consumer,East,Pennsylvania,Philadelphia,1,4416.17,-630.88,0.3,8/17/2017,Active,1
TP-21415,Tom Prescott,Consumer,West,Washington,Seattle,1,12.96,6.35,0.0,9/17/2017,Active,1
TP-21565,Tracy Poddar,Corporate,Central,Texas,Coppell,1,95.84,34.74,0.2,3/1/2015,Active,1
TP-21565,Tracy Poddar,Corporate,Central,Texas,Grand Prairie,1,38.08,-29.51,0.6,10/3/2016,Active,1
TP-21565,Tracy Poddar,Corporate,West,Colorado,Aurora,1,337.69,-0.04,0.2,1/14/2017,Active,1
TP-21565,Tracy Poddar,Corporate,West,Oregon,Eugene,1,1465.03,134.04,0.2,11/4/2016,Active,1
TR-21325,Toby Ritter,Consumer,Central,Iowa,Cedar Rapids,1,278.4,80.74,0.0,9/5/2016,Active,1
TR-21325,Toby Ritter,Consumer,East,New Jersey,Belleville,1,249.79,76.8,0.0,6/20/2017,Active,1
TR-21325,Toby Ritter,Consumer,South,Tennessee,Nashville,1,15.55,5.44,0.2,8/14/2016,Active,1
TR-21325,Toby Ritter,Consumer,West,California,San Francisco,1,58.2,28.52,0.0,12/1/2014,Active,1
TR-21325,Toby Ritter,Consumer,West,Washington,Seattle,1,74.0,28.86,0.0,9/8/2016,Active,1
TS-21085,Thais Sissman,Consumer,South,Florida,Ormond Beach,1,2.81,-1.97,0.7,1/7/2017,Active,1
TS-21085,Thais Sissman,Consumer,West,Arizona,Phoenix,1,2.02,-1.35,0.7,7/19/2015,Active,1
TS-21160,Theresa Swint,Corporate,Central,Wisconsin,West Allis,1,250.48,28.37,0.0,8/13/2016,Active,1
TS-21160,Theresa Swint,Corporate,East,Ohio,Toledo,1,239.2,-70.12,0.317,4/16/2015,Active,1
TS-21160,Theresa Swint,Corporate,East,Pennsylvania,Philadelphia,1,2.5,-1.75,0.7,4/23/2014,Active,1
TS-21160,Theresa Swint,Corporate,East,Pennsylvania,York,1,714.5,-96.89,0.4,6/25/2016,Active,1
TS-21160,Theresa Swint,Corporate,South,Georgia,Columbus,1,896.31,381.66,0.0,4/20/2015,Active,1
TS-21160,Theresa Swint,Corporate,West,California,San Francisco,1,60.63,19.6,0.0,3/3/2016,Active,1
TS-21205,Thomas Seio,Corporate,Central,Illinois,Chicago,1,28.84,-50.05,0.5,12/9/2014,Active,1
TS-21205,Thomas Seio,Corporate,East,New Jersey,Hackensack,1,87.54,37.64,0.0,9/27/2014,Active,1
TS-21205,Thomas Seio,Corporate,South,North Carolina,Asheville,1,16.27,-3.86,0.2,3/21/2014,Active,1
TS-21205,Thomas Seio,Corporate,South,Tennessee,Nashville,1,2942.78,286.36,0.229,6/15/2017,Active,1
TS-21205,Thomas Seio,Corporate,West,California,Riverside,1,1085.69,104.76,0.1,8/1/2016,Active,1
TS-21205,Thomas Seio,Corporate,West,California,San Francisco,1,1075.37,432.73,0.0,11/17/2014,Active,1
TS-21205,Thomas Seio,Corporate,West,Nevada,North Las Vegas,1,134.6,55.31,0.0,6/9/2014,Active,1
TS-21340,Toby Swindell,Consumer,Central,Texas,Houston,1,1.11,-1.89,0.8,3/10/2015,Active,1
TS-21340,Toby Swindell,Consumer,East,New York,New York City,1,17.61,7.29,0.1,5/18/2017,Active,1
TS-21340,Toby Swindell,Consumer,West,Arizona,Scottsdale,1,378.59,-288.0,0.45,1/19/2014,Active,1
TS-21340,Toby Swindell,Consumer,West,California,Los Angeles,1,568.86,94.61,0.1,11/24/2015,Active,1
TS-21340,Toby Swindell,Consumer,West,California,San Francisco,1,8.61,3.01,0.2,9/8/2014,Active,1
TS-21370,Todd Sumrall,Corporate,Central,Illinois,Chicago,1,2799.96,874.99,0.2,8/28/2015,Active,1
TS-21370,Todd Sumrall,Corporate,East,Delaware,Wilmington,1,1136.9,260.11,0.1,7/11/2015,Active,1
TS-21370,Todd Sumrall,Corporate,East,New York,New York City,2,6492.31,1574.97,0.04,11/24/2017,Active,1
TS-21370,Todd Sumrall,Corporate,West,Arizona,Phoenix,1,209.98,-356.96,0.7,5/11/2017,Active,1
TS-21370,Todd Sumrall,Corporate,West,California,Los Angeles,1,1252.6,18.61,0.07,10/28/2014,Active,1
TS-21430,Tom Stivers,Corporate,Central,Oklahoma,Oklahoma City,1,30.36,13.05,0.0,11/13/2016,Active,1
TS-21430,Tom Stivers,Corporate,East,Pennsylvania,Reading,1,545.93,-242.75,0.35,11/11/2014,Active,1
TS-21430,Tom Stivers,Corporate,West,California,Los Angeles,1,8.26,3.8,0.0,8/26/2016,Active,1
TS-21430,Tom Stivers,Corporate,West,California,San Diego,1,101.75,14.71,0.2,7/11/2017,Active,1
TS-21430,Tom Stivers,Corporate,West,Washington,Seattle,1,1367.84,259.89,0.0,7/30/2014,Active,1
TS-21505,Tony Sayre,Consumer,East,New Hampshire,Concord,1,102.3,26.6,0.0,7/3/2017,Active,1
TS-21505,Tony Sayre,Consumer,East,Ohio,Cleveland,1,642.02,-69.84,0.2,9/25/2016,Active,1
TS-21505,Tony Sayre,Consumer,South,Tennessee,Columbia,1,732.31,87.45,0.2,12/20/2014,Active,1
TS-21505,Tony Sayre,Consumer,West,California,San Francisco,1,461.59,152.76,0.1,11/7/2017,Active,1
TS-21505,Tony Sayre,Consumer,West,Colorado,Parker,1,193.63,-197.23,0.367,12/19/2017,Active,1
TS-21505,Tony Sayre,Consumer,West,New Mexico,Clovis,1,111.42,11.64,0.1,9/18/2017,Active,1
TS-21610,Troy Staebel,Consumer,Central,Illinois,Chicago,1,8.86,-6.86,0.6,6/12/2017,Active,1
TS-21610,Troy Staebel,Consumer,Central,Illinois,Freeport,1,170.57,-131.41,0.533,10/13/2017,Active,1
TS-21610,Troy Staebel,Consumer,East,New York,New York City,1,14.62,5.48,0.2,9/9/2016,Active,1
TS-21610,Troy Staebel,Consumer,East,Ohio,Springfield,1,295.4,-62.77,0.2,9/17/2016,Active,1
TS-21610,Troy Staebel,Consumer,East,Pennsylvania,Philadelphia,1,853.09,-227.49,0.4,8/16/2014,Active,1
TS-21610,Troy Staebel,Consumer,West,Arizona,Phoenix,1,246.38,28.67,0.45,11/5/2017,Active,1
TS-21610,Troy Staebel,Consumer,West,California,San Francisco,1,1231.5,99.69,0.1,6/16/2017,Active,1
TS-21655,Trudy Schmidt,Consumer,Central,Texas,El Paso,1,1322.75,-151.34,0.375,1/2/2017,Active,1
TS-21655,Trudy Schmidt,Consumer,Central,Texas,Houston,1,692.21,-126.35,0.4,2/6/2015,Active,1
TS-21655,Trudy Schmidt,Consumer,Central,Wisconsin,Milwaukee,1,330.15,92.44,0.0,4/25/2015,Active,1
TS-21655,Trudy Schmidt,Consumer,South,Arkansas,Fayetteville,1,870.04,364.87,0.0,12/25/2016,Active,1
TS-21655,Trudy Schmidt,Consumer,West,California,Rancho Cucamonga,1,152.94,41.29,0.0,5/6/2017,Active,1
TT-21070,Ted Trevino,Consumer,East,New York,Rochester,1,652.41,197.38,0.1,2/14/2015,Active,1
TT-21070,Ted Trevino,Consumer,East,Ohio,Akron,1,165.17,9.51,0.2,5/18/2014,Active,1
TT-21070,Ted Trevino,Consumer,East,Pennsylvania,Philadelphia,1,23.9,7.77,0.2,4/5/2015,Active,1
TT-21070,Ted Trevino,Consumer,South,Tennessee,Chattanooga,1,491.89,67.83,0.2,11/29/2017,Active,1
TT-21070,Ted Trevino,Consumer,South,Virginia,Chesapeake,1,254.97,111.89,0.0,9/8/2014,Active,1
TT-21070,Ted Trevino,Consumer,West,California,Los Angeles,1,5.98,2.69,0.0,5/11/2016,Active,1
TT-21070,Ted Trevino,Consumer,West,Washington,Seattle,1,3321.28,354.9,0.1,11/13/2017,Active,1
TT-21220,Thomas Thornton,Consumer,Central,Texas,Houston,2,629.6,30.68,0.4,4/6/2015,Active,1
TT-21220,Thomas Thornton,Consumer,East,Delaware,Dover,1,44.34,18.38,0.0,9/23/2014,Active,1
TT-21220,Thomas Thornton,Consumer,East,New York,New York City,1,13.78,4.48,0.2,5/15/2016,Active,1
TT-21220,Thomas Thornton,Consumer,South,Virginia,Virginia Beach,1,182.91,53.04,0.0,10/30/2015,Active,1
TT-21220,Thomas Thornton,Consumer,West,California,Chula Vista,1,192.8,55.91,0.0,11/4/2016,Active,1
TT-21220,Thomas Thornton,Consumer,West,California,Los Angeles,1,204.95,100.43,0.0,6/30/2017,Active,1
TT-21220,Thomas Thornton,Consumer,West,California,San Francisco,1,158.67,15.82,0.2,8/8/2015,Active,1
TT-21265,Tim Taslimi,Corporate,Central,Indiana,Indianapolis,1,54.96,15.94,0.0,11/19/2016,Active,1
TT-21265,Tim Taslimi,Corporate,East,New York,New York City,1,61.44,16.59,0.0,10/2/2016,Active,1
TT-21265,Tim Taslimi,Corporate,West,California,Los Angeles,1,323.1,61.39,0.0,8/15/2015,Active,1
TT-21460,Tonja Turnell,Home Office,Central,Illinois,Aurora,1,23.95,2.4,0.2,4/22/2016,Active,1
TT-21460,Tonja Turnell,Home Office,Central,Indiana,Richmond,1,3083.94,905.62,0.0,11/26/2017,Active,1
TT-21460,Tonja Turnell,Home Office,Central,Texas,Fort Worth,1,2079.11,281.12,0.2,12/8/2015,Active,1
TT-21460,Tonja Turnell,Home Office,Central,Texas,Houston,1,114.68,-76.11,0.333,3/4/2017,Active,1
TT-21460,Tonja Turnell,Home Office,South,North Carolina,Charlotte,1,35.96,3.6,0.2,8/20/2017,Active,1
TT-21460,Tonja Turnell,Home Office,West,California,Los Angeles,1,21.4,6.21,0.0,1/15/2017,Active,1
TT-21460,Tonja Turnell,Home Office,West,California,San Francisco,1,5.76,1.67,0.0,12/18/2017,Active,1
TW-21025,Tamara Willingham,Home Office,East,New Jersey,Plainfield,1,6.48,3.18,0.0,7/21/2017,Active,1
TW-21025,Tamara Willingham,Home Office,East,New York,New York City,1,296.71,100.14,0.2,12/22/2014,Active,1
TW-21025,Tamara Willingham,Home Office,South,Virginia,Charlottesville,1,67.96,12.23,0.0,9/5/2015,Active,1
TW-21025,Tamara Willingham,Home Office,West,Arizona,Mesa,1,44.78,16.23,0.2,10/27/2017,Active,1
TW-21025,Tamara Willingham,Home Office,West,Arizona,Scottsdale,1,361.1,33.0,0.2,3/13/2016,Active,1
TW-21025,Tamara Willingham,Home Office,West,Washington,Seattle,2,4501.79,572.6,0.067,6/13/2017,Active,1
TZ-21580,Tracy Zic,Consumer,West,California,Lakewood,1,41.98,15.28,0.0,12/4/2015,Active,1
TZ-21580,Tracy Zic,Consumer,West,California,Los Angeles,1,492.85,75.97,0.067,2/22/2016,Active,1
TZ-21580,Tracy Zic,Consumer,West,California,San Francisco,1,5.16,1.34,0.0,11/25/2017,Active,1
TZ-21580,Tracy Zic,Consumer,West,Colorado,Louisville,1,1167.3,132.29,0.2,11/11/2014,Active,1
VB-21745,Victoria Brennan,Corporate,Central,Michigan,Lincoln Park,1,167.29,29.74,0.1,11/27/2016,Active,1
VB-21745,Victoria Brennan,Corporate,Central,Texas,Houston,1,20.7,5.46,0.2,7/17/2015,Active,1
VB-21745,Victoria Brennan,Corporate,Central,Texas,San Antonio,1,386.49,79.15,0.4,11/23/2015,Active,1
VB-21745,Victoria Brennan,Corporate,East,New York,Rochester,1,756.8,75.68,0.0,10/28/2016,Active,1
VB-21745,Victoria Brennan,Corporate,South,Georgia,Columbus,1,668.54,178.37,0.0,3/8/2017,Active,1
VB-21745,Victoria Brennan,Corporate,South,Kentucky,Richmond,1,5.78,2.83,0.0,11/6/2017,Active,1
VD-21670,Valerie Dominguez,Consumer,Central,Texas,Houston,1,971.88,109.34,0.2,6/26/2015,Active,1
VD-21670,Valerie Dominguez,Consumer,East,New York,New York City,1,2220.06,841.94,0.0,11/1/2015,Active,1
VD-21670,Valerie Dominguez,Consumer,South,Florida,Coral Springs,1,387.14,24.2,0.2,11/5/2015,Active,1
VD-21670,Valerie Dominguez,Consumer,South,Mississippi,Jackson,1,185.88,50.19,0.0,5/28/2016,Active,1
VD-21670,Valerie Dominguez,Consumer,South,Tennessee,Columbia,1,551.26,15.57,0.2,2/28/2015,Active,1
VD-21670,Valerie Dominguez,Consumer,West,Utah,Pleasant Grove,1,2126.03,576.56,0.067,8/4/2014,Active,1
VF-21715,Vicky Freymann,Home Office,Central,Illinois,Elmhurst,1,651.59,-166.44,0.25,3/1/2014,Active,1
VF-21715,Vicky Freymann,Home Office,Central,Indiana,Columbus,1,28.16,13.24,0.0,12/17/2017,Active,1
VF-21715,Vicky Freymann,Home Office,West,California,Los Angeles,1,22.0,7.68,0.0,7/25/2014,Active,1
VF-21715,Vicky Freymann,Home Office,West,California,San Francisco,1,12.62,3.58,0.0,5/22/2017,Active,1
VF-21715,Vicky Freymann,Home Office,West,Washington,Seattle,1,133.58,45.67,0.05,7/8/2017,Active,1
VG-21790,Vivek Gonzalez,Consumer,South,Florida,Jacksonville,1,155.46,-7.77,0.2,8/8/2014,Active,1
VG-21790,Vivek Gonzalez,Consumer,West,California,Los Angeles,1,211.17,18.48,0.2,8/6/2016,Active,1
VG-21790,Vivek Gonzalez,Consumer,West,California,San Diego,1,151.72,27.31,0.0,11/24/2014,Active,1
VG-21790,Vivek Gonzalez,Consumer,West,California,San Francisco,1,136.53,44.77,0.067,1/29/2017,Active,1
VG-21790,Vivek Gonzalez,Consumer,West,California,San Mateo,1,75.18,35.33,0.0,7/8/2017,Active,1
VG-21790,Vivek Gonzalez,Consumer,West,Washington,Seattle,1,115.96,25.51,0.0,7/29/2017,Active,1
VG-21805,Vivek Grady,Corporate,Central,Illinois,Chicago,1,331.54,-82.88,0.2,9/22/2014,Active,1
VG-21805,Vivek Grady,Corporate,Central,Indiana,Richmond,1,22.48,10.34,0.0,3/24/2016,Active,1
VG-21805,Vivek Grady,Corporate,East,New Jersey,Lakewood,1,8.94,2.41,0.0,3/19/2017,Active,1
VG-21805,Vivek Grady,Corporate,East,Pennsylvania,Philadelphia,1,53.46,14.84,0.2,8/26/2016,Active,1
VG-21805,Vivek Grady,Corporate,South,Virginia,Virginia Beach,1,10.96,2.96,0.0,5/12/2016,Active,1
VM-21685,Valerie Mitchum,Home Office,Central,Illinois,Woodstock,1,2.91,0.91,0.2,7/16/2017,Active,1
VM-21685,Valerie Mitchum,Home Office,East,New Jersey,Westfield,1,46.26,12.03,0.0,11/6/2017,Active,1
VM-21685,Valerie Mitchum,Home Office,East,Pennsylvania,Philadelphia,1,38.53,-3.81,0.2,11/1/2015,Active,1
VM-21685,Valerie Mitchum,Home Office,East,Vermont,Burlington,1,1294.75,336.64,0.0,4/6/2016,Active,1
VM-21685,Valerie Mitchum,Home Office,South,Georgia,Marietta,1,259.29,78.24,0.0,4/7/2014,Active,1
VM-21685,Valerie Mitchum,Home Office,West,California,Lancaster,1,100.16,35.06,0.2,9/8/2016,Active,1
VM-21685,Valerie Mitchum,Home Office,West,Washington,Seattle,1,712.97,54.47,0.067,3/16/2017,Active,1
VM-21835,Vivian Mathis,Consumer,Central,Indiana,Portage,1,16.28,6.51,0.0,3/22/2014,Active,1
VM-21835,Vivian Mathis,Consumer,East,Delaware,Newark,1,162.52,78.33,0.0,3/17/2016,Active,1
VM-21835,Vivian Mathis,Consumer,East,New Hampshire,Nashua,1,14.82,6.97,0.0,9/4/2017,Active,1
VM-21835,Vivian Mathis,Consumer,South,Florida,Boca Raton,1,58.4,-24.32,0.45,6/14/2016,Active,1
VM-21835,Vivian Mathis,Consumer,West,California,Mission Viejo,1,128.67,49.14,0.0,5/12/2016,Active,1
VP-21730,Victor Preis,Home Office,Central,Michigan,Sterling Heights,1,19.0,8.93,0.0,7/5/2015,Active,1
VP-21730,Victor Preis,Home Office,East,New York,New York City,1,899.11,170.88,0.0,11/30/2017,Active,1
VP-21730,Victor Preis,Home Office,West,Nevada,Las Vegas,1,75.79,25.58,0.2,6/30/2017,Active,1
VP-21760,Victoria Pisteka,Corporate,Central,Indiana,Indianapolis,1,386.34,54.09,0.0,10/6/2014,Active,1
VP-21760,Victoria Pisteka,Corporate,Central,Texas,Brownsville,1,247.78,24.49,0.2,12/9/2014,Active,1
VP-21760,Victoria Pisteka,Corporate,East,New York,New York City,1,198.67,31.65,0.0,6/26/2016,Active,1
VP-21760,Victoria Pisteka,Corporate,East,Ohio,Columbus,1,366.67,-87.3,0.233,5/29/2015,Active,1
VP-21760,Victoria Pisteka,Corporate,East,Ohio,Toledo,1,166.92,-116.84,0.7,11/15/2015,Active,1
VP-21760,Victoria Pisteka,Corporate,South,Tennessee,Columbia,1,1893.79,-964.48,0.3,10/16/2017,Active,1
VP-21760,Victoria Pisteka,Corporate,West,California,San Francisco,1,100.36,39.63,0.0,9/6/2014,Active,1
VS-21820,Vivek Sundaresam,Consumer,Central,Illinois,Naperville,1,610.31,-176.59,0.55,5/24/2015,Active,1
VS-21820,Vivek Sundaresam,Consumer,Central,Texas,Huntsville,1,87.16,-71.96,0.7,1/7/2014,Active,1
VS-21820,Vivek Sundaresam,Consumer,South,North Carolina,Raleigh,1,187.23,-7.83,0.367,1/8/2016,Active,1
VS-21820,Vivek Sundaresam,Consumer,West,California,Los Angeles,1,171.29,-6.42,0.2,5/23/2017,Active,1
VT-21700,Valerie Takahito,Home Office,Central,Texas,Houston,1,100.24,33.83,0.2,6/6/2014,Active,1
VT-21700,Valerie Takahito,Home Office,East,Pennsylvania,Philadelphia,1,1636.36,-257.92,0.35,4/5/2015,Active,1
VW-21775,Victoria Wilson,Corporate,Central,South Dakota,Sioux Falls,1,9.51,3.99,0.0,7/15/2014,Active,1
VW-21775,Victoria Wilson,Corporate,Central,Texas,Huntsville,1,1212.96,-69.31,0.3,5/11/2014,Active,1
VW-21775,Victoria Wilson,Corporate,East,New York,New York City,1,1247.64,349.34,0.0,11/17/2017,Active,1
VW-21775,Victoria Wilson,Corporate,East,Ohio,Lakewood,1,661.18,-231.41,0.4,10/21/2016,Active,1
VW-21775,Victoria Wilson,Corporate,East,Ohio,Medina,1,1816.7,-1196.06,0.4,1/2/2015,Active,1
VW-21775,Victoria Wilson,Corporate,South,Alabama,Montgomery,1,21.36,8.12,0.0,9/8/2015,Active,1
VW-21775,Victoria Wilson,Corporate,West,California,Los Angeles,1,459.98,42.6,0.0,10/24/2016,Active,1
VW-21775,Victoria Wilson,Corporate,West,California,San Francisco,2,699.44,216.54,0.05,2/11/2017,Active,1
VW-21775,Victoria Wilson,Corporate,West,Washington,Bellevue,1,5.28,1.53,0.0,2/6/2015,Active,1
WB-21850,William Brown,Consumer,Central,Iowa,Urbandale,1,45.92,21.58,0.0,11/11/2017,Active,1
WB-21850,William Brown,Consumer,Central,Texas,Grand Prairie,1,84.87,-57.73,0.5,12/20/2014,Active,1
WB-21850,William Brown,Consumer,Central,Texas,La Porte,1,30.39,-32.53,0.7,10/10/2016,Active,1
WB-21850,William Brown,Consumer,East,New York,New York City,1,126.18,53.79,0.067,1/15/2016,Active,1
WB-21850,William Brown,Consumer,East,Pennsylvania,Philadelphia,2,349.69,-96.08,0.44,12/10/2017,Active,1
WB-21850,William Brown,Consumer,West,California,Anaheim,1,1937.92,272.38,0.109,12/11/2016,Active,1
WB-21850,William Brown,Consumer,West,California,Concord,1,43.31,4.33,0.0,12/12/2014,Active,1
WB-21850,William Brown,Consumer,West,California,Los Angeles,2,2830.04,526.69,0.111,6/29/2017,Active,1
WB-21850,William Brown,Consumer,West,Oregon,Redmond,1,711.78,21.89,0.2,8/10/2015,Active,1
XP-21865,Xylona Preis,Consumer,Central,Illinois,Chicago,1,68.11,17.88,0.2,11/1/2016,Active,1
XP-21865,Xylona Preis,Consumer,Central,Michigan,Westland,1,708.62,183.55,0.012,1/20/2014,Active,1
XP-21865,Xylona Preis,Consumer,Central,Texas,Pasadena,1,212.99,-22.79,0.2,11/14/2017,Active,1
XP-21865,Xylona Preis,Consumer,East,Massachusetts,Everett,1,50.94,14.26,0.0,11/17/2017,Active,1
XP-21865,Xylona Preis,Consumer,East,New Jersey,Belleville,1,150.18,72.09,0.0,10/6/2017,Active,1
XP-21865,Xylona Preis,Consumer,South,Florida,Hollywood,1,337.09,16.85,0.2,9/28/2014,Active,1
XP-21865,Xylona Preis,Consumer,South,Georgia,Athens,1,186.54,41.04,0.0,8/26/2016,Active,1
XP-21865,Xylona Preis,Consumer,West,California,Chico,1,54.17,24.44,0.0,12/12/2015,Active,1
XP-21865,Xylona Preis,Consumer,West,California,Los Angeles,2,596.93,271.99,0.05,11/3/2016,Active,1
XP-21865,Xylona Preis,Consumer,West,California,San Diego,1,9.09,1.91,0.0,10/6/2014,Active,1
YC-21895,Yoseph Carroll,Corporate,Central,Nebraska,Fremont,1,750.68,37.53,0.0,12/26/2017,Active,1
YC-21895,Yoseph Carroll,Corporate,Central,Texas,Dallas,1,371.5,52.27,0.2,9/6/2016,Active,1
YC-21895,Yoseph Carroll,Corporate,East,Delaware,Newark,1,3116.49,833.76,0.0,11/17/2014,Active,1
YC-21895,Yoseph Carroll,Corporate,West,California,Los Angeles,1,15.7,7.06,0.0,11/12/2015,Active,1
YC-21895,Yoseph Carroll,Corporate,West,California,San Francisco,1,1199.98,374.99,0.2,4/7/2016,Active,1
YS-21880,Yana Sorensen,Corporate,East,Delaware,Newark,1,465.18,120.95,0.0,1/12/2015,Active,1
YS-21880,Yana Sorensen,Corporate,South,Alabama,Montgomery,1,457.04,88.67,0.0,7/25/2015,Active,1
YS-21880,Yana Sorensen,Corporate,South,Georgia,Columbus,1,34.5,15.52,0.0,5/5/2017,Active,1
YS-21880,Yana Sorensen,Corporate,South,North Carolina,Burlington,1,9.55,1.55,0.2,7/3/2017,Active,1
YS-21880,Yana Sorensen,Corporate,West,California,Hesperia,1,436.7,-38.21,0.2,4/13/2017,Active,1
YS-21880,Yana Sorensen,Corporate,West,California,Los Angeles,1,457.96,44.56,0.0,12/8/2015,Active,1
YS-21880,Yana Sorensen,Corporate,West,California,Oakland,1,1000.02,290.01,0.0,12/21/2017,Active,1
YS-21880,Yana Sorensen,Corporate,West,Washington,Seattle,1,3859.49,1255.24,0.067,8/18/2017,Active,1
ZC-21910,Zuschuss Carroll,Consumer,Central,Illinois,Aurora,1,349.08,-79.04,0.25,4/25/2015,Active,1
ZC-21910,Zuschuss Carroll,Consumer,Central,Illinois,Chicago,1,38.98,-50.67,0.6,12/29/2014,Active,1
ZC-21910,Zuschuss Carroll,Consumer,Central,Indiana,Columbus,1,1716.16,410.21,0.0,9/13/2015,Active,1
ZC-21910,Zuschuss Carroll,Consumer,Central,Texas,Houston,2,1765.59,-1749.08,0.517,6/19/2017,Active,1
ZC-21910,Zuschuss Carroll,Consumer,East,New York,New York City,1,43.92,12.74,0.0,5/11/2017,Active,1
ZC-21910,Zuschuss Carroll,Consumer,South,Florida,Miami,1,1466.32,81.41,0.2,3/8/2016,Active,1
ZC-21910,Zuschuss Carroll,Consumer,South,North Carolina,Hickory,1,4.57,-3.81,0.7,6/11/2017,Active,1
ZC-21910,Zuschuss Carroll,Consumer,West,California,Los Angeles,1,29.69,12.22,0.0,11/6/2017,Active,1
ZC-21910,Zuschuss Carroll,Consumer,West,California,Pomona,1,910.79,-27.75,0.1,4/13/2015,Active,1
ZC-21910,Zuschuss Carroll,Consumer,West,Colorado,Aurora,1,18.13,4.28,0.367,9/28/2015,Active,1
ZC-21910,Zuschuss Carroll,Consumer,West,Oregon,Salem,1,132.71,-22.15,0.325,3/20/2016,Active,1
ZC-21910,Zuschuss Carroll,Consumer,West,Washington,Edmonds,1,1549.77,379.49,0.0,10/13/2014,Active,1
ZD-21925,Zuschuss Donatelli,Consumer,Central,Indiana,Richmond,1,331.08,146.83,0.0,4/3/2016,Active,1
ZD-21925,Zuschuss Donatelli,Consumer,South,Florida,Jacksonville,1,839.94,56.49,0.2,7/8/2016,Active,1
ZD-21925,Zuschuss Donatelli,Consumer,South,Tennessee,Chattanooga,1,16.72,3.34,0.2,5/5/2016,Active,1
ZD-21925,Zuschuss Donatelli,Consumer,West,California,Los Angeles,1,61.44,16.59,0.0,6/11/2017,Active,1
ZD-21925,Zuschuss Donatelli,Consumer,West,California,San Francisco,1,244.76,25.88,0.133,8/27/2014,Active,1
